{"done":true,"kgrid":[13,13,13],"mixing":"KerkerMixing(0.8, 0.0)","temperature":0.01,"Ecut":35.0,"lattice":[[0.0,5.66917837387731,5.66917837387731],[5.66917837387731,0.0,5.66917837387731],[5.66917837387731,5.66917837387731,0.0]],"n_electr":49,"n_bands":59,"α":[0.8,0.8,0.8,1.0,1.0,1.0,0.15456464249611868,0.2398793117747664,0.5,1.0,1.0,1.0,0.125,0.125,0.5,0.8305647861334375,1.0,1.0,1.0,1.0,1.0,1.0,1.0,1.0,1.0],"energies":[-268.35331617513975,-270.91605187897835,-296.2161715867678,-300.46542934814994,-301.1241312935405,-302.0609973789341,-302.209056844777,-302.23382869425296,-302.2392474536727,-302.24311810928316,-302.245459545756,-302.24782524903003,-302.24784288946523,-302.24781177397034,-302.2494229495246,-302.2496471491765,-302.24987976311803,-302.2498873451455,-302.24989205813574,-302.24989355117253,-302.2498936492861,-302.2498936532345,-302.24989365388996,-302.2498936539035,-302.2498936539045],"residuals":[490.54948373577537,676.5156377095857,253.78835006506222,136.09737912174054,106.85097435034845,41.0928041618749,14.621157384667002,5.4512210369664675,2.3892750455632896,2.7228574139221715,2.1294845821060675,0.7778779902920114,0.9021624992854462,1.8159892464882235,0.9102174580931192,0.6578514853446947,0.3293649880399453,0.13646854310913542,0.11291153539407718,0.01159980559968465,0.006115829572899149,0.0016084680506239658,0.00026476061062724897,0.00013262441281383061,8.450306347965964e-6],"smearing":"DFTK.Smearing.Gaussian()","ndiag":[1,1,1,1,1,1,2,2,1,1,1,1,2,2,1,1,1,1,1,1,1,1,1,1,1],"fft_size":[45,45,45],"kwargs":"Base.Iterators.Pairs{Union{}, Union{}, Tuple{}, NamedTuple{(), Tuple{}}}()","n_kirred":280,"damping":"DFTK.AdaptiveDamping(0.125, 1.0, 0.8, 0.5, 1.1, 0.1)","type":"potmix"}