{"done":true,"kgrid":[13,13,13],"mixing":"KerkerMixing(0.8, 0.0)","temperature":0.01,"Ecut":35.0,"lattice":[[0.0,5.66917837387731,5.66917837387731],[5.66917837387731,0.0,5.66917837387731],[5.66917837387731,5.66917837387731,0.0]],"n_electr":49,"n_bands":59,"α":[0.8,0.8,0.8,1.0,1.0,1.0,0.15456465288578192,0.09342035879318152,0.0623961825124085,0.05,-0.07706450137161619,0.05,0.05,0.2,0.2,0.3447462234926575,0.4098919586749823,0.4098919586749823,0.4098919586749823,0.6192643674937984,0.6192643674937984,1.0,1.0,1.0,1.0,1.0,0.5,0.5,0.25],"energies":[-268.35331617513975,-270.91605203324445,-296.2161714751251,-300.46542993892746,-301.1241311201853,-302.0609973966322,-302.20905683696895,-302.2331160661981,-302.2339717671231,-302.2329471707255,-302.234499061151,-302.22997543357,-302.2344388132053,-302.23462508967646,-302.235070339453,-302.2354708979343,-302.23538035618583,-302.23538040799,-302.23539422303776,-302.23539444968344,-302.2353996995789,-302.2354049660644,-302.23540556211856,-302.2354055793357,-302.2354055926719,-302.2354055922937,-302.2354055924592,-302.23540559303274,-302.2354055930307],"residuals":[490.5494837357715,676.5156359585555,253.7883508538726,136.09735812670587,106.85098204767701,41.09279932124963,14.621156679606125,5.535983160321262,4.241559616504498,5.7040257157760195,4.009144636735046,7.692123788698766,3.702819170012671,2.6708214463355304,2.1435102585875887,0.7119672623956738,0.697114980391551,0.5344690172856094,0.18375549596254293,0.22589797137730158,0.09290870272657417,0.01361842235602309,0.015637430443847213,0.012560232635590605,0.0019681779696562748,0.0006821673660863725,0.0006610768640302951,5.012451180535124e-5,7.19953633150165e-5],"smearing":"DFTK.Smearing.Gaussian()","ndiag":[1,1,1,1,1,1,2,2,2,2,2,2,2,1,1,1,1,1,1,1,1,1,1,1,1,1,2,1,2],"fft_size":[45,45,45],"kwargs":"Base.Iterators.Pairs{Union{}, Union{}, Tuple{}, NamedTuple{(), Tuple{}}}()","n_kirred":280,"damping":"DFTK.AdaptiveDamping(0.05, 1.0, 0.8, 0.2, 1.1, 0.1)","type":"potmix"}