{"done":true,"kgrid":[13,13,13],"use_diis":[false,false,false,false,false,false,false,false,false,false,false,false,false,false,false,false,false,false,false,false,false,false,false,false,false,false],"mixing":"KerkerMixing(0.8, 0.0)","temperature":0.01,"Ecut":35.0,"lattice":[[0.0,5.66917837387731,5.66917837387731],[5.66917837387731,0.0,5.66917837387731],[5.66917837387731,5.66917837387731,0.0]],"n_electr":49,"n_bands":59,"α":[0.7,0.7,0.7,0.7,0.7,0.7,0.7,0.7,0.7,0.7,0.7,0.7,0.7,0.7,0.7,0.7,0.7,0.7,0.7,0.7,0.7,0.7,0.7,0.7,0.7,0.7],"energies":[-268.3533161751397,-277.3433601437507,-296.949475245801,-299.4192332597967,-301.83918100569684,-301.20871948160436,-299.85477238070274,-302.1875630548663,-302.2360176411372,-302.24426681929987,-302.2469032545396,-302.2473599047852,-302.24766105489414,-302.2483092306838,-302.2494726628628,-302.24984741031665,-302.2498724545393,-302.24988995812873,-302.2498930714672,-302.2498936407654,-302.2498936518596,-302.24989365352207,-302.2498936538635,-302.2498936535014,-302.249893653905,-302.2498936539057],"residuals":[490.5494837357756,611.768337477675,241.00762369043093,172.6868124139978,67.47796986037358,109.03556340345901,164.25734622435448,25.29739471135768,9.310640428150435,2.9645469349053934,0.7980690454647904,1.2318250426152404,2.9469006986497592,4.256956530044727,1.9851864510771078,0.7122158342043764,0.22305589702651157,0.11952417927629397,0.0350233127385842,0.0029524958914753335,0.0016596945813076751,0.0014724585339007533,0.00026335506081361104,0.0006086695579557821,3.313981426137297e-5,9.285848628794325e-6],"smearing":"DFTK.Smearing.Gaussian()","ndiag":[1,1,1,1,1,1,1,1,1,1,1,1,1,1,1,1,1,1,1,1,1,1,1,1,1,1],"fft_size":[45,45,45],"kwargs":"Base.Iterators.Pairs{Union{}, Union{}, Tuple{}, NamedTuple{(), Tuple{}}}()","n_kirred":280,"damping":"DFTK.FixedDamping(0.7)","type":"potmix"}