{"done":true,"kgrid":[13,13,13],"use_diis":[false,false,false,false,false,false,false,false,false,false,false,false,false,false,false,false,false,false,false,false,false,false,false,false,false,false,false,false,false,false,false,false,false,false,false,false,false],"mixing":"KerkerMixing(0.8, 0.0)","temperature":0.01,"Ecut":35.0,"lattice":[[0.0,5.66917837387731,5.66917837387731],[5.66917837387731,0.0,5.66917837387731],[5.66917837387731,5.66917837387731,0.0]],"n_electr":49,"n_bands":59,"α":[0.5,0.5,0.5,0.5,0.5,0.5,0.5,0.5,0.5,0.5,0.5,0.5,0.5,0.5,0.5,0.5,0.5,0.5,0.5,0.5,0.5,0.5,0.5,0.5,0.5,0.5,0.5,0.5,0.5,0.5,0.5,0.5,0.5,0.5,0.5,0.5,0.5],"energies":[-268.3533161751397,-285.0447163003139,-299.2445813263385,-294.760722812225,-301.71713172791436,-301.16813574323953,-302.085172887802,-302.2418590976262,-302.2387725490722,-302.24530262167616,-302.2457744396814,-302.2468770822452,-302.2465515773929,-302.24858272381437,-302.24969127989203,-302.2492731811775,-302.2498272267893,-302.2498864617055,-302.2498898613825,-302.24989362910264,-302.24989361704485,-302.24989360074915,-302.24989364071547,-302.2498936275003,-302.2498936514216,-302.24989365191266,-302.24989365241066,-302.24989365266447,-302.2498936527412,-302.2498936529535,-302.2498936531092,-302.2498936532576,-302.2498936532457,-302.2498936535855,-302.2498936536076,-302.2498936536564,-302.2498936536525],"residuals":[490.5494837357756,502.2778230636641,192.34709217417225,285.42500509048017,78.3869462010454,115.61003160012986,43.4359817100876,4.949402484528671,8.006609493351842,1.8217950022452931,1.3202884771249226,2.8226667657037585,2.601771595958098,3.34764660238362,0.6571572443109531,1.9695756153312711,0.2886875116669373,0.22100344525506826,0.15191864471342056,0.01006357562071904,0.009052630887434191,0.012558410009649456,0.006709824231223116,0.007551114625573359,0.001116292995929819,0.0008900300943344605,0.0007164057997681461,0.0005172205509625027,0.0004875722453648857,0.0006043318075994388,0.0004863255504339689,0.00039503106686416867,0.0002632806252124553,0.0004395523770921415,0.0003112973592568953,0.0003657328601721557,0.00039288452477158445],"smearing":"DFTK.Smearing.Gaussian()","ndiag":[1,1,1,1,1,1,1,1,1,1,1,1,1,1,1,1,1,1,1,1,1,1,1,1,1,1,1,1,1,1,1,1,1,1,1,1,1],"fft_size":[45,45,45],"kwargs":"Base.Iterators.Pairs{Union{}, Union{}, Tuple{}, NamedTuple{(), Tuple{}}}()","n_kirred":280,"damping":"DFTK.FixedDamping(0.5)","type":"potmix"}