{"done":true,"kgrid":[13,13,13],"mixing":"KerkerMixing(0.8, 0.0)","temperature":0.01,"Ecut":35.0,"lattice":[[0.0,5.66917837387731,5.66917837387731],[5.66917837387731,0.0,5.66917837387731],[5.66917837387731,5.66917837387731,0.0]],"n_electr":49,"n_bands":59,"α":[0.9,0.9,0.9,0.9,0.9,0.9,0.9,0.9,0.9,0.9,0.9,0.9,0.9,0.9,0.9,0.9,0.9,0.9,0.9,0.9,0.9,0.9,0.9,0.9,0.9],"energies":[-268.35331617513975,-260.7552321394322,-295.7865427460764,-301.42923969152935,-301.2052783489077,-302.1484070284334,-300.0853087630312,-302.1481659171339,-302.23910007853044,-302.23433588451644,-302.2376262622219,-302.24746204104554,-302.2483643212779,-302.2491818917882,-302.2490684556313,-302.24982767608276,-302.2498627699242,-302.24989174862503,-302.2498933477905,-302.2498936352383,-302.24989365200423,-302.2498936525769,-302.24989365390064,-302.2498936538974,-302.24989365389325],"residuals":[490.54948373577514,756.9832528550238,259.24916907708,93.04525899016484,101.5903801102513,34.451664899590554,160.09670673878648,30.92996003505103,5.537497146794676,9.99549569436211,9.832095093465076,2.50033274565993,1.379285099298915,2.646789989009545,3.187160869406894,0.5152884419510171,0.5637489454906149,0.14865432010149707,0.04546153979829963,0.010355856263757252,0.0042481964328515195,0.002154517663853387,0.00011667580075844774,0.00015317827265252484,0.00011877261630075694],"smearing":"DFTK.Smearing.Gaussian()","ndiag":[1,1,1,1,1,1,1,1,1,1,1,1,1,1,1,1,1,1,1,1,1,1,1,1,1],"fft_size":[45,45,45],"kwargs":"Base.Iterators.Pairs{Union{}, Union{}, Tuple{}, NamedTuple{(), Tuple{}}}()","n_kirred":280,"damping":"DFTK.FixedDamping(0.9)","type":"potmix"}