{"done":true,"kgrid":[13,13,13],"use_diis":[false,false,false,false,false,false,false,false,false,false,false,false,false,false,false,false,false,false,false,false,false,false,false],"mixing":"KerkerMixing(0.8, 0.0)","temperature":0.01,"Ecut":35.0,"lattice":[[0.0,5.66917837387731,5.66917837387731],[5.66917837387731,0.0,5.66917837387731],[5.66917837387731,5.66917837387731,0.0]],"n_electr":49,"n_bands":59,"α":[0.8,0.8,0.8,0.8,0.8,0.8,0.8,0.8,0.8,0.8,0.8,0.8,0.8,0.8,0.8,0.8,0.8,0.8,0.8,0.8,0.8,0.8,0.8],"energies":[-268.3533161751397,-270.9160519808924,-296.2161715946777,-301.0021908573266,-301.4927524278638,-301.9197508032699,-293.52808249114054,-302.2366202422039,-302.2387307141327,-302.24272733590504,-302.24388747751766,-302.2479695161889,-302.24879006060945,-302.2494630985976,-302.24973465500955,-302.2498312068376,-302.2498902741725,-302.2498902867355,-302.24989353384774,-302.24989365099077,-302.2498936537941,-302.24989365390223,-302.2498936539053],"residuals":[490.5494837357756,676.5156379278251,253.78834822851726,113.93491537737104,87.50386525969496,57.92952730488458,310.6935640212184,6.9123136747936185,6.850412979423759,5.291455812323292,6.46199428014346,1.359874979670666,1.2655768072433196,1.9979312821012538,1.2999379670708175,0.6079542178005816,0.17737525429343287,0.1079161893272621,0.01906861100374844,0.003754696018856676,0.00038120064328763534,9.924764203067657e-5,4.510375286259823e-5],"smearing":"DFTK.Smearing.Gaussian()","ndiag":[1,1,1,1,1,1,1,1,1,1,1,1,1,1,1,1,1,1,1,1,1,1,1],"fft_size":[45,45,45],"kwargs":"Base.Iterators.Pairs{Union{}, Union{}, Tuple{}, NamedTuple{(), Tuple{}}}()","n_kirred":280,"damping":"DFTK.FixedDamping(0.8)","type":"potmix"}