{"done":true,"kgrid":[13,13,13],"use_diis":[false,false,false,false,false,false,false,false,false,false,false,false,false,false,false,false,false,false,false,false,false,false,false,false,false],"mixing":"KerkerMixing(0.8, 0.0)","temperature":0.01,"Ecut":35.0,"lattice":[[0.0,5.66917837387731,5.66917837387731],[5.66917837387731,0.0,5.66917837387731],[5.66917837387731,5.66917837387731,0.0]],"n_electr":49,"n_bands":59,"α":[0.6,0.6,0.6,0.6,0.6,0.6,0.6,0.6,0.6,0.6,0.6,0.6,0.6,0.6,0.6,0.6,0.6,0.6,0.6,0.6,0.6,0.6,0.6,0.6,0.6],"energies":[-268.3533161751397,-281.65476183795107,-297.9772884921496,-296.64035259247066,-301.8995222640519,-301.1609867191371,-302.10926295669367,-302.2191502451463,-302.24136130458555,-302.2448741532823,-302.24668245759625,-302.2478250747217,-302.24847886833885,-302.2497295666569,-302.2498674894162,-302.249757620578,-302.24988869326967,-302.24988971370857,-302.2498936414953,-302.249893633543,-302.24989365183893,-302.2498936536113,-302.24989365292123,-302.2498936538968,-302.2498936538967],"residuals":[490.5494837357756,555.9722798985912,220.88149031622115,245.297323002832,64.6637105193399,114.1140661440216,38.7150042807379,16.636468521137218,6.794188472256516,3.9105231710682826,0.6469707558192369,1.8367582191597254,3.663553234073948,0.6802189705942067,0.33478590449876633,0.6382654524585035,0.218905306929395,0.15231329119328937,0.011329751304955333,0.012404625990830045,0.0035040668060272707,0.0011043972920509065,0.0006254714486932956,9.19198517782788e-5,3.969895175111963e-5],"smearing":"DFTK.Smearing.Gaussian()","ndiag":[1,1,1,1,1,1,1,1,1,1,1,1,1,1,1,1,1,1,1,1,1,1,1,1,1],"fft_size":[45,45,45],"kwargs":"Base.Iterators.Pairs{Union{}, Union{}, Tuple{}, NamedTuple{(), Tuple{}}}()","n_kirred":280,"damping":"DFTK.FixedDamping(0.6)","type":"potmix"}