{"done":true,"kgrid":[13,13,13],"use_diis":[false,false,false,false,false,false,false,false,false,false,false,false,false,false,false,false,false,false,false,false,false,false,false,false,false,false,false,false,false,false,false,false,false,false,false,false,false,false,false,false,false,false,false,false,false,false,false,false,false,false,false,false,false,false,false,false,false,false,false,false,false,false,false,false,false,false,false,false,false,false,false,false,false,false,false,false,false,false,false,false,false,false,false,false,false,false,false,false,false,false,false,false,false,false,false,false,false,false,false],"mixing":"KerkerMixing(0.8, 0.0)","temperature":0.01,"Ecut":35.0,"lattice":[[0.0,5.66917837387731,5.66917837387731],[5.66917837387731,0.0,5.66917837387731],[5.66917837387731,5.66917837387731,0.0]],"n_electr":49,"n_bands":59,"α":[0.2,0.2,0.2,0.2,0.2,0.2,0.2,0.2,0.2,0.2,0.2,0.2,0.2,0.2,0.2,0.2,0.2,0.2,0.2,0.2,0.2,0.2,0.2,0.2,0.2,0.2,0.2,0.2,0.2,0.2,0.2,0.2,0.2,0.2,0.2,0.2,0.2,0.2,0.2,0.2,0.2,0.2,0.2,0.2,0.2,0.2,0.2,0.2,0.2,0.2,0.2,0.2,0.2,0.2,0.2,0.2,0.2,0.2,0.2,0.2,0.2,0.2,0.2,0.2,0.2,0.2,0.2,0.2,0.2,0.2,0.2,0.2,0.2,0.2,0.2,0.2,0.2,0.2,0.2,0.2,0.2,0.2,0.2,0.2,0.2,0.2,0.2,0.2,0.2,0.2,0.2,0.2,0.2,0.2,0.2,0.2,0.2,0.2,0.2],"energies":[-268.3533161751397,-296.2903849374111,-299.73972768488363,-300.370690106876,-302.1081907538362,-301.7272028452709,-302.17721635847806,-302.18404468717284,-302.22837099190536,-302.235373142363,-302.2394216217483,-302.2395147506729,-302.24244922101065,-302.24193001599133,-302.24324704196493,-302.2448817593842,-302.24481911117965,-302.2453795384252,-302.2460060304124,-302.24519544971616,-302.23815566566765,-302.2482492249349,-302.24899430680324,-302.2496820202125,-302.2497896310762,-302.24980288257973,-302.2497184321562,-302.2497815850862,-302.24965309250274,-302.249860543013,-302.2498627786574,-302.2498571375438,-302.2498589694985,-302.24986149020344,-302.2498585868757,-302.24986297796687,-302.2498676832273,-302.2498592643346,-302.2498607184659,-302.2498682952882,-302.249872489902,-302.2498740971704,-302.2498755355497,-302.24987147189785,-302.24987115102095,-302.2498707553751,-302.2498767725611,-302.24987623651145,-302.24987640678887,-302.24987832021395,-302.24987890741926,-302.2498816804569,-302.249879564845,-302.24988090583815,-302.24988483815827,-302.2498794595556,-302.2498821555725,-302.2498772871373,-302.2498779780009,-302.2498796095867,-302.2498848643381,-302.24988590007837,-302.24988627073077,-302.2498876974054,-302.24988706758194,-302.2498871239042,-302.2498872898536,-302.2498873999147,-302.24988757378276,-302.24988639084097,-302.2498863617621,-302.24988701999894,-302.2498867645145,-302.249887550315,-302.2498881043586,-302.24988914129665,-302.24988986673304,-302.2498888574225,-302.2498887663793,-302.24988872022,-302.249888655383,-302.2498898579377,-302.24989024677774,-302.2498897975112,-302.24989037976457,-302.2498904180501,-302.249890869014,-302.2498897822827,-302.24989038409154,-302.24989019824403,-302.24989104352096,-302.24989127219993,-302.24989114358004,-302.24989146695754,-302.2498914164794,-302.2498915068456,-302.24989117319063,-302.24989142768425,-302.24989159457425],"residuals":[490.5494837357756,233.53685256092993,162.16734530126604,144.87899240874177,35.50033591692549,79.27125972428023,20.53442594584066,23.300331262389246,5.160659079650393,2.7731751238670053,3.1563660016546993,4.357951459078612,1.3494268723403502,1.5671477056693999,2.786307338806327,1.511250749131638,2.001305735003338,4.286853266096787,4.511211165216417,5.275818081955562,11.016981592447735,1.4360243026949637,1.594356095475731,1.1926396298339883,0.9463531209168673,0.6983909257229682,0.3815462405772923,0.1946544706115132,0.45159771170481894,0.13006439626657648,0.16942826400875102,0.1745252151306077,0.17106182854201177,0.10308057197030122,0.06242006110715201,0.08051081220447082,0.24882283488658247,0.33626525344933705,0.32522169356373576,0.2815175211531806,0.03716717841932321,0.08443584297666308,0.06117259072166201,0.14190973268178508,0.14114010027700777,0.1618148081463153,0.11361970112728195,0.10952338544307402,0.13928536718908666,0.14112757589714472,0.15830077909581913,0.10504361240005887,0.17770885409977444,0.1810694865456307,0.05316416619012239,0.15947980396148526,0.13005591943995212,0.20201607806176666,0.19519207623353255,0.19109401884688926,0.06150455204870812,0.05332515237437695,0.05737683544424446,0.054454588293306794,0.013009161541567156,0.012592320573558836,0.07138745705051187,0.0579815687071512,0.03723469617273068,0.05205828069039918,0.07695404790450044,0.0346895184509837,0.019791053502941015,0.04392250323595981,0.09041478324114316,0.03456505142934689,0.03795422831943122,0.04956681988454451,0.07872568869146032,0.07578143599299747,0.07368417088723524,0.049205807995790274,0.017596729435891287,0.04536203187480442,0.03537963060161141,0.06404815329055168,0.02475783501344853,0.004924678948619662,0.031780961900961684,0.047909255573385746,0.038742616407263446,0.03524553557799691,0.03850478972050017,0.03911884387891868,0.03692689857316531,0.0318403244503387,0.05286527168112559,0.05426695529907681,0.03812345848499589],"smearing":"DFTK.Smearing.Gaussian()","ndiag":[1,1,1,1,1,1,1,1,1,1,1,1,1,1,1,1,1,1,1,1,1,1,1,1,1,1,1,1,1,1,1,1,1,1,1,1,1,1,1,1,1,1,1,1,1,1,1,1,1,1,1,1,1,1,1,1,1,1,1,1,1,1,1,1,1,1,1,1,1,1,1,1,1,1,1,1,1,1,1,1,1,1,1,1,1,1,1,1,1,1,1,1,1,1,1,1,1,1,1],"fft_size":[45,45,45],"kwargs":"Base.Iterators.Pairs{Union{}, Union{}, Tuple{}, NamedTuple{(), Tuple{}}}()","n_kirred":280,"damping":"DFTK.FixedDamping(0.2)","type":"potmix"}