{"done":true,"kgrid":[13,13,13],"mixing":"KerkerMixing(0.8, 0.0)","temperature":0.01,"Ecut":35.0,"lattice":[[0.0,5.66917837387731,5.66917837387731],[5.66917837387731,0.0,5.66917837387731],[5.66917837387731,5.66917837387731,0.0]],"n_electr":49,"n_bands":59,"α":[0.1,0.1,0.1,0.1,0.1,0.1,0.1,0.1,0.1,0.1,0.1,0.1,0.1,0.1,0.1,0.1,0.1,0.1,0.1,0.1,0.1,0.1,0.1,0.1,0.1,0.1,0.1,0.1,0.1,0.1,0.1,0.1,0.1,0.1,0.1,0.1,0.1,0.1,0.1,0.1,0.1,0.1,0.1,0.1,0.1,0.1,0.1,0.1,0.1,0.1,0.1,0.1,0.1,0.1,0.1,0.1,0.1,0.1,0.1,0.1,0.1,0.1,0.1,0.1,0.1,0.1,0.1,0.1,0.1,0.1,0.1,0.1,0.1,0.1,0.1,0.1,0.1,0.1,0.1,0.1,0.1,0.1,0.1,0.1,0.1,0.1,0.1,0.1,0.1,0.1,0.1,0.1,0.1,0.1,0.1,0.1,0.1,0.1,0.1],"energies":[-268.35331617513975,-286.88756021705257,-295.9454199468533,-299.70777485423747,-301.63393396010883,-302.1048405628869,-302.0405374759422,-301.97319628427994,-302.16803892480516,-302.217028885344,-302.21958855054436,-302.22621209420026,-302.20557617701024,-302.23962266442095,-302.2410682809753,-302.2402190611826,-302.2391948914296,-302.24306555360175,-302.2424170172553,-302.2422343651374,-302.24168234893676,-302.2426573658128,-302.24333330231,-302.24670065350745,-302.2476835782219,-302.2487943060955,-302.24776542263544,-302.2472463735754,-302.24788686171644,-302.2476217508826,-302.24757074639393,-302.24761560205616,-302.24765842228254,-302.24753057180004,-302.24776093494705,-302.2479121033896,-302.24816761302617,-302.24816805654655,-302.2480169701104,-302.2482455511345,-302.24779400398376,-302.24790198922676,-302.24806537563245,-302.248211496219,-302.2481895900938,-302.2483757019629,-302.24866318295875,-302.24870860075754,-302.24869179138466,-302.2487530238576,-302.2487186159039,-302.2487723069273,-302.2487471296052,-302.2488293248766,-302.2488786150876,-302.24893981345775,-302.2490004776632,-302.24900711707477,-302.2490007773886,-302.24903833281473,-302.2490580513425,-302.24912862436014,-302.24915029698593,-302.24915120684864,-302.249113859436,-302.24923708337144,-302.24918160473595,-302.24926219569863,-302.2492788650929,-302.2492768127821,-302.2492695085581,-302.2493024296975,-302.2493619313824,-302.2492896521993,-302.24933633954424,-302.2493554251038,-302.24936396585014,-302.2494652251027,-302.24946673078125,-302.2494162901054,-302.2494161899222,-302.2494057537512,-302.2493701704275,-302.2494230135699,-302.2494170512595,-302.24943520331294,-302.24940533915617,-302.24943617883974,-302.249429082261,-302.2494247298455,-302.24945085026064,-302.2494307017479,-302.24945965293836,-302.2494609729524,-302.249480917286,-302.24955021120866,-302.24952010012987,-302.24952403220954,-302.249589601851],"residuals":[490.5494837357751,308.78603121270083,222.03179519546117,147.54638018975814,71.86311862325742,38.759511295888046,46.91445438777098,52.40615624330472,26.383778685538836,8.52383131384383,8.701994077939371,11.151942056834065,19.33556018727795,3.603441243974087,3.786989384540753,4.604782223307886,5.502108767597603,3.469165569589985,3.905681817157804,6.499475635433704,6.948842507927663,6.543982677832614,6.359297989289646,4.14491709811737,1.5939746989486019,0.8419591001318448,1.2453303396562907,1.7343757791100656,0.17490510589945027,0.19186388611122376,0.8675568739360864,0.09875360564057807,0.05794633242603995,0.22027037101778346,0.4615128010286339,0.6836068477336401,0.5161497501274632,0.60869395667923,0.5762079420197749,1.0392715295169057,0.9520129112225693,0.6041462428149686,0.6910053935881553,0.8495044816207747,1.0892015410373093,1.0878916322008303,0.7621327761345295,0.8684529209389282,0.6658116449399964,0.8405743192738554,0.9327433312201425,0.6203119762251441,0.48060023244374617,0.43022228212189445,0.3595775920364298,0.32461924443407325,0.39770997768982685,0.4075736316426252,0.4676240716748639,0.3586060745248325,0.4505406423949327,0.27683008765267764,0.5702444120328912,0.7662515601701672,0.5135559407784831,0.6382816248098747,0.6041401636254875,0.5656571459163803,0.6538505254636205,0.65425450800341,0.595857897783212,0.6853984236097185,0.6055261107469387,0.5127056482460468,0.44327200090182906,0.6140639857746522,0.214641755704645,0.3178545215706629,0.5265243083957626,0.32037381858673275,0.5460801023777522,0.4993380209291066,0.505172441269059,0.43137278508121324,0.4382303321925168,0.6036586262563765,0.5507908345415109,0.6669643304945544,0.5679355264594078,0.5372365257001025,0.8083674207169524,0.8577698585179717,0.7291526934522815,0.6216291601950522,0.7411981510521569,0.43626343886951285,0.45495049438657476,0.5291495875747082,0.3966717604865725],"smearing":"DFTK.Smearing.Gaussian()","ndiag":[1,1,1,1,1,1,1,1,1,1,1,1,1,1,1,1,1,1,1,1,1,1,1,1,1,1,1,1,1,1,1,1,1,1,1,1,1,1,1,1,1,1,1,1,1,1,1,1,1,1,1,1,1,1,1,1,1,1,1,1,1,1,1,1,1,1,1,1,1,1,1,1,1,1,1,1,1,1,1,1,1,1,1,1,1,1,1,1,1,1,1,1,1,1,1,1,1,1,1],"fft_size":[45,45,45],"kwargs":"Base.Iterators.Pairs{Union{}, Union{}, Tuple{}, NamedTuple{(), Tuple{}}}()","n_kirred":280,"damping":"DFTK.FixedDamping(0.1)","type":"potmix"}