{"done":true,"kgrid":[13,13,13],"mixing":"KerkerMixing(0.8, 0.0)","temperature":0.01,"Ecut":35.0,"lattice":[[0.0,5.66917837387731,5.66917837387731],[5.66917837387731,0.0,5.66917837387731],[5.66917837387731,5.66917837387731,0.0]],"n_electr":49,"n_bands":59,"α":[1.0,1.0,1.0,1.0,1.0,1.0,1.0,1.0,1.0,1.0,1.0,1.0,1.0,1.0,1.0,1.0,1.0,1.0,1.0,1.0,1.0,1.0,1.0,1.0,1.0],"energies":[-268.35331617513975,-244.37961318482203,-295.6625236085508,-300.88256945221195,-301.4643860680606,-301.769362885709,-300.3040213776299,-302.14357417262397,-302.2336794016249,-302.23369652314534,-302.2245884652842,-302.2179944025494,-302.2254216437551,-302.23556147836274,-302.23548631545407,-302.235403868627,-302.2354037154961,-302.23540539078294,-302.23540536033227,-302.23540547108763,-302.2354055858481,-302.2354055926501,-302.2354055930308,-302.23540559305303,-302.23540559305445],"residuals":[490.54948373577514,863.527906434872,255.93011405247725,121.53363468141019,86.53614795232839,74.65098366497827,150.19214827929892,30.34104331450846,6.548350063359123,7.70493181931381,11.429507995252354,14.660488555891455,11.006483801067963,1.8607606537044437,0.5880151091792492,0.12498385462235567,0.1956773348604676,0.11240225342496858,0.03024023626291464,0.007006462814624043,0.00977497230877773,0.001465036736454585,0.0003952652321526439,0.0001327189846852162,2.0384133667954567e-5],"smearing":"DFTK.Smearing.Gaussian()","ndiag":[1,1,1,1,1,1,1,1,1,1,1,1,1,1,1,1,1,1,1,1,1,1,1,1,1],"fft_size":[45,45,45],"kwargs":"Base.Iterators.Pairs{Union{}, Union{}, Tuple{}, NamedTuple{(), Tuple{}}}()","n_kirred":280,"damping":"DFTK.FixedDamping(1.0)","type":"potmix"}