{"done":true,"kgrid":[13,13,13],"use_diis":[false,false,false,false,false,false,false,false,false,false,false,false,false,false,false,false,false,false,false,false,false,false,false,false,false,false,false,false,false,false,false,false,false,false,false,false,false,false,false,false,false,false,false,false,false,false,false,false,false,false,false,false,false,false,false,false,false,false,false,false,false,false,false,false,false,false,false,false,false,false,false,false,false,false,false,false,false,false,false,false,false,false,false,false,false,false,false,false,false,false,false,false,false,false,false,false,false,false,false],"mixing":"KerkerMixing(0.8, 0.0)","temperature":0.01,"Ecut":35.0,"lattice":[[0.0,5.66917837387731,5.66917837387731],[5.66917837387731,0.0,5.66917837387731],[5.66917837387731,5.66917837387731,0.0]],"n_electr":49,"n_bands":59,"α":[0.4,0.4,0.4,0.4,0.4,0.4,0.4,0.4,0.4,0.4,0.4,0.4,0.4,0.4,0.4,0.4,0.4,0.4,0.4,0.4,0.4,0.4,0.4,0.4,0.4,0.4,0.4,0.4,0.4,0.4,0.4,0.4,0.4,0.4,0.4,0.4,0.4,0.4,0.4,0.4,0.4,0.4,0.4,0.4,0.4,0.4,0.4,0.4,0.4,0.4,0.4,0.4,0.4,0.4,0.4,0.4,0.4,0.4,0.4,0.4,0.4,0.4,0.4,0.4,0.4,0.4,0.4,0.4,0.4,0.4,0.4,0.4,0.4,0.4,0.4,0.4,0.4,0.4,0.4,0.4,0.4,0.4,0.4,0.4,0.4,0.4,0.4,0.4,0.4,0.4,0.4,0.4,0.4,0.4,0.4,0.4,0.4,0.4,0.4],"energies":[-268.3533161751397,-289.2147277045669,-300.39878580565346,-295.83267099866094,-302.12643425355077,-301.19820360658116,-301.9612036445917,-302.2330878388477,-302.24274652000827,-302.2402505952587,-302.24397261422274,-302.24402335940755,-302.24612433481894,-302.24162418250364,-302.24490431319487,-302.24171226117994,-302.1624371633372,-302.2110732054242,-302.2121559012693,-302.2357918341437,-302.2366049244149,-302.2436840231418,-302.24531312265685,-302.242385206765,-302.24395781912824,-302.24440392089565,-302.244626800572,-302.2449074295438,-302.2448055745674,-302.2446724150672,-302.2454253214352,-302.2449161738369,-302.2446461625509,-302.2443366037724,-302.24548139586364,-302.245166815713,-302.24616159777565,-302.2460444526587,-302.24628197489676,-302.2459499946344,-302.24520703594226,-302.24711862849506,-302.247056785978,-302.24708137450443,-302.2469627869526,-302.24699016353514,-302.2467972432087,-302.24700704398975,-302.24724024990167,-302.2471300445028,-302.2471914758458,-302.24726096332034,-302.24730539586477,-302.24727126678476,-302.2473325546174,-302.24749307283594,-302.2474858431467,-302.2474528013028,-302.24745793289446,-302.2474231720938,-302.2475565284564,-302.24753306309276,-302.24751044748695,-302.2475545008954,-302.24750875572585,-302.24736763827764,-302.2475538995875,-302.2471334659344,-302.247028646554,-302.2474416617135,-302.2474397098478,-302.2473491258716,-302.24772417558995,-302.24780063104623,-302.24734669165207,-302.2473096386827,-302.2477823954718,-302.24788755267645,-302.247953903704,-302.2480844718573,-302.2481190195657,-302.24804222653046,-302.24817048059765,-302.24828787021505,-302.24832458315785,-302.24830043395986,-302.2483520255172,-302.2483749153481,-302.2483338039483,-302.24858329494276,-302.2486449842125,-302.2485361184181,-302.24861416387347,-302.2485003277349,-302.2486529012535,-302.2485321451913,-302.2483958787783,-302.24807062235016,-302.24847440099524],"residuals":[490.5494837357756,432.7862929780166,159.2686795629445,274.50172432061373,38.641585373244226,104.08781204980174,57.35644151180176,10.547023796008727,2.4012051686252844,6.693255829231254,3.4587554676433108,3.706405753019622,2.1166064484970994,4.165753759476548,3.6930366902246274,3.1082944649810273,21.65054001768791,17.86122827449942,17.816618943959487,5.604879027738319,4.503757437549436,1.5983113752524203,0.7893950057834421,0.8902080018747908,0.7786979119962903,1.0356960881311768,0.981082830523098,1.0189866207045197,1.2004414016692566,1.183903463873601,1.3129190751349262,1.4180525791528686,1.5498587922920555,1.5745788193820558,1.2197124059725994,1.3324077448759015,0.7573742630663237,0.8444203541595385,0.6466921766226437,0.6899630177070363,1.0019958287489203,0.76463104152953,0.44162492744506604,0.47772161322482803,0.5676497635732182,0.4366627219889946,0.5742577444582291,0.4883702330339384,0.9929001429506898,1.0086991104330396,0.7345868853694217,0.684960146566705,0.6639867354542437,0.6447988482272492,0.4934889168388043,0.6236139224128073,0.8911755939064474,1.1006729622585953,0.9859760267149854,0.8895328509415031,1.0024029227415252,0.6697031215026399,0.7261619865330223,0.7444180484945245,1.4377414840036105,1.1750217135711643,2.1773088567508183,1.629867206935051,1.255045979554807,0.8893454316130657,0.6795267056190939,0.8225682505328443,0.8511881539817143,1.0082330249548324,2.727146344109917,2.724903422550187,1.0352689665420995,1.103615767436829,1.1226557368487708,0.6243719902790423,0.7103693968675158,1.154290849304159,0.28876852055591307,0.3966731428606956,0.32783902572026075,0.5566065211031553,0.26331607489446857,0.5492033263372733,0.2949471234587696,0.32696904842904695,0.323941394235132,0.4961085100560321,0.34797766481101566,0.5044781781773109,0.4773431347175385,1.1364079526308983,1.8045393912283858,2.3587452831153604,1.6918642650008222],"smearing":"DFTK.Smearing.Gaussian()","ndiag":[1,1,1,1,1,1,1,1,1,1,1,1,1,1,1,1,1,1,1,1,1,1,1,1,1,1,1,1,1,1,1,1,1,1,1,1,1,1,1,1,1,1,1,1,1,1,1,1,1,1,1,1,1,1,1,1,1,1,1,1,1,1,1,1,1,1,1,1,1,1,1,1,1,1,1,1,1,1,1,1,1,1,1,1,1,1,1,1,1,1,1,1,1,1,1,1,1,1,1],"fft_size":[45,45,45],"kwargs":"Base.Iterators.Pairs{Union{}, Union{}, Tuple{}, NamedTuple{(), Tuple{}}}()","n_kirred":280,"damping":"DFTK.FixedDamping(0.4)","type":"potmix"}