{"done":true,"kgrid":[13,13,13],"use_diis":[false,false,false,false,false,false,false,false,false,false,false,false,false,false,false,false,false,false,false,false,false,false,false,false,false,false,false,false,false,false,false,false,false,false,false,false,false,false,false,false,false,false,false,false,false,false,false,false,false,false,false,false,false,false,false,false,false,false,false,false,false,false,false,false,false,false,false,false,false,false,false,false,false,false,false,false,false,false,false,false,false,false,false,false,false,false,false,false,false,false,false,false,false,false,false,false,false,false,false],"mixing":"KerkerMixing(0.8, 0.0)","temperature":0.01,"Ecut":35.0,"lattice":[[0.0,5.66917837387731,5.66917837387731],[5.66917837387731,0.0,5.66917837387731],[5.66917837387731,5.66917837387731,0.0]],"n_electr":49,"n_bands":59,"α":[0.3,0.3,0.3,0.3,0.3,0.3,0.3,0.3,0.3,0.3,0.3,0.3,0.3,0.3,0.3,0.3,0.3,0.3,0.3,0.3,0.3,0.3,0.3,0.3,0.3,0.3,0.3,0.3,0.3,0.3,0.3,0.3,0.3,0.3,0.3,0.3,0.3,0.3,0.3,0.3,0.3,0.3,0.3,0.3,0.3,0.3,0.3,0.3,0.3,0.3,0.3,0.3,0.3,0.3,0.3,0.3,0.3,0.3,0.3,0.3,0.3,0.3,0.3,0.3,0.3,0.3,0.3,0.3,0.3,0.3,0.3,0.3,0.3,0.3,0.3,0.3,0.3,0.3,0.3,0.3,0.3,0.3,0.3,0.3,0.3,0.3,0.3,0.3,0.3,0.3,0.3,0.3,0.3,0.3,0.3,0.3,0.3,0.3,0.3],"energies":[-268.3533161751397,-295.72797352479586,-300.4503763209681,-296.8561108816453,-301.6251990589187,-301.6817302664074,-301.2251465293534,-302.2173462476757,-302.23197503359,-302.22434232553053,-302.2361432818054,-302.23736493056265,-302.23913552242794,-302.2406080633502,-302.23979283361854,-302.2450565721769,-302.24528736630737,-302.24311233162416,-302.24136607702224,-302.24121375469025,-302.24878106827964,-302.2497223493195,-302.2382306786835,-302.2485324593223,-302.24934542096764,-302.249514582829,-302.24843325256285,-302.24916903793445,-302.24914699078346,-302.24899155039907,-302.2492105372015,-302.249218966384,-302.2492597647786,-302.2493550214176,-302.24941484482645,-302.2495846531936,-302.2495734427203,-302.2495782066673,-302.2496276124952,-302.2496330994358,-302.2495812882251,-302.24939479353725,-302.24954071765086,-302.249512096555,-302.2495808760295,-302.2496048493374,-302.24967244545553,-302.24966007406584,-302.24964900657017,-302.2495878639238,-302.2497034187761,-302.24971637098815,-302.24973894723195,-302.2497633377286,-302.24976245400006,-302.2497604799573,-302.2497481113184,-302.24975173488906,-302.2497574828195,-302.2497651024445,-302.2497542326505,-302.2497700944652,-302.24980109803164,-302.2498124369368,-302.2498059368716,-302.2498074236389,-302.24979707550176,-302.24980147214376,-302.24980774827844,-302.2498073705808,-302.24980863787056,-302.24980393159854,-302.2497983880309,-302.2497911582071,-302.24980223585766,-302.24980329567325,-302.2498084910627,-302.2497962402452,-302.2497500256741,-302.24980881208893,-302.2498257374414,-302.2498195680729,-302.2498004353101,-302.24980949118566,-302.2498155708039,-302.2498001679709,-302.2498322170307,-302.24982564098724,-302.24982024177433,-302.24982242737553,-302.24981906033094,-302.2498139881169,-302.24985126095805,-302.24984760408364,-302.249844807726,-302.2498480438251,-302.2498585359805,-302.249860116536,-302.2498603929101],"residuals":[490.5494837357756,311.08310215651113,151.44416544977233,258.92281898333965,84.18575693525628,83.86133310878908,110.71152805961286,14.261231496433423,6.637781132590829,13.258820744525343,8.168900419515625,7.371524756047976,7.638367958701634,6.103864086161997,6.459644580330833,1.0975196886839282,1.8703533561197012,8.145341015728896,9.278099906665366,8.848110636530757,3.208910951427474,0.7116760349179437,4.432092885419763,0.7990965003520321,0.4536513987265664,0.8018057177813372,2.0905506993408305,0.948253593258124,0.9952018330069489,0.6579004820206844,0.2283958327867107,0.523172414599854,0.13941561936244012,0.06285931511770095,0.5620227190794429,0.1654510378112908,0.16481364582782318,0.22120294575094684,0.2629027860850981,0.3424314827957179,0.5933285492462774,0.7644360428869094,0.7397802280043579,0.8269230956879621,0.5297202647958195,0.46260953092094087,0.1534049833055359,0.154201476373662,0.15322343645342992,0.08446137348462872,0.17277959907968207,0.2083551035415034,0.23298380237303315,0.3544567253647226,0.29446278618026733,0.36624413401475664,0.4038195636929939,0.38581676150046823,0.404960063203626,0.29409307600510115,0.35834962630140565,0.33196446734534046,0.2573115816808669,0.2756047095124512,0.4164875287014659,0.33322534106987345,0.42951439054578566,0.312140515604376,0.3494383585160301,0.2918248632470692,0.19049401638378508,0.19826918956295697,0.2867294887963237,0.34659349461674593,0.2959710581881504,0.31652035039873466,0.3019336219682564,0.627523751882996,0.809228079869063,0.25192151501781757,0.1989548907857078,0.3934645682206925,0.6419250854688845,0.3856272460427857,0.3114719936626852,0.5899189917010411,0.05741162663690157,0.14446029037930058,0.06212518617400488,0.0611698783812683,0.12800578370714358,0.23065595526780522,0.18589595486746097,0.13119565928575003,0.14740167644249605,0.10320992182880459,0.22582630227918193,0.18027345445498683,0.08094509236863169],"smearing":"DFTK.Smearing.Gaussian()","ndiag":[1,1,1,1,1,1,1,1,1,1,1,1,1,1,1,1,1,1,1,1,1,1,1,1,1,1,1,1,1,1,1,1,1,1,1,1,1,1,1,1,1,1,1,1,1,1,1,1,1,1,1,1,1,1,1,1,1,1,1,1,1,1,1,1,1,1,1,1,1,1,1,1,1,1,1,1,1,1,1,1,1,1,1,1,1,1,1,1,1,1,1,1,1,1,1,1,1,1,1],"fft_size":[45,45,45],"kwargs":"Base.Iterators.Pairs{Union{}, Union{}, Tuple{}, NamedTuple{(), Tuple{}}}()","n_kirred":280,"damping":"DFTK.FixedDamping(0.3)","type":"potmix"}