{"done":true,"kgrid":[13,13,13],"mixing":"KerkerMixing(0.8, 0.0)","temperature":0.01,"Ecut":45.0,"lattice":[[0.0,5.502882474910242,5.502882474910242],[5.502882474910242,0.0,5.502882474910242],[5.502882474910242,5.502882474910242,0.0]],"n_electr":49,"n_bands":59,"α":[0.3,0.3,0.3,0.3,0.3,0.3,0.3,0.3,0.3,0.3,0.3,0.3,0.3,0.3,0.3,0.3,0.3,0.3,0.3,0.3,0.3,0.3,0.3,0.3,0.3,0.3,0.3,0.3,0.3,0.3,0.3,0.3,0.3,0.3,0.3,0.3,0.3,0.3,0.3,0.3,0.3,0.3,0.3,0.3,0.3,0.3,0.3,0.3,0.3,0.3,0.3,0.3,0.3,0.3,0.3,0.3,0.3,0.3,0.3,0.3,0.3,0.3,0.3,0.3,0.3,0.3,0.3,0.3,0.3,0.3,0.3,0.3,0.3,0.3,0.3,0.3,0.3,0.3,0.3,0.3,0.3,0.3,0.3,0.3,0.3,0.3,0.3,0.3,0.3,0.3,0.3,0.3,0.3,0.3,0.3,0.3,0.3,0.3,0.3],"energies":[-333.303226563615,-333.299764897522,-333.30368686802166,-333.2958240834324,-333.2986257293637,-333.3007069949463,-333.3020013939788,-333.30196950278105,-333.30230723380083,-333.3024884945549,-333.3026397056629,-333.30275260430267,-333.3026756367556,-333.3026123225838,-333.302597247368,-333.30251220873623,-333.302585810486,-333.3025891179044,-333.30260258925665,-333.30260345963603,-333.3025955524176,-333.30260581973386,-333.30260215477784,-333.302595343948,-333.3026158514486,-333.3026180980379,-333.302617909724,-333.302616108525,-333.3026145335959,-333.3026186522946,-333.30262449655635,-333.3026189589618,-333.3026225252716,-333.30262293692266,-333.30262417686413,-333.30262326435684,-333.30262130490564,-333.30261918106294,-333.30261642624106,-333.3026146775137,-333.30263055731007,-333.30263199848633,-333.30263262428036,-333.3026330727632,-333.3026323158427,-333.3026298890736,-333.3026290621652,-333.3026281914717,-333.3026276847968,-333.30263169388223,-333.30263048295376,-333.3026360509295,-333.3026413242256,-333.30263321695145,-333.3026315491984,-333.30263311837814,-333.30263583591574,-333.3026408669255,-333.30264112897186,-333.3026380656514,-333.3026465256964,-333.3026456759426,-333.30264573108167,-333.30264352282757,-333.30264576454096,-333.3026411213841,-333.30264589826913,-333.30264749309885,-333.30264672350694,-333.3026485948426,-333.30264774838577,-333.30266632925645,-333.3026578818341,-333.3026589232958,-333.30265650614746,-333.30264438467475,-333.3026416158291,-333.30267144286,-333.30267200228894,-333.30265138242123,-333.3026556250333,-333.3026667350255,-333.30268901851844,-333.3026836765349,-333.302653297454,-333.3026264191621,-333.3026609172126,-333.3026562128902,-333.3026309212138,-333.302647321096,-333.3025994511847,-333.30267381684024,-333.30266228291794,-333.3027394905416,-333.30273531376804,-333.3027095080056,-333.30274878881255,-333.30276362175425,-333.3026055686481],"residuals":[2.0678739763434573,7.3231460082685675,0.7062492112996509,10.311004280593572,8.117699440241148,5.718011634323199,2.8113189086239867,3.2549395423963303,1.97802382124335,1.170984756404332,0.1697804057939936,0.4552148433458709,0.6189664226466915,0.29123882983792704,0.3568935550360109,0.5655230437377793,0.29153028705500195,0.3157889351386825,0.27749261130947717,0.10343649497844362,0.13158152834741715,0.042945603837706264,0.05513813573022912,0.044303695936007165,0.06780320201755016,0.0967593679350425,0.09726622802361097,0.10649214957884905,0.13338225701435463,0.09667720142512849,0.17996857567842695,0.09943405490643896,0.13279018257941738,0.11310163224508736,0.15702631384865362,0.10777107882827576,0.0792219277307706,0.02774412933406388,0.03814352196943484,0.011630035136472624,0.13013771542994818,0.1365318261535961,0.12753754472282378,0.12501016199305784,0.1306686808877032,0.11155728004517054,0.08858262231383066,0.09542236500208666,0.09509122275230092,0.15850758721741082,0.12544918742933497,0.20755432643943192,0.2028551264761541,0.19587324886040375,0.17418393826528475,0.19120650761290586,0.221115333465995,0.19700678453972403,0.17960508779924939,0.13246666722995,0.16488658775900156,0.10945419314413089,0.10963662779253004,0.16742970230361529,0.10240629726001284,0.13971314813277447,0.15284997662409044,0.1753290528632302,0.1692839019248161,0.2253347973470937,0.21552465935553927,0.23790365070597988,0.2384683768563011,0.302500171047568,0.3062369400170249,0.24990318181313814,0.2663635700401379,0.3652575401076317,0.29664149234846743,0.15883630202732169,0.12619690340354442,0.171799349763517,0.27564822926185545,0.4059724277593039,0.5157854024651286,0.6854897552109148,0.4865398600974397,0.32190551774000137,0.5545307429130186,0.5394481188313593,0.5891655487282992,0.533489018572518,0.6018379791733044,0.24728686596292374,0.40011268264524585,0.4708304645769183,0.689408970705503,0.6554931139439905,0.6686541553189518],"smearing":"DFTK.Smearing.Gaussian()","ndiag":[1,1,1,1,1,1,1,1,1,1,1,1,1,1,1,1,1,1,1,1,1,1,1,1,1,1,1,1,1,1,1,1,1,1,1,1,1,1,1,1,1,1,1,1,1,1,1,1,1,1,1,1,1,1,1,1,1,1,1,1,1,1,1,1,1,1,1,1,1,1,1,1,1,1,1,1,1,1,1,1,1,1,1,1,1,1,1,1,1,1,1,1,1,1,1,1,1,1,1],"fft_size":[50,50,50],"kwargs":"Base.Iterators.Pairs{Symbol, DFTK.AndersonAcceleration, Tuple{Symbol}, NamedTuple{(:acceleration,), Tuple{DFTK.AndersonAcceleration}}}(:acceleration => DFTK.AndersonAcceleration(10, Any[], Any[], 10000.0))","n_kirred":168,"damping":"DFTK.FixedDamping(0.3)","type":"potmix"}