{"done":true,"kgrid":[13,13,13],"mixing":"KerkerMixing(0.8, 0.0)","temperature":0.01,"Ecut":45.0,"lattice":[[0.0,5.502882474910242,5.502882474910242],[5.502882474910242,0.0,5.502882474910242],[5.502882474910242,5.502882474910242,0.0]],"n_electr":49,"n_bands":59,"α":[0.3,0.3,0.3,0.3,0.3,0.3,0.3,0.3,0.3,0.3,0.3,0.3,0.3,0.3,0.3,0.3,0.3,0.3,0.3,0.3,0.3,0.3,0.3,0.3,0.3,0.3,0.3,0.3,0.3,0.3,0.3,0.3],"energies":[-333.30322656361494,-333.29976489752147,-333.3036868680216,-333.3038192986817,-333.2972295935259,-333.30407445486384,-333.30426736009446,-333.30497878379174,-333.30458656376305,-333.30506094037247,-333.3051869388221,-333.30520764408567,-333.30525523086834,-333.30527164104694,-333.3052728417745,-333.30527287481357,-333.30527299880606,-333.30527300680944,-333.30527301130314,-333.3052730113179,-333.30527301143235,-333.305273011345,-333.30527301146253,-333.3052730111409,-333.3052730103175,-333.3052730112485,-333.305273011287,-333.30527301145327,-333.30527301140484,-333.30527301130877,-333.3052730115389,-333.30527301153245],"residuals":[2.0678739763978125,7.323146008621374,0.7062492113708038,0.7323485347507834,9.037626025496486,0.6629421240244389,0.6488779728840773,1.5188429298252115,1.586739527229332,0.35428584122898193,0.34075886487634804,0.28888709585254463,0.11665141665985543,0.05466185397596819,0.02191862048570009,0.013189692557073229,0.0052334766663629,0.0035805337361701655,0.001301187674444171,0.000911861264726779,0.0006273261067606383,0.0007655372299582595,0.00023675478984427274,0.0001015120536307409,0.0005965971582117533,0.00045875950877957526,0.00016687834866840537,0.00013180935319129407,0.00034399943899164474,0.00027023360527668504,0.00028210874991997116,0.00028009840807918123],"smearing":"DFTK.Smearing.Gaussian()","ndiag":[1,1,1,1,1,1,1,1,1,1,1,1,1,1,1,1,1,1,1,1,1,1,1,1,1,1,1,1,1,1,1,1],"fft_size":[50,50,50],"kwargs":"Base.Iterators.Pairs{Symbol, DFTK.AndersonAcceleration, Tuple{Symbol}, NamedTuple{(:acceleration,), Tuple{DFTK.AndersonAcceleration}}}(:acceleration => DFTK.AndersonAcceleration(10, Any[], Any[], 100.0))","n_kirred":168,"damping":"DFTK.FixedDamping(0.3)","type":"potmix"}