{"done":true,"kgrid":[13,13,13],"mixing":"KerkerMixing(0.8, 0.0)","temperature":0.01,"Ecut":45.0,"lattice":[[0.0,5.502882474910242,5.502882474910242],[5.502882474910242,0.0,5.502882474910242],[5.502882474910242,5.502882474910242,0.0]],"n_electr":49,"n_bands":59,"α":[0.3,0.3,0.3,0.3,0.3,0.3,0.3,0.3,0.3,0.3,0.3,0.3,0.3,0.3,0.3,0.3,0.3,0.3,0.3,0.3,0.3,0.3,0.3,0.3,0.3,0.3,0.3,0.3,0.3,0.3,0.3,0.3,0.3,0.3,0.3,0.3,0.3,0.3,0.3,0.3,0.3,0.3,0.3,0.3,0.3,0.3,0.3,0.3,0.3,0.3,0.3,0.3,0.3,0.3,0.3,0.3,0.3,0.3,0.3,0.3,0.3,0.3,0.3,0.3,0.3,0.3,0.3,0.3,0.3,0.3,0.3,0.3,0.3,0.3,0.3,0.3,0.3,0.3,0.3,0.3,0.3,0.3,0.3,0.3,0.3,0.3,0.3,0.3,0.3,0.3,0.3,0.3,0.3,0.3,0.3,0.3,0.3,0.3,0.3],"energies":[-333.303226563615,-333.2997648975219,-333.30368686802166,-333.2958240833067,-333.29862572929017,-333.30070699498157,-333.3020013939827,-333.301969502776,-333.30230723381504,-333.30248849453136,-333.3026397054043,-333.30283707019055,-333.3026709592525,-333.3026156308425,-333.30260025894,-333.30258592288186,-333.3025831024826,-333.30258757005794,-333.30252980494566,-333.30258327464634,-333.3025907870651,-333.30259981803584,-333.30255451065494,-333.3025731533818,-333.3025378291687,-333.3025349990474,-333.30255021286274,-333.3025700828565,-333.302571812367,-333.3025765816964,-333.3025882340137,-333.30259245458194,-333.3025774817655,-333.3025842899328,-333.3025846044791,-333.3026025545218,-333.30259164817943,-333.30258361733087,-333.3026011376607,-333.30260640013796,-333.3026099530433,-333.3026152147157,-333.30261614160037,-333.30261686994055,-333.30261905286665,-333.30261869944644,-333.30261671383994,-333.30261862872936,-333.30262296405124,-333.3026212803999,-333.30262287288264,-333.3026218258845,-333.302619226555,-333.302617507367,-333.30261267589947,-333.30261361737996,-333.30260716993286,-333.30260955869835,-333.30260263663615,-333.30261167835636,-333.30260808295134,-333.30261201870377,-333.3026145179021,-333.3026137772572,-333.3026197596886,-333.3026189688931,-333.30259485513363,-333.3026138816455,-333.30260410711713,-333.30260267249815,-333.30260980861476,-333.302602783285,-333.30260582788674,-333.3026007884026,-333.30260582047896,-333.3026095693749,-333.3026091801104,-333.30261719599173,-333.3026206365531,-333.3026117481786,-333.3026112220696,-333.30256965595765,-333.30258449616053,-333.3025861051752,-333.302588230602,-333.3025765101394,-333.3025792400231,-333.3025826567797,-333.30258076899287,-333.30258816936333,-333.30257704695214,-333.30260260287423,-333.3026051519299,-333.302614833476,-333.30261488442966,-333.3026136963666,-333.302611722504,-333.3026119500999,-333.3026130782012],"residuals":[2.067873976328462,7.323146008282382,0.7062492112985642,10.311004374335761,8.117699508953983,5.718011578763377,2.811318898156308,3.2549395521458955,1.9780237584868325,1.1709847746128148,0.16976625204117668,0.7216508486569588,0.6127819983955459,0.05360126751940089,0.4170232089487376,0.366792370057914,0.4788670192050507,0.2510661387128203,0.468794054327852,0.32356621982157757,0.3806955266011529,0.35274593763228224,0.16287774499815522,0.09843373621446047,0.15961852676333377,0.18831147082190225,0.22962019977585352,0.2508612390528086,0.2966950518585188,0.3335477065703457,0.27970635953259865,0.2668963525444043,0.27249005470078347,0.3025743595276736,0.2885166932719893,0.31732175989887096,0.28516169773384503,0.19031701676361015,0.15957026294702079,0.14855377135924303,0.1470210117064965,0.16506974170830993,0.15481527132880593,0.21827860638060081,0.1829323098275193,0.17073464181183137,0.2506673302680275,0.058322152703093245,0.1382043462786471,0.18069706203461186,0.17876306115258234,0.1248389026657524,0.16671211162630306,0.16336758832110992,0.31272570609822936,0.3244699618069259,0.327281859177933,0.30799256974324407,0.2504854876818203,0.15479356305383407,0.2916852527132631,0.24403276825403952,0.2088433070340377,0.2565157499257559,0.18540159036123446,0.16170983916303172,0.6001762782448494,0.308187520118729,0.4931556811899356,0.502211182813623,0.3973228033608425,0.39548726217174535,0.42539122370736404,0.4569668319925965,0.3945961914568295,0.3658645413013007,0.391520647350456,0.30228566600861634,0.3069099095551145,0.3884427361422432,0.4549484096855898,1.2161883556738817,0.9284116853135314,0.9470690527723479,0.8875753683406793,0.8720756837351699,0.9043685486674865,0.9073059165040992,0.8991589732886122,0.5628076021598971,0.8458889126100004,0.6494910110814284,0.4733521358063268,0.45861357310779305,0.5784193492172293,0.5095263344367014,0.3541120556795363,0.41768825437436774,0.4137489742524103],"smearing":"DFTK.Smearing.Gaussian()","ndiag":[1,1,1,1,1,1,1,1,1,1,1,1,1,1,1,1,1,1,1,1,1,1,1,1,1,1,1,1,1,1,1,1,1,1,1,1,1,1,1,1,1,1,1,1,1,1,1,1,1,1,1,1,1,1,1,1,1,1,1,1,1,1,1,1,1,1,1,1,1,1,1,1,1,1,1,1,1,1,1,1,1,1,1,1,1,1,1,1,1,1,1,1,1,1,1,1,1,1,1],"fft_size":[50,50,50],"kwargs":"Base.Iterators.Pairs{Symbol, DFTK.AndersonAcceleration, Tuple{Symbol}, NamedTuple{(:acceleration,), Tuple{DFTK.AndersonAcceleration}}}(:acceleration => DFTK.AndersonAcceleration(10, Any[], Any[], 1.0e10))","n_kirred":168,"damping":"DFTK.FixedDamping(0.3)","type":"potmix"}