{"done":true,"kgrid":[13,13,13],"mixing":"KerkerMixing(0.8, 0.0)","temperature":0.01,"Ecut":45.0,"lattice":[[0.0,5.502882474910242,5.502882474910242],[5.502882474910242,0.0,5.502882474910242],[5.502882474910242,5.502882474910242,0.0]],"n_electr":49,"n_bands":59,"α":[0.3,0.3,0.3,0.3,0.3,0.3,0.3,0.3,0.3,0.3,0.3,0.3,0.3,0.3,0.3,0.3,0.3,0.3,0.3,0.3,0.3,0.3,0.3,0.3,0.3,0.3,0.3,0.3,0.3,0.3,0.3,0.3,0.3,0.3,0.3,0.3,0.3,0.3,0.3,0.3,0.3,0.3,0.3,0.3,0.3,0.3,0.3,0.3,0.3,0.3,0.3,0.3,0.3,0.3,0.3,0.3,0.3,0.3,0.3,0.3,0.3,0.3,0.3,0.3,0.3,0.3,0.3,0.3,0.3,0.3,0.3,0.3,0.3,0.3,0.3,0.3,0.3,0.3,0.3,0.3,0.3,0.3,0.3,0.3,0.3,0.3,0.3,0.3,0.3,0.3,0.3,0.3,0.3,0.3,0.3,0.3,0.3,0.3,0.3],"energies":[-333.303226563615,-333.2997648975223,-333.30368686802166,-333.295824083415,-333.2986257293652,-333.300706995003,-333.3020013939847,-333.3019695028019,-333.3023072338183,-333.302488494552,-333.3026397055363,-333.3028370519006,-333.30267096386217,-333.3026156487453,-333.3026002648819,-333.3025681613521,-333.30261738283735,-333.3025646504412,-333.30262815309067,-333.30263071092276,-333.3026230770078,-333.3026267564878,-333.3026228967562,-333.3026210655629,-333.3026349225458,-333.30263603189263,-333.3026327467276,-333.30263617378216,-333.3026383882969,-333.30262834583675,-333.3026284461021,-333.3026258250433,-333.3026417164026,-333.3026437431554,-333.3026392594144,-333.30263747018756,-333.3026371640231,-333.3026549237845,-333.30265418667415,-333.3026698753705,-333.30266925596607,-333.3026547936314,-333.30266304792065,-333.30266908841384,-333.30263908551825,-333.30263879266386,-333.3026367186264,-333.3026421491542,-333.3026869149678,-333.3026731387643,-333.3026762341455,-333.3026489128345,-333.3026510192282,-333.30266494798275,-333.302671160143,-333.3026813219824,-333.3027050585816,-333.30269005377875,-333.3027192516195,-333.30270288122836,-333.30270951862195,-333.3026556412874,-333.3027597407238,-333.30274102876257,-333.30270961794355,-333.3027175053532,-333.3027008196542,-333.3027156551269,-333.30269133156895,-333.30268862368985,-333.3026823337447,-333.30269985640643,-333.3026668928459,-333.30277557670314,-333.3028152604701,-333.3028172536581,-333.3028077777228,-333.30281264754865,-333.30280892793485,-333.3028157308848,-333.3028117875906,-333.3028080053347,-333.30279418117823,-333.3028206782672,-333.30293494983266,-333.3029348343628,-333.3029977073143,-333.30303835630224,-333.302878110372,-333.30286511076804,-333.30283766296867,-333.3027853062446,-333.30253375959927,-333.3029388890192,-333.30298061971513,-333.3030694114817,-333.3031060718924,-333.3031111763599,-333.30315951420243],"residuals":[2.0678739763012257,7.323146008009751,0.7062492113054613,10.31100429270714,8.117699435009813,5.718011545996172,2.8113188919174488,3.2549394788954595,1.9780237514549823,1.1709848257148414,0.16978313276012252,0.7213904863934971,0.6130798527454501,0.06447217510195132,0.40899977086121697,0.24704849061292594,0.2226739678374667,0.25607383537896716,0.22890527760671972,0.18319663174737216,0.12338683943303264,0.12657400351927378,0.12487093335630098,0.13808707350559313,0.16408356908561825,0.16634041027615873,0.14173454425732623,0.1375092814486575,0.1350120263837848,0.1648534903351629,0.16774960600202934,0.16528684415976058,0.12259720800328747,0.1329745954280754,0.12167742550492648,0.12279852435485004,0.12824238229318158,0.10729567902673329,0.0912828783025102,0.13151727523524004,0.1536194102156047,0.13610711554811786,0.11622576685345669,0.11531264502583263,0.1485027203555783,0.14891206613743288,0.15794553068412004,0.15006126486175145,0.05217764578888066,0.048759093566175075,0.061972698575751446,0.09348718265463297,0.12602911388883326,0.05790625775968106,0.06780429592208963,0.06287196261998981,0.14912235680873998,0.12500997121357235,0.19287694889659343,0.26003088165311766,0.24653726104354556,0.04141172983950469,0.23676473618599908,0.2684822951369029,0.13431832029847404,0.12793930021022684,0.11268167997582033,0.23733863311029044,0.40604316650157424,0.39140751297254983,0.4508842224877456,0.5814679908730538,0.4257792759744531,0.633438471040957,0.4865945025438513,0.3492838317497283,0.5003238454304084,0.5007459282413856,0.44558897284247145,0.48022759631567447,0.42343042917725615,0.44944845460865784,0.4480407502674176,0.5650330925019112,0.5107550655452672,0.6210454295947091,0.35500062054082004,0.5017395679750187,0.5753473192582749,0.8198705323308558,0.9079253140436818,0.9360830188721271,1.4952863794996831,0.8720135765300877,0.4505900579284025,0.5978394189358532,0.5825138775939855,0.681385168265851,0.5673748641986872],"smearing":"DFTK.Smearing.Gaussian()","ndiag":[1,1,1,1,1,1,1,1,1,1,1,1,1,1,1,1,1,1,1,1,1,1,1,1,1,1,1,1,1,1,1,1,1,1,1,1,1,1,1,1,1,1,1,1,1,1,1,1,1,1,1,1,1,1,1,1,1,1,1,1,1,1,1,1,1,1,1,1,1,1,1,1,1,1,1,1,1,1,1,1,1,1,1,1,1,1,1,1,1,1,1,1,1,1,1,1,1,1,1],"fft_size":[50,50,50],"kwargs":"Base.Iterators.Pairs{Symbol, DFTK.AndersonAcceleration, Tuple{Symbol}, NamedTuple{(:acceleration,), Tuple{DFTK.AndersonAcceleration}}}(:acceleration => DFTK.AndersonAcceleration(10, Any[], Any[], 1.0e8))","n_kirred":168,"damping":"DFTK.FixedDamping(0.3)","type":"potmix"}