{"done":true,"kgrid":[13,13,13],"mixing":"KerkerMixing(0.8, 0.0)","temperature":0.01,"Ecut":45.0,"lattice":[[0.0,5.502882474910242,5.502882474910242],[5.502882474910242,0.0,5.502882474910242],[5.502882474910242,5.502882474910242,0.0]],"n_electr":49,"n_bands":59,"α":[0.3,0.3,0.3,0.3,0.3,0.3,0.3,0.3,0.3,0.3,0.3,0.3,0.3,0.3,0.3,0.3,0.3,0.3,0.3,0.3,0.3,0.3,0.3,0.3,0.3,0.3,0.3,0.3,0.3,0.3,0.3,0.3,0.3,0.3,0.3,0.3,0.3,0.3,0.3,0.3,0.3,0.3,0.3,0.3,0.3,0.3,0.3,0.3,0.3,0.3,0.3,0.3,0.3,0.3,0.3,0.3,0.3,0.3,0.3,0.3,0.3,0.3,0.3,0.3,0.3,0.3,0.3,0.3,0.3,0.3,0.3,0.3,0.3,0.3,0.3,0.3,0.3,0.3,0.3,0.3,0.3,0.3,0.3,0.3,0.3,0.3,0.3,0.3,0.3,0.3,0.3,0.3,0.3,0.3,0.3,0.3,0.3,0.3,0.3],"energies":[-333.30322656361494,-333.299764897521,-333.30368686802166,-333.2958240833027,-333.2986257292736,-333.3007069949311,-333.302001393958,-333.301969502796,-333.30230723378486,-333.30248849452005,-333.3026397053717,-333.30283707215455,-333.3026709652147,-333.30261557338315,-333.30259948047393,-333.302542628135,-333.302603488365,-333.30261825935804,-333.3025281213202,-333.30255506142447,-333.30255281773685,-333.3025473494806,-333.3026082546779,-333.302611310133,-333.30261355653505,-333.30262246632543,-333.3026222818389,-333.30262294300843,-333.30262773769107,-333.30263218878935,-333.30263875838324,-333.3026440748703,-333.3026424301443,-333.3026309080551,-333.30262608314547,-333.302624360368,-333.302622048017,-333.3026230131994,-333.3026309320582,-333.3026299973177,-333.30262830669903,-333.30263120172384,-333.30263969224336,-333.3026449367833,-333.3026501603426,-333.30265759674853,-333.30265868260807,-333.3026539986783,-333.30265463688943,-333.3026590658114,-333.3026606742692,-333.3026653858711,-333.3026714626883,-333.30267778468794,-333.30269339393254,-333.30269188601113,-333.30272281365126,-333.3027189451756,-333.3027287520657,-333.30272717076656,-333.3027319800556,-333.30273493401535,-333.30272113116985,-333.3027342293988,-333.3027412079117,-333.30275220589084,-333.30275890081754,-333.302788584232,-333.302778615087,-333.30279316607187,-333.3027758379748,-333.3027860220992,-333.30277435005854,-333.30276172241815,-333.30277568883474,-333.30278337840224,-333.30277348541875,-333.302781212319,-333.3028020638159,-333.3027787007193,-333.302786023993,-333.30284444425627,-333.30284255211194,-333.3028214419803,-333.3029150161551,-333.3029634543062,-333.3029452661439,-333.3028693148306,-333.3028295073883,-333.3029535587318,-333.3029407736165,-333.30292834917145,-333.3029420709392,-333.30293485310824,-333.3029748697817,-333.30300500315195,-333.30301464308644,-333.30294515574434,-333.30295774982693],"residuals":[2.067873976451085,7.323146009159344,0.7062492115249048,10.311004376430974,8.117699524319436,5.718011651145965,2.8113189694269445,3.2549394800569718,1.9780238966118575,1.1709852032414487,0.1697985344447388,0.7211750376452111,0.6132708017442927,0.07897312686349679,0.4195895850710406,0.4771502911895651,0.3017281880108099,0.08574228861594588,0.5552534998650236,0.15036451768904052,0.30429044660857785,0.38055263377647913,0.24583329685877425,0.057299933324982136,0.05572996033920056,0.10307550216970926,0.047454994787843714,0.06097107951443589,0.0346071582155131,0.08432990629142374,0.11047240371345429,0.2115534914188521,0.1884708459354115,0.18757375412871627,0.11645317139281754,0.09176929167282348,0.13766527274457827,0.13404305000513925,0.15054947121441387,0.13048356292766836,0.15415617987777372,0.11816607800230856,0.09089305875692787,0.11742423431092831,0.15088325384295248,0.2912951663759606,0.1962012007342925,0.19667683679275094,0.13353741145533035,0.13619863451207614,0.16306468942294755,0.2134552672915184,0.2777421355180311,0.2875820474623976,0.1885868121814943,0.15788857735881223,0.37536320392661254,0.2560636037732923,0.2726773305047816,0.26300984355175805,0.3933070725065241,0.24433002308818835,0.2845920103899381,0.2497850384233021,0.31871106657074166,0.28891927110084814,0.30450905244969756,0.38002982892318665,0.37886671364454494,0.3787799079075541,0.3345126528259253,0.327517390975738,0.4271961489234978,0.3716735021030446,0.3827486114843862,0.26116581921818527,0.23554916251857547,0.35746471133490826,0.7489449686579767,0.5406987956845299,0.5979791364269648,0.36928384594467445,0.5414042054368755,0.6185881484854885,0.5937124962454127,0.8546810423567016,0.7310949541437362,1.1420186119329494,1.110793200726804,0.9951841451982955,0.9789705556197775,0.6384145929695666,0.9295469685571736,0.8545375551321578,0.6845365883872891,0.9363590336483681,0.8033668565371932,0.6545420672187373,0.6998490108997838],"smearing":"DFTK.Smearing.Gaussian()","ndiag":[1,1,1,1,1,1,1,1,1,1,1,1,1,1,1,1,1,1,1,1,1,1,1,1,1,1,1,1,1,1,1,1,1,1,1,1,1,1,1,1,1,1,1,1,1,1,1,1,1,1,1,1,1,1,1,1,1,1,1,1,1,1,1,1,1,1,1,1,1,1,1,1,1,1,1,1,1,1,1,1,1,1,1,1,1,1,1,1,1,1,1,1,1,1,1,1,1,1,1],"fft_size":[50,50,50],"kwargs":"Base.Iterators.Pairs{Symbol, DFTK.AndersonAcceleration, Tuple{Symbol}, NamedTuple{(:acceleration,), Tuple{DFTK.AndersonAcceleration}}}(:acceleration => DFTK.AndersonAcceleration(10, Any[], Any[], 1.0e6))","n_kirred":168,"damping":"DFTK.FixedDamping(0.3)","type":"potmix"}