{"done":true,"kgrid":[13,13,13],"mixing":"KerkerMixing(0.8, 0.0)","temperature":0.01,"Ecut":45.0,"lattice":[[0.0,5.50855165328412,5.50855165328412],[5.50855165328412,0.0,5.50855165328412],[5.50855165328412,5.50855165328412,0.0]],"n_electr":50,"n_bands":60,"α":[0.8,0.8,0.8,0.33809594727158454,0.5,-0.125,0.125,0.5,-0.2915722717974349,0.5,-0.125,0.125,0.5,0.5,0.7539047852024912,0.9287920786891575,0.9287920786891575,0.42506309494900935,0.5,0.6419662202875037,0.6419662202875037,0.6419662202875037,0.6562439305105858,0.6562439305105858,0.6562439305105858],"energies":[-307.68926030707934,-320.76232119992164,-346.48799615220906,-349.5856257185123,-350.1091726328638,-350.11245379402976,-349.7479761017669,-350.1242917581355,-350.1421983826958,-350.2129449421389,-350.21295302797915,-350.213189154291,-350.2133651065538,-350.2160585644705,-350.21648991160555,-350.2164980849963,-350.21651529717093,-350.21651841473715,-350.2165221260292,-350.21652520548224,-350.2165252285911,-350.21652526728315,-350.2165252675279,-350.21652526758834,-350.21652526758857],"residuals":[635.0451480201986,631.1585740909748,233.69276732968348,76.42442727605936,45.00741232706086,45.56269333555172,79.37747403565152,37.169735226397655,36.66131650996939,5.565718255998636,5.325615129674119,5.568604889334635,6.101149144824279,1.8710112536132737,0.17738643392582754,0.25124827244615394,0.17948111404045425,0.24392744666107202,0.20575339965364783,0.022311487649376495,0.021825996193073315,0.0018037850507760195,0.0008106726593536723,7.359131248856005e-5,8.178144140920408e-6],"smearing":"DFTK.Smearing.Gaussian()","ndiag":[1,1,1,2,1,2,2,1,2,1,2,2,1,1,1,1,1,2,1,1,1,1,1,1,1],"fft_size":[50,50,50],"kwargs":"Base.Iterators.Pairs{Union{}, Union{}, Tuple{}, NamedTuple{(), Tuple{}}}()","n_kirred":168,"damping":"DFTK.AdaptiveDamping(0.125, 1.0, 0.8, 0.5, 1.1, 0.1)","type":"potmix"}