{"done":true,"kgrid":[13,13,13],"mixing":"KerkerMixing(0.8, 0.0)","temperature":0.01,"Ecut":45.0,"lattice":[[0.0,5.50855165328412,5.50855165328412],[5.50855165328412,0.0,5.50855165328412],[5.50855165328412,5.50855165328412,0.0]],"n_electr":50,"n_bands":60,"α":[0.8,0.8,0.8,0.3380959379577324,0.3380959379577324,0.05,0.05,0.08092995787102523,0.2,0.06886579246604642,0.05,-0.05,0.05,0.2,0.2942365850357288,0.3777476961124419,0.6567511425956954,0.4219566288434206,0.4219566288434206,0.4219566288434206,0.6670101114072693,0.7182837744325109,0.7182837744325109,0.7278003359801459,1.0,1.0,1.0],"energies":[-307.6892603070795,-320.7623206288273,-346.4879961812281,-349.5856257673963,-350.03722264494473,-350.0320440451423,-348.72651692828333,-348.8516702633928,-350.113966062568,-350.1945501068998,-350.1902208929763,-350.1898746616462,-350.1902184713693,-350.2108601969872,-350.21590890141107,-350.2161780991285,-350.21629367371077,-350.2163686726931,-350.2164213671563,-350.21651139145024,-350.21652496862896,-350.2165250765541,-350.21652526213455,-350.21652526585865,-350.21652526754457,-350.2165252675887,-350.2165252675887],"residuals":[635.0451480201988,631.1585787992084,233.69276530181102,76.42442188983995,55.37957266946625,56.63371691892747,135.0637012341924,128.3781993533175,38.689169507514386,17.902830641258593,18.65988333358488,19.305834267785443,18.36933659439314,7.9250174719434225,1.7196100183600216,1.0392185734141253,1.1058846080155935,0.9792993507410551,1.2005136075419849,0.4381459629175332,0.038713564822152526,0.049598031881032935,0.004776168050797655,0.003931097480450975,0.00054798735546794,1.1310250674057746e-5,4.425079123575028e-6],"smearing":"DFTK.Smearing.Gaussian()","ndiag":[1,1,1,2,1,2,2,2,1,2,2,2,2,1,1,1,1,2,1,1,1,1,1,1,1,1,1],"fft_size":[50,50,50],"kwargs":"Base.Iterators.Pairs{Union{}, Union{}, Tuple{}, NamedTuple{(), Tuple{}}}()","n_kirred":168,"damping":"DFTK.AdaptiveDamping(0.05, 1.0, 0.8, 0.2, 1.1, 0.1)","type":"potmix"}