{"done":true,"kgrid":[13,13,13],"mixing":"KerkerMixing(0.8, 0.0)","temperature":0.01,"Ecut":45.0,"lattice":[[0.0,5.50855165328412,5.50855165328412],[5.50855165328412,0.0,5.50855165328412],[5.50855165328412,5.50855165328412,0.0]],"n_electr":50,"n_bands":60,"α":[0.9,0.9,0.9,0.9,0.9,0.9,0.9,0.9,0.9,0.9,0.9,0.9,0.9,0.9,0.9,0.9,0.9,0.9],"energies":[-307.6892603070795,-310.09168017611853,-348.575663540705,-344.99042509723415,-350.15947905960076,-346.90860623987226,-350.1939707112719,-350.2141726250129,-350.2164703906674,-350.2165061865705,-350.21650898737136,-350.2165236982383,-350.2165248843127,-350.21652525474667,-350.2165252673484,-350.2165252675505,-350.216525267589,-350.2165252675889],"residuals":[635.0451480201997,730.5057496635012,125.05720343296144,264.93915591568697,32.9503439103782,204.5403829299908,14.303360927354964,5.5589663287432005,0.5604020807759801,0.2934807411145261,0.4193482594306811,0.05847179320997808,0.04854398849156065,0.011527295657218757,0.0005924734094701934,0.000650813841156639,3.1000312660216295e-5,3.310584412411619e-5],"smearing":"DFTK.Smearing.Gaussian()","ndiag":[1,1,1,1,1,1,1,1,1,1,1,1,1,1,1,1,1,1],"fft_size":[50,50,50],"kwargs":"Base.Iterators.Pairs{Union{}, Union{}, Tuple{}, NamedTuple{(), Tuple{}}}()","n_kirred":168,"damping":"DFTK.FixedDamping(0.9)","type":"potmix"}