{"done":true,"kgrid":[13,13,13],"use_diis":[false,false,false,false,false,false,false,false,false,false,false,false,false,false,false,false,false,false,false,false,false,false],"mixing":"KerkerMixing(0.8, 0.0)","temperature":0.01,"Ecut":45.0,"lattice":[[0.0,5.50855165328412,5.50855165328412],[5.50855165328412,0.0,5.50855165328412],[5.50855165328412,5.50855165328412,0.0]],"n_electr":50,"n_bands":60,"α":[0.6,0.6,0.6,0.6,0.6,0.6,0.6,0.6,0.6,0.6,0.6,0.6,0.6,0.6,0.6,0.6,0.6,0.6,0.6,0.6,0.6,0.6],"energies":[-307.6892603070794,-331.03385194110797,-340.3027770922181,-349.9752549017054,-350.0563856903315,-349.8142644778071,-350.2081358833559,-350.2124121858829,-350.1895049067098,-350.209695072478,-350.2146315736258,-350.21525271243826,-350.21647421359586,-350.21650025113433,-350.21652455285556,-350.2165252384323,-350.2165252574424,-350.2165252670642,-350.2165252674759,-350.21652526756907,-350.21652526758874,-350.2165252675889],"residuals":[635.045148020202,506.49193827652243,396.3397525565919,60.07942373240325,43.99227349355742,71.81575597107495,9.639846260194892,6.4092478365639565,18.698000736712046,9.234587163177244,4.7815434066282485,4.098768035530144,0.6958521219813779,0.5633298601825886,0.08211542975646373,0.015858067693805905,0.010841570772202635,0.002412654759265503,0.0010975174448911863,0.0005004958434864721,2.552975185054422e-5,2.8097355752430336e-6],"smearing":"DFTK.Smearing.Gaussian()","ndiag":[1,1,1,1,1,1,1,1,1,1,1,1,1,1,1,1,1,1,1,1,1,1],"fft_size":[50,50,50],"kwargs":"Base.Iterators.Pairs{Union{}, Union{}, Tuple{}, NamedTuple{(), Tuple{}}}()","n_kirred":168,"damping":"DFTK.FixedDamping(0.6)","type":"potmix"}