{"done":true,"kgrid":[13,13,13],"use_diis":[false,false,false,false,false,false,false,false,false,false,false,false,false,false,false,false,false,false,false,false,false,false,false,false,false,false,false,false,false,false,false,false,false,false,false,false,false,false,false,false,false,false,false,false,false,false,false,false,false,false,false,false,false,false,false,false,false,false,false,false,false,false,false,false,false,false,false,false,false,false,false,false,false,false,false,false,false,false,false,false,false,false,false,false,false,false,false,false,false,false,false,false,false,false,false,false,false,false,false],"mixing":"KerkerMixing(0.8, 0.0)","temperature":0.01,"Ecut":45.0,"lattice":[[0.0,5.50855165328412,5.50855165328412],[5.50855165328412,0.0,5.50855165328412],[5.50855165328412,5.50855165328412,0.0]],"n_electr":50,"n_bands":60,"α":[0.5,0.5,0.5,0.5,0.5,0.5,0.5,0.5,0.5,0.5,0.5,0.5,0.5,0.5,0.5,0.5,0.5,0.5,0.5,0.5,0.5,0.5,0.5,0.5,0.5,0.5,0.5,0.5,0.5,0.5,0.5,0.5,0.5,0.5,0.5,0.5,0.5,0.5,0.5,0.5,0.5,0.5,0.5,0.5,0.5,0.5,0.5,0.5,0.5,0.5,0.5,0.5,0.5,0.5,0.5,0.5,0.5,0.5,0.5,0.5,0.5,0.5,0.5,0.5,0.5,0.5,0.5,0.5,0.5,0.5,0.5,0.5,0.5,0.5,0.5,0.5,0.5,0.5,0.5,0.5,0.5,0.5,0.5,0.5,0.5,0.5,0.5,0.5,0.5,0.5,0.5,0.5,0.5,0.5,0.5,0.5,0.5,0.5,0.5],"energies":[-307.6892603070794,-334.6127817095748,-337.57858025725983,-347.56296669415127,-341.25157008566185,-342.98553081157706,-350.1443948925505,-349.3898011010233,-349.1105370253579,-350.1920764021301,-350.1852646378604,-350.2054604350179,-350.16160678456714,-350.1901813432517,-350.2008442824531,-350.20486735524975,-350.20529888768203,-350.21085505224914,-350.1976387155302,-350.06834691599795,-350.2114162954855,-350.2038332507274,-350.2069997910983,-350.20736008156587,-350.2115373308006,-350.21407408980974,-350.2142433456585,-350.21433388108244,-350.2148871657432,-350.2147270860231,-350.2148030592392,-350.21636504383423,-350.21618997715854,-350.21620207472097,-350.21626271132976,-350.2164170558549,-350.2164732413745,-350.2165097430776,-350.2165167719266,-350.2165146757109,-350.21651855643825,-350.2165212877787,-350.2165197565325,-350.2165205012559,-350.2165161992864,-350.2165115237677,-350.21651368015677,-350.21651632085826,-350.2165180078512,-350.21651181319515,-350.2165130498854,-350.21651218348495,-350.2165192123421,-350.2165205762467,-350.2165210220865,-350.2165234373952,-350.2165235663318,-350.21652361120846,-350.2165237219622,-350.2165239658644,-350.21652346451066,-350.21652341964193,-350.21652370377836,-350.21652381850896,-350.2165238903577,-350.21652390078134,-350.21652394609,-350.21652395233184,-350.2165239429695,-350.2165239695817,-350.2165240261522,-350.21652403171737,-350.216524012757,-350.21652404393706,-350.2165240815997,-350.2165240267268,-350.21652410424946,-350.2165243523603,-350.21652441692106,-350.2165244666761,-350.21652445366414,-350.2165244901708,-350.2165245696782,-350.21652457058656,-350.216524570676,-350.2165245727693,-350.21652457100663,-350.2165245804475,-350.2165245903993,-350.2165246324562,-350.2165246077366,-350.21652463549043,-350.2165246782695,-350.2165248407662,-350.21652482041156,-350.2165247022029,-350.21652487031713,-350.21652486145103,-350.2165248787261],"residuals":[635.045148020202,451.1780158667947,435.8980382687184,197.86778201065303,356.0190473889067,319.5897526296564,23.34371839328383,105.2326772453489,121.89244977012649,14.005825233641927,16.92255187381677,6.922599300278143,25.644029182167802,16.911075070770632,12.763856728159679,6.316782106405279,3.3637866916757067,3.4383665665352354,4.351489123722692,34.7737320202783,5.079816924326911,7.476417577529599,7.697679336786135,9.248529462440255,6.672754932290404,4.817234786765848,5.604897308821999,5.487194139638787,4.713286627507643,4.850577720753996,4.780441816037854,0.7712409130805012,1.7087151030407985,1.4773608673650025,1.487383820009019,0.7930203947936999,0.21564747789902283,0.07646461193488889,0.05193343948331708,0.10176112252702671,0.03811651388609486,0.02702239022684536,0.05853842266367889,0.014760831909328665,0.010974200523045347,0.01847886484945783,0.023564690646134843,0.07677928738893948,0.1729243430172372,0.1973582940222866,0.18131439935418942,0.20530732422221926,0.06833172422670887,0.040406655064152426,0.10036063198556136,0.019197053245365196,0.018550313422158363,0.020198771543294584,0.038642151718098844,0.01924880417028589,0.07672006043118022,0.08090438174116507,0.05862835413572523,0.044562805210288214,0.025340904437950493,0.027107361483514246,0.01781604417464717,0.019393758060304737,0.009463057452393769,0.008772593950926284,0.001347024240139136,0.002752160447102085,0.0007315983414820841,0.0014993294433549378,0.003067850482678911,0.0018546396604562825,0.007673314261890816,0.024349094843532773,0.03219662101901631,0.04129625699729099,0.03632739088670515,0.054428659950021524,0.057754535480603636,0.06451823518015415,0.06317910084402929,0.06364070313311714,0.0640884045261937,0.06292787424070907,0.06195851098660536,0.05760301171872458,0.0600798971668284,0.05650276823019594,0.05146465134603418,0.020923535414856226,0.027733768313204277,0.046176836647288846,0.008299630876786193,0.013821274734203826,0.0001813259715040424],"smearing":"DFTK.Smearing.Gaussian()","ndiag":[1,1,1,1,1,1,1,1,1,1,1,1,1,1,1,1,1,1,1,1,1,1,1,1,1,1,1,1,1,1,1,1,1,1,1,1,1,1,1,1,1,1,1,1,1,1,1,1,1,1,1,1,1,1,1,1,1,1,1,1,1,1,1,1,1,1,1,1,1,1,1,1,1,1,1,1,1,1,1,1,1,1,1,1,1,1,1,1,1,1,1,1,1,1,1,1,1,1,1],"fft_size":[50,50,50],"kwargs":"Base.Iterators.Pairs{Union{}, Union{}, Tuple{}, NamedTuple{(), Tuple{}}}()","n_kirred":168,"damping":"DFTK.FixedDamping(0.5)","type":"potmix"}