{"done":true,"kgrid":[13,13,13],"use_diis":[false,false,false,false,false,false,false,false,false,false,false,false,false,false,false,false,false,false,false],"mixing":"KerkerMixing(0.8, 0.0)","temperature":0.01,"Ecut":45.0,"lattice":[[0.0,5.50855165328412,5.50855165328412],[5.50855165328412,0.0,5.50855165328412],[5.50855165328412,5.50855165328412,0.0]],"n_electr":50,"n_bands":60,"α":[0.8,0.8,0.8,0.8,0.8,0.8,0.8,0.8,0.8,0.8,0.8,0.8,0.8,0.8,0.8,0.8,0.8,0.8,0.8],"energies":[-307.6892603070794,-320.762321177886,-346.48799603412004,-343.3183709876247,-350.163789739376,-348.1537345836598,-350.15555018015596,-350.21399659365454,-350.1993024094155,-350.2163436539091,-350.2164584016286,-350.21645646604213,-350.21652134523487,-350.21652514218033,-350.21652525997064,-350.21652526675695,-350.21652526757407,-350.21652526758817,-350.21652526758885],"residuals":[635.045148020202,631.1585741724871,233.69276484378,302.4523681941402,29.60057721514388,163.14924228354448,27.04732975449156,5.328639426470104,14.512145172598165,0.4101759229033927,0.28510049113943214,0.6981589495220798,0.2084960956431402,0.030128810905899365,0.007376218787518171,0.00266192643712645,0.00013994678629702595,8.004506774072047e-5,5.361809256092686e-6],"smearing":"DFTK.Smearing.Gaussian()","ndiag":[1,1,1,1,1,1,1,1,1,1,1,1,1,1,1,1,1,1,1],"fft_size":[50,50,50],"kwargs":"Base.Iterators.Pairs{Union{}, Union{}, Tuple{}, NamedTuple{(), Tuple{}}}()","n_kirred":168,"damping":"DFTK.FixedDamping(0.8)","type":"potmix"}