{"done":true,"kgrid":[13,13,13],"mixing":"KerkerMixing(0.8, 0.0)","temperature":0.01,"Ecut":45.0,"lattice":[[0.0,5.50855165328412,5.50855165328412],[5.50855165328412,0.0,5.50855165328412],[5.50855165328412,5.50855165328412,0.0]],"n_electr":50,"n_bands":60,"α":[0.1,0.1,0.1,0.1,0.1,0.1,0.1,0.1,0.1,0.1,0.1,0.1,0.1,0.1,0.1,0.1,0.1,0.1,0.1,0.1,0.1,0.1,0.1,0.1,0.1,0.1,0.1,0.1,0.1,0.1,0.1,0.1,0.1,0.1,0.1,0.1,0.1,0.1,0.1,0.1,0.1,0.1,0.1,0.1,0.1,0.1,0.1,0.1,0.1,0.1,0.1,0.1,0.1,0.1,0.1,0.1,0.1,0.1,0.1,0.1,0.1,0.1,0.1,0.1,0.1,0.1,0.1,0.1,0.1,0.1,0.1,0.1,0.1,0.1,0.1,0.1,0.1,0.1,0.1,0.1,0.1,0.1,0.1,0.1,0.1,0.1,0.1,0.1,0.1,0.1,0.1,0.1,0.1,0.1,0.1,0.1,0.1,0.1,0.1],"energies":[-307.6892603070795,-316.25486336140824,-331.54405499481794,-340.81527288815505,-333.21561052111383,-343.54904650662525,-342.15629334158905,-342.17702862219306,-334.2334612527164,-349.68287438024237,-346.5737178491944,-334.3181858706769,-333.7017320345866,-335.2036830212303,-339.22671513559817,-337.8214264467114,-335.35241353285414,-350.0613563264857,-349.68830896506165,-349.85006970404675,-348.10618307917224,-350.03347722492055,-349.6229060432363,-348.3303545868501,-347.5411911824824,-348.4804708528565,-350.12804063467394,-348.63798225429844,-349.82070691478236,-350.16949031844916,-349.84981574266607,-349.8971922145987,-349.96578857489396,-349.8208919630226,-349.91588950229175,-349.89950786233595,-349.9979840589357,-350.19503174162554,-350.1950559992954,-350.1941313711807,-350.196111396369,-350.1964064127767,-350.19680653404,-350.19687386835733,-350.19689847025666,-350.19708359876927,-350.19703969647713,-350.1969093410628,-350.19662746741244,-350.19651224342454,-350.1969272152277,-350.19649695722455,-350.19690843403544,-350.19576317271617,-350.1949950954806,-350.1969847433584,-350.19697398535095,-350.197327879771,-350.1974111749047,-350.19741839840015,-350.19703734407193,-350.197146997082,-350.19738501757894,-350.1973464543187,-350.1966188330054,-350.1969314999449,-350.1970650626122,-350.19760424749876,-350.19709032125814,-350.19701938376204,-350.1971206418608,-350.1971820820772,-350.1971883651873,-350.19715700747264,-350.1972055096943,-350.19712443448526,-350.1971482293917,-350.1971159950856,-350.1971463226291,-350.1970424558782,-350.1970055594048,-350.19706188798966,-350.19673276835005,-350.1964295550427,-350.1964651100063,-350.19654463861065,-350.19641343646975,-350.1967837100009,-350.19678948567247,-350.19703946917,-350.1971723145671,-350.1970554228251,-350.19721979566407,-350.1974397675688,-350.1971538078191,-350.19718524460734,-350.1970698814453,-350.1971118364201,-350.1970991720427],"residuals":[635.045148020198,551.8158412103872,501.2621263488004,348.4838096204261,476.1025951327287,314.22483145936866,345.22066519091226,344.19685691197,498.0130322716001,67.58727322981035,228.5541457089058,497.9607395043072,506.79780756687654,480.28376940194164,406.13670688935974,434.16650153144076,480.5374509809125,43.120593222499366,84.37223544435783,70.76591479361738,169.1923957575349,42.62906209221016,86.2162871647914,160.51692139177692,192.9105360806706,154.01355114391728,32.09607356794382,147.28817089814703,70.74039441713057,19.071105226791467,68.60002328576809,63.74218779075526,56.16912803746909,71.93114284760595,62.331053201557964,64.0349319465939,52.79628656727618,4.348365949546732,3.507331114843242,5.059521468741634,1.6394327654402894,1.0848900025158121,0.9234180922377955,0.7068916323741259,1.91614184314455,1.3664683727970062,0.9725631738119752,1.566308129314015,2.2610478359485326,2.356661411638485,0.6359442422891244,2.324517954325005,0.7232464421788318,3.636833108658077,4.798644977541011,1.208088005897462,1.463230568951743,1.0829889397984538,0.9970473957639754,1.2918015152088551,2.035549053567906,1.7622545942672065,1.3624751953786653,1.0478132153066018,2.9415798883124173,2.217444994155268,1.6783589592899266,1.2509648938390505,0.7699439918477898,1.2123554173272444,0.7984888492039538,0.8067601843545366,1.412177323617647,1.4450152511501595,0.5810253013516418,0.8683480820959903,0.710841807456173,0.6660468201549836,0.2947441096770052,0.4811756298999629,0.3404303252909985,0.6866134911234419,0.5788760299285907,1.7054910611746859,1.7934175658181544,1.343039298518911,1.8465442318430796,1.4063220255773992,0.9390751004891824,2.0106897903138465,1.29726703816866,0.8978239849257635,0.3063494900760971,0.4359849038910987,0.7683576701518933,1.0624963406717352,0.7622640797737343,0.7505581097541904,0.40751254621861766],"smearing":"DFTK.Smearing.Gaussian()","ndiag":[1,1,1,1,1,1,1,1,1,1,1,1,1,1,1,1,1,1,1,1,1,1,1,1,1,1,1,1,1,1,1,1,1,1,1,1,1,1,1,1,1,1,1,1,1,1,1,1,1,1,1,1,1,1,1,1,1,1,1,1,1,1,1,1,1,1,1,1,1,1,1,1,1,1,1,1,1,1,1,1,1,1,1,1,1,1,1,1,1,1,1,1,1,1,1,1,1,1,1],"fft_size":[50,50,50],"kwargs":"Base.Iterators.Pairs{Union{}, Union{}, Tuple{}, NamedTuple{(), Tuple{}}}()","n_kirred":168,"damping":"DFTK.FixedDamping(0.1)","type":"potmix"}