{"done":true,"kgrid":[13,13,13],"use_diis":[false,false,false,false,false,false,false,false,false,false,false,false,false,false,false,false,false,false,false,false,false,false,false,false,false,false,false,false,false,false,false,false,false,false,false,false,false,false,false,false,false,false,false,false,false,false,false,false,false,false,false,false,false,false,false,false,false,false,false,false,false,false,false,false,false,false,false,false,false,false,false,false,false,false,false,false,false,false,false,false,false,false,false,false,false,false,false,false,false,false,false,false,false,false,false,false,false,false,false],"mixing":"KerkerMixing(0.8, 0.0)","temperature":0.01,"Ecut":45.0,"lattice":[[0.0,5.50855165328412,5.50855165328412],[5.50855165328412,0.0,5.50855165328412],[5.50855165328412,5.50855165328412,0.0]],"n_electr":50,"n_bands":60,"α":[0.3,0.3,0.3,0.3,0.3,0.3,0.3,0.3,0.3,0.3,0.3,0.3,0.3,0.3,0.3,0.3,0.3,0.3,0.3,0.3,0.3,0.3,0.3,0.3,0.3,0.3,0.3,0.3,0.3,0.3,0.3,0.3,0.3,0.3,0.3,0.3,0.3,0.3,0.3,0.3,0.3,0.3,0.3,0.3,0.3,0.3,0.3,0.3,0.3,0.3,0.3,0.3,0.3,0.3,0.3,0.3,0.3,0.3,0.3,0.3,0.3,0.3,0.3,0.3,0.3,0.3,0.3,0.3,0.3,0.3,0.3,0.3,0.3,0.3,0.3,0.3,0.3,0.3,0.3,0.3,0.3,0.3,0.3,0.3,0.3,0.3,0.3,0.3,0.3,0.3,0.3,0.3,0.3,0.3,0.3,0.3,0.3,0.3,0.3],"energies":[-307.6892603070794,-337.0611950707753,-344.2770561172088,-348.66898533490297,-350.026322378595,-349.2409581379427,-346.57272308502706,-349.7257699357617,-350.19432870593647,-350.1947737482035,-350.187267434817,-350.2038143509931,-350.2022760358778,-350.200262680013,-350.2066002443372,-350.2035040000766,-350.17747521105457,-350.2067805080835,-350.20518607456364,-350.2043497297292,-350.20474312021776,-350.2127918184535,-350.21082202825306,-350.2086857552971,-350.21064178534704,-350.2127391126875,-350.21155090736244,-350.20787910706724,-350.2080971234602,-350.21453895173784,-350.2140768242741,-350.2117138082786,-350.21230911312443,-350.209218549347,-350.2104651726548,-350.2118628682732,-350.2121537241912,-350.2111241513712,-350.2116041214867,-350.2143438418685,-350.215914916088,-350.21591663121086,-350.215884699005,-350.21591525990914,-350.21578337116256,-350.21591183030597,-350.2161361055414,-350.21583835882456,-350.2161760093575,-350.2161414188061,-350.21621475475774,-350.2161813852142,-350.2162789490459,-350.21611990711585,-350.2157987377759,-350.2147052711179,-350.2150572241201,-350.2161940924182,-350.21608369418414,-350.21624892039216,-350.21639646112436,-350.21647281281116,-350.2164852085015,-350.2164895307785,-350.21648001401485,-350.21647339965625,-350.2164912634012,-350.21648035798984,-350.21635519490684,-350.2163349275217,-350.2163728004598,-350.216410519904,-350.2164761610003,-350.2164878268549,-350.2165121686229,-350.2165121727108,-350.2165126407746,-350.21651188361795,-350.2165109416731,-350.21651034879943,-350.2165115208057,-350.2165101922512,-350.21650349249796,-350.21650294856806,-350.2164855338237,-350.21648580661645,-350.2164921721543,-350.21646122879224,-350.21648727277477,-350.21651890209296,-350.2165194197931,-350.2165196850955,-350.2165197256549,-350.21651922080423,-350.2165189231372,-350.2165157375984,-350.2165156182815,-350.2165051136448,-350.21650916469576],"residuals":[635.045148020202,347.42821023156966,319.6566101366015,150.46488959803483,56.5624521200151,113.36567777685907,226.34859828220723,81.83509438047071,10.617202145062942,10.805174095610994,15.525407693072184,5.040099446408329,8.114842938886188,9.72053935271184,3.6551339939666874,8.904915514497395,21.177370169989597,7.576834357938502,0.9469184988538779,1.506100895823674,0.8712660046639656,0.78404159082895,0.6540537960223274,1.037823482469822,1.4272122867875368,1.412284144314998,1.4552136778676052,1.7224279375748068,2.3686606677814184,2.5818848005405846,2.8322808003036455,4.371867879105766,4.210756948641359,6.414505415971415,5.693992059823435,5.488559593244549,5.4995792563686825,6.681515631347227,6.2735786813763665,4.807647501632203,1.0779318512009537,1.1571270342662965,0.6990029039368684,0.47407283618000107,1.16109016848839,0.9858474096935641,1.1495008071497244,1.0186629115543444,1.019306702598709,0.3770393368899567,1.2674160316335672,1.0021619853201797,0.3198411385025975,1.450611239269412,2.0187596595470017,3.397187281707721,2.7059553557709184,0.7700012755778951,1.8617815157421405,1.5310652271146443,0.5201142147382364,0.19747081741714612,0.509973828381863,0.309086434780325,0.3883983280181744,0.22565906247028555,0.502949391846747,0.6633111590748852,1.5072510581968117,1.6042259500475897,1.4253378329975426,1.2167246949726143,0.7305269048775133,0.6095799099769627,0.0369787493932808,0.014275018364188182,0.003947670557960009,0.012403895832930086,0.007654338736606997,0.019136702399740607,0.0036063425449704128,0.026836985778161234,0.11913599923612767,0.12245166226009636,0.29838884332098936,0.294841310924839,0.2373115428266274,0.4283926681447276,0.6175519157887739,0.13017935128017777,0.17118263978022008,0.16497381184021775,0.18311918686091344,0.19580694900875567,0.2043023177818903,0.28848986066048155,0.2976597703497144,0.49199390657633596,0.42403526094332583],"smearing":"DFTK.Smearing.Gaussian()","ndiag":[1,1,1,1,1,1,1,1,1,1,1,1,1,1,1,1,1,1,1,1,1,1,1,1,1,1,1,1,1,1,1,1,1,1,1,1,1,1,1,1,1,1,1,1,1,1,1,1,1,1,1,1,1,1,1,1,1,1,1,1,1,1,1,1,1,1,1,1,1,1,1,1,1,1,1,1,1,1,1,1,1,1,1,1,1,1,1,1,1,1,1,1,1,1,1,1,1,1,1],"fft_size":[50,50,50],"kwargs":"Base.Iterators.Pairs{Union{}, Union{}, Tuple{}, NamedTuple{(), Tuple{}}}()","n_kirred":168,"damping":"DFTK.FixedDamping(0.3)","type":"potmix"}