{"done":true,"kgrid":[13,13,13],"use_diis":[false,false,false,false,false,false,false,false,false,false,false,false,false,false,false,false,false,false,false,false,false,false,false],"mixing":"KerkerMixing(0.8, 0.0)","temperature":0.01,"Ecut":45.0,"lattice":[[0.0,5.50855165328412,5.50855165328412],[5.50855165328412,0.0,5.50855165328412],[5.50855165328412,5.50855165328412,0.0]],"n_electr":50,"n_bands":60,"α":[0.7,0.7,0.7,0.7,0.7,0.7,0.7,0.7,0.7,0.7,0.7,0.7,0.7,0.7,0.7,0.7,0.7,0.7,0.7,0.7,0.7,0.7,0.7],"energies":[-307.6892603070794,-327.4489947371158,-343.3972292323506,-348.0133624580231,-349.128000548135,-343.81493216831905,-348.43067238275387,-350.1889706447329,-350.1966392789947,-350.20872410811654,-350.21198733754517,-350.2145915667832,-350.21585140349094,-350.215485055952,-350.21642998620547,-350.21647941908014,-350.21652213266196,-350.2165228043015,-350.21652526452766,-350.21652526682897,-350.21652526758226,-350.2165252675881,-350.2165252675888],"residuals":[635.045148020202,556.4089638767512,329.93317800974876,166.25070637093103,123.50969176755495,294.1178209296235,154.85176205845661,16.54991410045619,13.949254108774172,7.3615616361442076,6.547491300450886,4.258685154553682,2.049849417483584,3.791015095570714,0.9181244086547542,0.7171030044937771,0.17918696343753437,0.18026717065340941,0.0049967846832389565,0.002469091039707125,0.0002652610048390366,6.404413614465413e-5,3.9492956914908376e-5],"smearing":"DFTK.Smearing.Gaussian()","ndiag":[1,1,1,1,1,1,1,1,1,1,1,1,1,1,1,1,1,1,1,1,1,1,1],"fft_size":[50,50,50],"kwargs":"Base.Iterators.Pairs{Union{}, Union{}, Tuple{}, NamedTuple{(), Tuple{}}}()","n_kirred":168,"damping":"DFTK.FixedDamping(0.7)","type":"potmix"}