{"done":true,"kgrid":[13,13,13],"use_diis":[false,false,false,false,false,false,false,false,false,false,false,false,false,false,false,false,false,false,false,false,false,false,false,false,false,false,false,false,false,false,false,false,false,false,false,false,false,false,false,false,false,false,false,false,false,false,false,false,false,false,false,false,false,false,false,false,false,false,false,false,false,false,false,false,false,false,false,false,false,false,false,false,false,false,false,false,false,false,false,false,false,false,false,false,false,false,false,false,false,false,false,false,false,false,false,false,false,false,false],"mixing":"KerkerMixing(0.8, 0.0)","temperature":0.01,"Ecut":45.0,"lattice":[[0.0,5.50855165328412,5.50855165328412],[5.50855165328412,0.0,5.50855165328412],[5.50855165328412,5.50855165328412,0.0]],"n_electr":50,"n_bands":60,"α":[0.4,0.4,0.4,0.4,0.4,0.4,0.4,0.4,0.4,0.4,0.4,0.4,0.4,0.4,0.4,0.4,0.4,0.4,0.4,0.4,0.4,0.4,0.4,0.4,0.4,0.4,0.4,0.4,0.4,0.4,0.4,0.4,0.4,0.4,0.4,0.4,0.4,0.4,0.4,0.4,0.4,0.4,0.4,0.4,0.4,0.4,0.4,0.4,0.4,0.4,0.4,0.4,0.4,0.4,0.4,0.4,0.4,0.4,0.4,0.4,0.4,0.4,0.4,0.4,0.4,0.4,0.4,0.4,0.4,0.4,0.4,0.4,0.4,0.4,0.4,0.4,0.4,0.4,0.4,0.4,0.4,0.4,0.4,0.4,0.4,0.4,0.4,0.4,0.4,0.4,0.4,0.4,0.4,0.4,0.4,0.4,0.4,0.4,0.4],"energies":[-307.6892603070794,-341.547076791675,-338.17385309823055,-348.0220440332238,-347.9510347197187,-349.5845326183097,-349.84442286444397,-349.94525273392554,-350.1964627759643,-350.1997845298179,-350.19037121799033,-350.19269207407814,-350.18795289735795,-350.18568863537666,-350.21237129389084,-350.20220972377166,-350.2141510590904,-350.2132056247699,-350.2148205093532,-350.20426144824523,-350.21364785428335,-350.2047746754643,-350.2109768389526,-350.21227180937404,-350.21438234761536,-350.2142831840814,-350.2144901244689,-350.21447337399434,-350.21481027473584,-350.21401586753115,-350.21540647995874,-350.2162244801403,-350.21618085527814,-350.2160773899121,-350.2160931393183,-350.21602573591656,-350.21626624124565,-350.2163668614545,-350.2163966691276,-350.2164267176067,-350.2162932997236,-350.2163439432284,-350.21635147608606,-350.21636395559557,-350.21638586090666,-350.21639946832676,-350.2164069274503,-350.21640666025706,-350.21516575425505,-350.21629936037726,-350.21626987570755,-350.21624017411966,-350.21643324928726,-350.21642449961087,-350.21643891916057,-350.2164446380908,-350.21644270389527,-350.2164416181583,-350.2164311723518,-350.21649395219197,-350.2164582120045,-350.2165048485684,-350.2165139813818,-350.21651715945285,-350.21651103508077,-350.2165128765489,-350.2165142206123,-350.2165108519459,-350.2165096938758,-350.216512484672,-350.2165172419519,-350.216507580504,-350.2165156012471,-350.2165153527582,-350.21652075653844,-350.2165230454816,-350.21652284331054,-350.21652287666296,-350.2165229113868,-350.21652304388,-350.21652341318514,-350.2165235486497,-350.21652390955825,-350.2165237603913,-350.2165240258589,-350.21652174054407,-350.2165233588216,-350.21652396451054,-350.2165241651906,-350.2165238826762,-350.21652477532353,-350.21652477257777,-350.2165247769012,-350.21652480485955,-350.2165248200153,-350.2165248490585,-350.2165245954893,-350.2165239453015,-350.2165235580574],"residuals":[635.045148020202,336.1639384998072,420.26159077607497,184.6028635804125,172.53630046645603,93.78995572238144,69.38710914486052,59.91106177323307,9.969494821146546,7.616779260506706,14.765772171624286,13.777049368331678,15.738070163432106,14.829515669988062,3.473343575849248,13.680095652176435,3.261829743273237,2.0669082793749975,3.1385508085505402,2.1186624889099415,4.509844295613844,10.131033740856033,6.511221340224239,5.582959912223001,0.6400457902215829,1.119359961238898,0.8021614834504242,1.2446376889154,1.4927450223581247,2.108500776420527,0.21230132256942572,0.4677004144762682,0.5440233275167937,0.4184028811170682,0.36166711127084294,0.428499524923345,0.37745900133792476,0.38933223405610384,0.2821520644333116,0.24855571020054365,0.2849392986214594,0.2803379232573935,0.5273509548663539,0.5067790397111148,0.22263727910923642,0.517739136750211,0.345482525994901,0.2937575979401323,2.3703906977240594,0.5967088045162335,0.7203719220846322,0.8097765689892267,0.349676033162553,0.24151975061528252,0.25375386231527447,0.18192134057052908,0.19837129018739574,0.18218159071686513,0.19539280711318183,0.26988516839936216,0.35705179896794964,0.11013091958325252,0.09195087542390601,0.0741611518762115,0.11220148216686308,0.10048969893222458,0.1174996989052062,0.10462648088211361,0.14965211405615864,0.1290316111126207,0.07041462025386169,0.3424238540923678,0.18681236611741903,0.22038326634788608,0.1580775341065959,0.010269606952273077,0.03171862595800102,0.028582045805212977,0.00801185153518267,0.0027202981425219477,0.006074872544999303,0.00841479531356906,0.029124379764829945,0.039885661518621246,0.02911031047879908,0.056602376872926456,0.05791255573998325,0.059608038199247315,0.10141583296078922,0.11030150873365639,0.04228691257958267,0.037264114619999025,0.03913482061562185,0.04238011437972962,0.04216343217922569,0.042116439811681186,0.08111111724454867,0.11873856015681339,0.13739173130821122],"smearing":"DFTK.Smearing.Gaussian()","ndiag":[1,1,1,1,1,1,1,1,1,1,1,1,1,1,1,1,1,1,1,1,1,1,1,1,1,1,1,1,1,1,1,1,1,1,1,1,1,1,1,1,1,1,1,1,1,1,1,1,1,1,1,1,1,1,1,1,1,1,1,1,1,1,1,1,1,1,1,1,1,1,1,1,1,1,1,1,1,1,1,1,1,1,1,1,1,1,1,1,1,1,1,1,1,1,1,1,1,1,1],"fft_size":[50,50,50],"kwargs":"Base.Iterators.Pairs{Union{}, Union{}, Tuple{}, NamedTuple{(), Tuple{}}}()","n_kirred":168,"damping":"DFTK.FixedDamping(0.4)","type":"potmix"}