{"done":true,"kgrid":[13,13,13],"use_diis":[false,false,false,false,false,false,false,false,false,false,false,false,false,false,false,false,false,false,false,false,false,false,false,false,false,false,false,false,false,false,false,false,false,false,false,false,false,false,false,false,false,false,false,false,false,false,false,false,false],"mixing":"KerkerMixing(0.8, 0.0)","temperature":0.01,"Ecut":45.0,"lattice":[[0.0,5.50855165328412,5.50855165328412],[5.50855165328412,0.0,5.50855165328412],[5.50855165328412,5.50855165328412,0.0]],"n_electr":50,"n_bands":60,"α":[0.2,0.2,0.2,0.2,0.2,0.2,0.2,0.2,0.2,0.2,0.2,0.2,0.2,0.2,0.2,0.2,0.2,0.2,0.2,0.2,0.2,0.2,0.2,0.2,0.2,0.2,0.2,0.2,0.2,0.2,0.2,0.2,0.2,0.2,0.2,0.2,0.2,0.2,0.2,0.2,0.2,0.2,0.2,0.2,0.2,0.2,0.2,0.2,0.2],"energies":[-307.6892603070794,-325.49741841341216,-330.61687253840216,-339.1966401924956,-331.486345825304,-337.18827414858526,-332.20946503043155,-335.5342428387134,-335.92221201694844,-335.00838651996605,-337.5450847812494,-347.8142818368148,-348.14418937351854,-345.59841955667275,-341.33668522046383,-336.0255018370906,-343.27217534897244,-346.659826814255,-346.4685324801696,-350.1129692847908,-350.03520448473927,-349.8735775074716,-350.1547346345884,-350.1491778540486,-348.278831411099,-349.33996589608995,-350.14674015772033,-350.1440417038308,-350.18072409393903,-350.2064979403451,-350.2137971049074,-350.2136815466499,-350.2149778288851,-350.2164612835787,-350.2164938863646,-350.21651387705754,-350.2165198964494,-350.21652202450485,-350.216525075256,-350.2165252320127,-350.2165252578931,-350.2165251320462,-350.21652511006596,-350.21652526588855,-350.21652526260215,-350.2165252665474,-350.2165252674624,-350.21652526754565,-350.21652526755406],"residuals":[635.045148020202,456.60795350057197,521.0777239774847,372.44013290945105,503.49880161870607,411.5835816641751,482.69270799741304,420.07809202527,413.284567126971,470.79594688238546,451.45347650033153,212.8555628305531,197.2209719450731,256.95886000587296,350.9581098168587,449.59454111383855,299.45998477325304,207.22205611005947,220.43208221053007,30.92282919922021,43.500604102726406,71.56968345779872,23.67063698295386,30.184545662305126,158.8577445489496,110.66499497845449,29.2856127452082,30.574774424074207,21.550000534488596,11.456532430029043,5.875025990326867,6.132663831160399,4.462449665112164,0.26503372312789736,0.13204965989772074,0.18950086110782682,0.056754808614070076,0.20781354855775008,0.017900095584763638,0.01524995573132197,0.0060790173741870615,0.018601730943655484,0.007636402480776168,0.0020504550922708325,0.0026775556521876714,0.000917306342371292,0.000223595189420296,0.0001533331969907199,0.00027440874693567533],"smearing":"DFTK.Smearing.Gaussian()","ndiag":[1,1,1,1,1,1,1,1,1,1,1,1,1,1,1,1,1,1,1,1,1,1,1,1,1,1,1,1,1,1,1,1,1,1,1,1,1,1,1,1,1,1,1,1,1,1,1,1,1],"fft_size":[50,50,50],"kwargs":"Base.Iterators.Pairs{Union{}, Union{}, Tuple{}, NamedTuple{(), Tuple{}}}()","n_kirred":168,"damping":"DFTK.FixedDamping(0.2)","type":"potmix"}