{"done":true,"kgrid":[13,13,13],"mixing":"KerkerMixing(0.8, 0.0)","temperature":0.01,"Ecut":45.0,"lattice":[[0.0,5.50855165328412,5.50855165328412],[5.50855165328412,0.0,5.50855165328412],[5.50855165328412,5.50855165328412,0.0]],"n_electr":50,"n_bands":60,"α":[1.0,1.0,1.0,1.0,1.0,1.0,1.0,1.0,1.0,1.0,1.0,1.0,1.0,1.0,1.0,1.0,1.0],"energies":[-307.6892603070795,-293.93673381220736,-348.12968841738416,-349.03808958028776,-350.1155479138025,-347.46945556975726,-350.21159382369706,-350.21196229561014,-350.2164678865705,-350.2164869922363,-350.21650356183113,-350.2165235393944,-350.2165250334646,-350.21652525421314,-350.2165252675255,-350.2165252675874,-350.2165252675891],"residuals":[635.0451480201997,852.7964938418434,127.66054445613727,126.30453264368181,39.571209055579395,185.86731444630425,6.211281948452879,7.608242961967378,0.3744542374895921,0.21752181778359697,0.2083892322929304,0.09194378346168025,0.05348395532766568,0.01226876939477012,0.000760833996001783,4.984300447440275e-5,2.398286855166402e-5],"smearing":"DFTK.Smearing.Gaussian()","ndiag":[1,1,1,1,1,1,1,1,1,1,1,1,1,1,1,1,1],"fft_size":[50,50,50],"kwargs":"Base.Iterators.Pairs{Union{}, Union{}, Tuple{}, NamedTuple{(), Tuple{}}}()","n_kirred":168,"damping":"DFTK.FixedDamping(1.0)","type":"potmix"}