{"done":true,"kgrid":[7,7,4],"mixing":"SimpleMixing()","temperature":0.001,"Ecut":20.0,"lattice":[[7.653390804734369,0.0,0.0],[0.0,7.653390804734369,0.0],[0.0,0.0,15.306781609468738]],"n_electr":24,"n_bands":16,"α":[0.8,0.8,0.15274940410548313,0.15274940410548313,0.15274940410548313,0.2512200135942016,0.7851503408642005,0.14510072764940476,0.14510072764940476,0.5857474989684536,0.8720271618276407,0.14416878812681916,0.14416878812681916,0.44634853655403206,0.5915265621510328,0.8962701279510599,0.1351172307772485,0.1351172307772485,0.8768524027198478,0.965342933434285],"energies":[-16.198414991638394,-15.133544053601568,-16.524202505144387,-16.577679285678357,-16.58228687696048,-16.585342487954374,-16.588092909056503,-16.58863260330362,-16.588687229970535,-16.588783030974646,-16.588797534943822,-16.58880265800183,-16.5888030578647,-16.588803472104566,-16.58880354070875,-16.588803388107,-16.588803563020996,-16.588803563105444,-16.58880356331479,-16.588803563312396],"residuals":[304.658002786716,108.63392862311947,54.629712190214256,44.145831206445166,37.32175095360482,27.949673661550037,6.253352163956697,5.163250312166027,4.412595122365624,1.8316801069314461,0.2889510833089208,0.20595443958481563,0.1753955983534214,0.09675177177158276,0.04013564826990833,0.031826485031563996,0.0037539720186691716,0.0032497764228701475,0.0004693990165068507,0.00021217994850747517],"smearing":"DFTK.Smearing.Gaussian()","ndiag":[1,1,2,1,1,1,1,2,1,1,1,2,1,1,1,1,2,1,1,1],"fft_size":[25,25,50],"kwargs":"Base.Iterators.Pairs{Symbol, DFTK.AndersonAcceleration, Tuple{Symbol}, NamedTuple{(:acceleration,), Tuple{DFTK.AndersonAcceleration}}}(:acceleration => DFTK.AndersonAcceleration(0, Any[], Any[], 1.0e6))","n_kirred":196,"damping":"DFTK.AdaptiveDamping(0.025, 1.0, 0.8, 0.1, 1.1, 0.1)","type":"potmix"}