{"done":true,"kgrid":[7,7,4],"mixing":"SimpleMixing()","temperature":0.001,"Ecut":20.0,"lattice":[[7.653390804734369,0.0,0.0],[0.0,7.653390804734369,0.0],[0.0,0.0,15.306781609468738]],"n_electr":24,"n_bands":16,"α":[0.8,0.8,0.15274940399250725,0.4,0.12692410074491678,0.4,0.8518594870257655,0.12957728769214688,0.4,0.4,0.13633229821605938,0.4,1.0,0.13518033822360442,0.4,1.0,0.13682572403289955,0.4],"energies":[-16.198414991638405,-15.133544556128289,-16.524202722140203,-16.361975751347508,-16.58560111246557,-16.587554169190767,-16.586608302985578,-16.58877181271048,-16.588779448888367,-16.58874719454571,-16.588800579423893,-16.588802419334804,-16.588802903393727,-16.588803561282923,-16.588803562548627,-16.588803563240607,-16.58880356333104,-16.588803563335304],"residuals":[304.6580027867159,108.63391730473404,54.62970117134266,47.15186694024096,27.24951386269193,16.374461015023535,4.2699891923812885,2.1315429489774087,1.307981194088201,0.9417247929200624,0.6632599010375985,0.3986445043730081,0.06138122521105799,0.004304185340785836,0.0027120994930148576,0.0007452291513791007,0.0002077315278757806,0.00013033857217610958],"smearing":"DFTK.Smearing.Gaussian()","ndiag":[1,1,2,1,2,1,1,2,1,1,2,1,1,2,1,1,2,1],"fft_size":[25,25,50],"kwargs":"Base.Iterators.Pairs{Symbol, DFTK.AndersonAcceleration, Tuple{Symbol}, NamedTuple{(:acceleration,), Tuple{DFTK.AndersonAcceleration}}}(:acceleration => DFTK.AndersonAcceleration(0, Any[], Any[], 1.0e6))","n_kirred":196,"damping":"DFTK.AdaptiveDamping(0.1, 1.0, 0.8, 0.4, 1.1, 0.1)","type":"potmix"}