{"done":true,"kgrid":[7,7,4],"mixing":"SimpleMixing()","temperature":0.001,"Ecut":20.0,"lattice":[[7.653390804734369,0.0,0.0],[0.0,7.653390804734369,0.0],[0.0,0.0,15.306781609468738]],"n_electr":24,"n_bands":16,"α":[0.8,0.8,0.15274940651794303,0.3,0.3,0.12838739149940587,0.3,0.919165512990939,0.13588665501265698,0.3,0.8423948194651445,0.1456716433820908,0.3,0.5433954539968653,0.140365740363626,0.3,0.8858310432884289,0.13593913221831674,0.3,1.0,0.13758863004928668],"energies":[-16.198414991638394,-15.133543890439961,-16.524202400142418,-16.496724631993096,-16.432372461548038,-16.586654932287292,-16.58772819872056,-16.588350120227677,-16.588791515183733,-16.588798118126707,-16.588802652187006,-16.58880335439526,-16.588803476004855,-16.58880349780666,-16.58880355068432,-16.58880355682278,-16.58880355981872,-16.58880356320622,-16.58880356327071,-16.588803563329048,-16.588803563336697],"residuals":[304.658002786716,108.63393232079993,54.629715448673,42.51728285099969,38.90365574085347,22.223878476255173,15.56588131475391,2.030510506839963,1.1076560924817125,0.7756950028554024,0.13810307231650545,0.1069473756323847,0.07495004578723055,0.03811414692771979,0.02953127722314687,0.020736861699999967,0.005046772812983752,0.0021881073218644907,0.0015418564012283844,0.00021430526984000595,5.542077729324818e-5],"smearing":"DFTK.Smearing.Gaussian()","ndiag":[1,1,2,1,1,2,1,1,2,1,1,2,1,1,2,1,1,2,1,1,2],"fft_size":[25,25,50],"kwargs":"Base.Iterators.Pairs{Symbol, DFTK.AndersonAcceleration, Tuple{Symbol}, NamedTuple{(:acceleration,), Tuple{DFTK.AndersonAcceleration}}}(:acceleration => DFTK.AndersonAcceleration(0, Any[], Any[], 1.0e6))","n_kirred":196,"damping":"DFTK.AdaptiveDamping(0.075, 1.0, 0.8, 0.3, 1.1, 0.1)","type":"potmix"}