{"done":true,"kgrid":[7,7,4],"mixing":"SimpleMixing()","temperature":0.001,"Ecut":20.0,"lattice":[[7.653390804734369,0.0,0.0],[0.0,7.653390804734369,0.0],[0.0,0.0,15.306781609468738]],"n_electr":24,"n_bands":16,"α":[0.8,0.8,0.15274940397163372,0.5,0.1273719000396558,0.5,0.5,0.13089372209611697,0.5,0.5,0.13562425456556557,0.5,1.0,0.1350811876118878,0.5,1.0,0.1352977311770464,0.5],"energies":[-16.198414991638405,-15.133544552109106,-16.524202541590853,-16.18106650537085,-16.586422242626426,-16.587225842119565,-16.581415663392757,-16.58867801400921,-16.58872158153312,-16.588427740113453,-16.588797159005296,-16.588801800899905,-16.588801655967732,-16.588803560705564,-16.588803562572476,-16.58880356293711,-16.5888035633339,-16.58880356333623],"residuals":[304.6580027867159,108.63391736063282,54.62970878827927,54.41529381313991,22.728056151712888,11.615897349840989,8.572303652267086,4.9518165909958425,2.535051859448631,1.9043479755733412,1.0727057626892862,0.5374960829588442,0.10427177016922368,0.004937804569419321,0.002660373868605626,0.001516366561808743,0.00019051023971080876,0.00010408716853145754],"smearing":"DFTK.Smearing.Gaussian()","ndiag":[1,1,2,1,2,1,1,2,1,1,2,1,1,2,1,1,2,1],"fft_size":[25,25,50],"kwargs":"Base.Iterators.Pairs{Symbol, DFTK.AndersonAcceleration, Tuple{Symbol}, NamedTuple{(:acceleration,), Tuple{DFTK.AndersonAcceleration}}}(:acceleration => DFTK.AndersonAcceleration(0, Any[], Any[], 1.0e6))","n_kirred":196,"damping":"DFTK.AdaptiveDamping(0.125, 1.0, 0.8, 0.5, 1.1, 0.1)","type":"potmix"}