{"done":true,"kgrid":[7,7,4],"mixing":"SimpleMixing()","temperature":0.001,"Ecut":20.0,"lattice":[[7.653390804734369,0.0,0.0],[0.0,7.653390804734369,0.0],[0.0,0.0,15.306781609468738]],"n_electr":24,"n_bands":16,"α":[0.8,0.8,0.15274940301916132,0.2,0.2,0.2,0.2,0.2183979625413191,0.3174911986165655,0.39440526705596407,0.39440526705596407,0.13593506896465374,0.2,1.0,0.1381135209579839,0.2,0.9376245464819192,0.1446076895986558,0.2,0.6379520712381488,0.16107599068661171,0.2,0.5094274310957727,0.1844840530573613],"energies":[-16.19841499163839,-15.133544282176967,-16.52420270450947,-16.56686958957094,-16.58066825886364,-16.58496866439158,-16.58665675973887,-16.587525251784694,-16.58811255515796,-16.588163524634016,-16.58717317391458,-16.58874040459755,-16.588762499867443,-16.588803091312624,-16.588803505132624,-16.588803525793775,-16.588803560790872,-16.588803562707344,-16.588803562962013,-16.58880356326293,-16.588803563302033,-16.58880356331443,-16.58880356332916,-16.58880356333264],"residuals":[304.658002786716,108.63392322737667,54.6297023301158,42.506152838496206,33.54457613821474,26.699684098470485,21.326862437692583,16.6665402502372,11.40307981764634,7.063892668143871,5.126187584700281,3.6110879099242412,2.8898597412143716,0.0535885430528225,0.02203710479992826,0.017876700990681265,0.0039024471198793164,0.002081144308562259,0.0016799416631050027,0.000785070658304486,0.0005875510992321275,0.0004766882721596436,0.0002733112418496325,0.0002139889308581899],"smearing":"DFTK.Smearing.Gaussian()","ndiag":[1,1,2,1,1,1,1,1,1,1,1,2,1,1,2,1,1,2,1,1,2,1,1,2],"fft_size":[25,25,50],"kwargs":"Base.Iterators.Pairs{Symbol, DFTK.AndersonAcceleration, Tuple{Symbol}, NamedTuple{(:acceleration,), Tuple{DFTK.AndersonAcceleration}}}(:acceleration => DFTK.AndersonAcceleration(0, Any[], Any[], 1.0e6))","n_kirred":196,"damping":"DFTK.AdaptiveDamping(0.05, 1.0, 0.8, 0.2, 1.1, 0.1)","type":"potmix"}