{"done":true,"kgrid":[7,7,4],"use_diis":[false,false,false,false,false,false,false,false,false,false,false,false,false,false,false,false,false,false,false,false,false,false,false,false,false,false,false,false,false,false,false,false,false,false,false,false,false,false,false,false,false,false,false,false,false,false,false,false,false,false,false,false,false,false,false,false,false,false,false,false,false,false,false,false,false,false,false,false,false,false,false,false,false,false,false,false,false,false,false,false,false,false,false,false,false,false,false,false,false,false,false,false,false,false,false,false,false,false,false],"mixing":"SimpleMixing()","temperature":0.001,"Ecut":20.0,"lattice":[[7.653390804734369,0.0,0.0],[0.0,7.653390804734369,0.0],[0.0,0.0,15.306781609468738]],"n_electr":24,"n_bands":16,"α":[0.5,0.5,0.5,0.5,0.5,0.5,0.5,0.5,0.5,0.5,0.5,0.5,0.5,0.5,0.5,0.5,0.5,0.5,0.5,0.5,0.5,0.5,0.5,0.5,0.5,0.5,0.5,0.5,0.5,0.5,0.5,0.5,0.5,0.5,0.5,0.5,0.5,0.5,0.5,0.5,0.5,0.5,0.5,0.5,0.5,0.5,0.5,0.5,0.5,0.5,0.5,0.5,0.5,0.5,0.5,0.5,0.5,0.5,0.5,0.5,0.5,0.5,0.5,0.5,0.5,0.5,0.5,0.5,0.5,0.5,0.5,0.5,0.5,0.5,0.5,0.5,0.5,0.5,0.5,0.5,0.5,0.5,0.5,0.5,0.5,0.5,0.5,0.5,0.5,0.5,0.5,0.5,0.5,0.5,0.5,0.5,0.5,0.5,0.5],"energies":[-16.198414991638398,-16.073134852262456,-12.907293021048906,5.360407867159055,17.211925368164838,11.766511727502717,8.018359318604723,8.949603078217168,10.322690843407722,10.87520783065262,10.562482596377818,10.698238055137356,10.283139153680219,10.232588038975502,9.877564668413836,10.081392500059557,9.92825254650815,10.240662800991156,10.124395688504295,10.389531307463766,10.157475017322815,10.333720593425248,10.074250411707007,10.26901638251733,10.046477390193884,10.279707639606523,10.074760604762208,10.303675142895067,10.084653561502808,10.293830212016333,10.067571396640824,10.277356369719392,10.058656204787033,10.279199688652547,10.065394494834193,10.287995200357068,10.070970471824836,10.291317960175812,10.071629126980108,10.290003518575997,10.069772525107751,10.28878658613344,10.069550364123753,10.288659357782524,10.069539481407153,10.28790409378605,10.068671646560468,10.286825067963346,10.067892800329373,10.286568887935,10.068001393716642,10.287164256279462,10.068594007624144,10.287832834608192,10.069020271720214,10.288129610532959,10.069124456611053,10.288128240950728,10.069074310973892,10.287981976331436,10.068952396767552,10.287790567523656,10.068800002357627,10.287612654726018,10.068683563100539,10.287549291453264,10.0686684263695,10.287590511851691,10.068726399216397,10.287688934493717,10.06880038477249,10.287771912181968,10.068851933011757,10.287808265141647,10.068860256968431,10.287794499503823,10.068847492462915,10.287760398591002,10.068821115326507,10.287719460496776,10.068791344840307,10.287698652603659,10.068779237830647,10.287703038427919,10.068784567632669,10.287713172576808,10.068800773328974,10.287730115237707,10.068806390362752,10.287743183453362,10.068816265587008,10.287745725365696,10.068814574574699,10.287739029320571,10.068808482935237,10.287731434653365,10.068806065396066,10.287728110461956,10.068805356681493],"residuals":[304.65800278671594,160.1359368706321,162.21079354291578,353.2600185157559,482.3392912340843,451.54667601565257,418.916563209128,419.6829508728674,433.04232738928783,437.4442441793888,436.6403474670835,436.1078670769066,434.77659032880536,432.79150050372675,431.50267184587415,431.32381297195286,431.74263133382027,432.47513969555087,433.2577798021233,433.72965622478733,433.6720507864796,433.3716965935332,433.0438977448417,432.8307770128868,432.7789480625699,432.8774807061848,433.00288608461847,433.0907920449849,433.10707953866086,433.0429340327274,432.9731424529151,432.908865910786,432.89011731868163,432.91154151434625,432.9410294412917,432.97820793513193,432.9950506983335,433.00961735404127,433.00789492323855,433.0017648000813,432.99427047623675,432.9913203027984,432.9916503351769,432.9911502441038,432.9913449632364,432.9868456245109,432.98384901333486,432.97862744963334,432.9763339006699,432.9756623441908,432.9766058293942,432.97968631029266,432.9819068870101,432.9849644787124,432.9862151940955,432.9875199302673,432.98757866398944,432.98765425637856,432.98732854142526,432.9866602203349,432.9862600231657,432.9853222163578,432.984839749579,432.98396655297245,432.98368745661105,432.9834017327122,432.9834299754703,432.9836373543241,432.9838883568629,432.98435768540327,432.984586810321,432.9849825735065,432.98511656638976,432.98527850990047,432.98525329895085,432.985215373701,432.98515097481504,432.9849816735471,432.9848973876963,432.9846916613832,432.98460217436434,432.984498418,432.98449430146377,432.9845141549319,432.98453026469485,432.98459108307003,432.984650594469,432.984713485441,432.984724884034,432.9848041676958,432.9848317687876,432.9848398260568,432.98482751498887,432.98479389604944,432.9847591875215,432.98473311287466,432.9847375100155,432.98471998509973,432.98472668606007],"smearing":"DFTK.Smearing.Gaussian()","ndiag":[1,1,1,1,1,1,1,1,1,1,1,1,1,1,1,1,1,1,1,1,1,1,1,1,1,1,1,1,1,1,1,1,1,1,1,1,1,1,1,1,1,1,1,1,1,1,1,1,1,1,1,1,1,1,1,1,1,1,1,1,1,1,1,1,1,1,1,1,1,1,1,1,1,1,1,1,1,1,1,1,1,1,1,1,1,1,1,1,1,1,1,1,1,1,1,1,1,1,1],"fft_size":[25,25,50],"kwargs":"Base.Iterators.Pairs{Symbol, DFTK.AndersonAcceleration, Tuple{Symbol}, NamedTuple{(:acceleration,), Tuple{DFTK.AndersonAcceleration}}}(:acceleration => DFTK.AndersonAcceleration(0, Any[], Any[], 1.0e6))","n_kirred":196,"damping":"DFTK.FixedDamping(0.5)","type":"potmix"}