{"done":true,"kgrid":[7,7,4],"mixing":"SimpleMixing()","temperature":0.001,"Ecut":20.0,"lattice":[[7.653390804734369,0.0,0.0],[0.0,7.653390804734369,0.0],[0.0,0.0,15.306781609468738]],"n_electr":24,"n_bands":16,"α":[0.8,0.8,0.8,0.8,0.8,0.8,0.8,0.8,0.8,0.8,0.8,0.8,0.8,0.8,0.8,0.8,0.8,0.8,0.8,0.8,0.8,0.8,0.8,0.8,0.8,0.8,0.8,0.8,0.8,0.8,0.8,0.8,0.8,0.8,0.8,0.8,0.8,0.8,0.8,0.8,0.8,0.8,0.8,0.8,0.8,0.8,0.8,0.8,0.8,0.8,0.8,0.8,0.8,0.8,0.8,0.8,0.8,0.8,0.8,0.8,0.8,0.8,0.8,0.8,0.8,0.8,0.8,0.8,0.8,0.8,0.8,0.8,0.8,0.8,0.8,0.8,0.8,0.8,0.8,0.8,0.8,0.8,0.8,0.8,0.8,0.8,0.8,0.8,0.8,0.8,0.8,0.8,0.8,0.8,0.8,0.8,0.8,0.8,0.8],"energies":[-16.19841499163841,-15.133544614014287,7.980966978628484,28.786601435570166,26.398357662227635,23.64386603590182,23.435502699187786,24.247841546332893,24.053890883919106,24.15071734650361,23.710665388118944,24.061475756783526,23.671143841657678,23.920329561929858,23.41493715160943,23.537129584399175,23.11396349037708,23.464288355212542,22.9130047322409,23.394205655042292,22.84571845448285,23.355581762863242,22.81745783053358,23.3396677167973,22.808332295835363,23.337077841535013,22.80863974451011,23.339541926216803,22.812092121378512,23.343255265107295,22.815782501283334,23.34675896602665,22.81902612808613,23.349526628815763,22.821559820333515,23.351573137590147,22.823409894750714,23.353051281993395,22.82471002811498,23.354089088156346,22.82563788264497,23.35485300174584,22.826260648477355,23.355329142276283,22.82668837613179,23.35565741698295,22.8269916508328,23.355881865436064,22.827198629756847,23.356021348111295,22.827340767702683,23.356132025886808,22.82743449988814,23.356204452322142,22.82750035399854,23.356251192380544,22.82754613475964,23.356284381563928,22.827580074607855,23.356303596649955,22.827598056135237,23.356324850834262,22.827614131733498,23.35632856761422,22.827622152738865,23.356338687855708,22.827626781678457,23.356343320930428,22.82763776455053,23.356344725973635,22.82763848417033,23.35634502633673,22.827641229770826,23.35635012038256,22.827639805027758,23.356355732612872,22.827643752746088,23.35635396722115,22.827642875941166,23.356352938309,22.827641699845067,23.35635699222088,22.82764384927433,23.356354745754896,22.82764351114688,23.35635435199461,22.827641816056193,23.356350750390284,22.82764135896758,23.356352727811228,22.82764213600529,23.3563545482421,22.82763973900407,23.356350682348165,22.82764361648164,23.356354560305224,22.827643815576508,23.35635293340777,22.827640852508292],"residuals":[304.6580027867159,108.6339163226169,374.7925126473942,642.9729876178134,668.4203115155663,645.0072906912603,639.0340734665864,642.4984755017097,644.0994376816511,643.444712116264,642.3284696606022,642.2630534983132,642.1600186601419,641.706815371915,640.8901582609574,639.6868949614787,638.8746670339159,638.8516152171342,638.1777333568791,638.1178928385438,637.9257051005604,637.8619444266392,637.7956881355719,637.7728180814237,637.7567632992047,637.7624712098778,637.7689922196337,637.7831119613011,637.7962577563866,637.8106855123748,637.8230461109595,637.835366323303,637.845692822221,637.8549209718026,637.8628709158496,637.8694591532433,637.8751922350442,637.8798960369163,637.8838974905331,637.8871740753855,637.8900407373503,637.8924444478243,637.8943252156803,637.8958105654676,637.8971262564111,637.8981469646388,637.899064735632,637.8997614070511,637.9003986166399,637.9008067706046,637.901259772322,637.9015940340952,637.9018790442959,637.9020928758089,637.9022967336207,637.9024553254792,637.90259177589,637.9026887707447,637.9027911290246,637.902847941341,637.9029082175025,637.9029712840081,637.9030153680501,637.9030465063701,637.9030734405485,637.9030849526855,637.9031050962648,637.9031236813819,637.9031524705433,637.9031490460196,637.9031481502652,637.9031664290868,637.903179162194,637.9031906345014,637.9031866052251,637.9032042107426,637.9032130885071,637.9032065296235,637.9032032481531,637.9032011497137,637.9032060499039,637.9032181437086,637.9032221729916,637.9032140128886,637.9032107903846,637.9032052939068,637.903190757917,637.9031823347043,637.9031923978099,637.9031918291436,637.903194370372,637.9031963669619,637.9031898863036,637.9031937055512,637.9032035583755,637.9032140906417,637.9032144012892,637.9031988089696,637.9031903534003],"smearing":"DFTK.Smearing.Gaussian()","ndiag":[1,1,1,1,1,1,1,1,1,1,1,1,1,1,1,1,1,1,1,1,1,1,1,1,1,1,1,1,1,1,1,1,1,1,1,1,1,1,1,1,1,1,1,1,1,1,1,1,1,1,1,1,1,1,1,1,1,1,1,1,1,1,1,1,1,1,1,1,1,1,1,1,1,1,1,1,1,1,1,1,1,1,1,1,1,1,1,1,1,1,1,1,1,1,1,1,1,1,1],"fft_size":[25,25,50],"kwargs":"Base.Iterators.Pairs{Symbol, DFTK.AndersonAcceleration, Tuple{Symbol}, NamedTuple{(:acceleration,), Tuple{DFTK.AndersonAcceleration}}}(:acceleration => DFTK.AndersonAcceleration(0, Any[], Any[], 1.0e6))","n_kirred":196,"damping":"DFTK.FixedDamping(0.8)","type":"potmix"}