{"done":true,"kgrid":[7,7,4],"mixing":"SimpleMixing()","temperature":0.001,"Ecut":20.0,"lattice":[[7.653390804734369,0.0,0.0],[0.0,7.653390804734369,0.0],[0.0,0.0,15.306781609468738]],"n_electr":24,"n_bands":16,"α":[1.0,1.0,1.0,1.0,1.0,1.0,1.0,1.0,1.0,1.0,1.0,1.0,1.0,1.0,1.0,1.0,1.0,1.0,1.0,1.0,1.0,1.0,1.0,1.0,1.0,1.0,1.0,1.0,1.0,1.0,1.0,1.0,1.0,1.0,1.0,1.0,1.0,1.0,1.0,1.0,1.0,1.0,1.0,1.0,1.0,1.0,1.0,1.0,1.0,1.0,1.0,1.0,1.0,1.0,1.0,1.0,1.0,1.0,1.0,1.0,1.0,1.0,1.0,1.0,1.0,1.0,1.0,1.0,1.0,1.0,1.0,1.0,1.0,1.0,1.0,1.0,1.0,1.0,1.0,1.0,1.0,1.0,1.0,1.0,1.0,1.0,1.0,1.0,1.0,1.0,1.0,1.0,1.0,1.0,1.0,1.0,1.0,1.0,1.0],"energies":[-16.198414991638394,-14.148421041894094,17.945897998231025,32.413327038136174,32.80140846198562,33.325549967815064,32.81573930210083,33.32466801915065,32.814270321344154,33.32344522652815,32.813094295485804,33.32236444786911,32.81223236806647,33.32139577521054,32.81169108563404,33.3205033013578,32.81137310273317,33.319621089028615,32.81115691776557,33.31875801168609,32.810972037645016,33.3179366273508,32.81084663102825,33.31709541715117,32.810781652704016,33.31626214349948,32.81081645333727,33.31544114653371,32.810790938913385,33.31464272442867,32.81073006397014,33.31386908438501,32.810680758312245,33.313117720577964,32.81073063850171,33.312334480415515,32.810756856761714,33.311658815472406,32.81074780947414,33.31081945720998,32.810740856670925,33.31013062869495,32.81071590089273,33.30941349463409,32.81068686144463,33.30869852915968,32.810683471702156,33.307985291054564,32.81071579912405,33.30728057381833,32.81072483009993,33.30659462066211,32.81068864654009,33.305877906443556,32.81062119644265,33.30521015186514,32.810653127003036,33.304549027829424,32.810653756468575,33.30389311193059,32.810710849993086,33.303246143417354,32.810642553598065,33.302616367895254,32.81062366392384,33.30198394597081,32.81063476705135,33.30136036223046,32.810644308462486,33.300743786208415,32.81066056559422,33.30013563347903,32.81067924779852,33.29953373116261,32.81069400580541,33.29894040011139,32.81071214567182,33.29835092443,32.81072846510125,33.29776802984032,32.81075009221708,33.29719356473687,32.810776972648846,33.29662828535942,32.810794345299925,33.29606940041007,32.81081475564202,33.29551812163808,32.8108455109262,33.29497614697081,32.81087024505751,33.29444116336489,32.81090153669701,33.29391150726392,32.81091884488099,33.29339427267896,32.81094366030094,33.29288166848656,32.81097640154684],"residuals":[304.658002786716,116.86810742020945,466.7832299062494,776.6815260896593,827.1660266880193,829.6896552687838,829.730192437859,829.72812501545,829.7246841307949,829.7216584182304,829.7191194374316,829.716515848387,829.7148593795005,829.7126069289916,829.7118871392001,829.7098493724834,829.7097688776523,829.7077638398476,829.7079699276384,829.7059759993133,829.7062995698806,829.7044199005983,829.7049083876401,829.7029785367838,829.703619221182,829.7017420334338,829.702612992865,829.700741159357,829.7014522949943,829.6996008093249,829.7002193832495,829.6984318587857,829.6990942770782,829.6974072158223,829.6982922550293,829.6964676641886,829.6973244173313,829.6958255431742,829.6965148404423,829.6945692282541,829.6952790541546,829.693724216094,829.6943853747879,829.692732951434,829.6933649074438,829.6917227626353,829.6924174328184,829.690780083067,829.6915692939778,829.689940181122,829.6906648614367,829.6890649016606,829.689657803351,829.6879819460289,829.6885002687079,829.6869733060764,829.6876979950827,829.6861929549967,829.6868696968289,829.6853781288426,829.68617409206,829.6846498989386,829.6850984200238,829.6836385616145,829.6842375915643,829.6827725896476,829.6834403536266,829.6819967922285,829.6826546666771,829.6812241491297,829.6818936479434,829.6804746030997,829.681145279677,829.6797439160209,829.680398383236,829.6790071199312,829.6796593842686,829.6782722685158,829.6789126484259,829.6775614682242,829.6782058955017,829.6768424058423,829.6774968578918,829.6761566307937,829.6767772844626,829.6754777848467,829.676094046772,829.6748078877392,829.6754500802643,829.6741676207648,829.6747921338051,829.6735500705998,829.6741874194215,829.6729518721505,829.6735413610248,829.6723286090672,829.6729409933606,829.6717445807932,829.6723654569573],"smearing":"DFTK.Smearing.Gaussian()","ndiag":[1,1,1,1,1,1,1,1,1,1,1,1,1,1,1,1,1,1,1,1,1,1,1,1,1,1,1,1,1,1,1,1,1,1,1,1,1,1,1,1,1,1,1,1,1,1,1,1,1,1,1,1,1,1,1,1,1,1,1,1,1,1,1,1,1,1,1,1,1,1,1,1,1,1,1,1,1,1,1,1,1,1,1,1,1,1,1,1,1,1,1,1,1,1,1,1,1,1,1],"fft_size":[25,25,50],"kwargs":"Base.Iterators.Pairs{Symbol, DFTK.AndersonAcceleration, Tuple{Symbol}, NamedTuple{(:acceleration,), Tuple{DFTK.AndersonAcceleration}}}(:acceleration => DFTK.AndersonAcceleration(0, Any[], Any[], 1.0e6))","n_kirred":196,"damping":"DFTK.FixedDamping(1.0)","type":"potmix"}