{"done":true,"kgrid":[7,7,4],"use_diis":[false,false,false,false,false,false,false,false,false,false,false,false,false,false,false,false,false,false,false,false,false,false,false,false,false,false,false,false,false,false,false,false,false,false,false,false,false,false,false,false,false,false,false,false,false,false,false,false,false,false,false,false,false,false,false,false,false,false,false,false,false,false,false,false,false,false,false,false,false,false,false,false,false,false,false,false,false,false,false,false,false,false,false,false,false,false,false,false,false,false,false,false,false,false,false,false,false,false,false],"mixing":"SimpleMixing()","temperature":0.001,"Ecut":20.0,"lattice":[[7.653390804734369,0.0,0.0],[0.0,7.653390804734369,0.0],[0.0,0.0,15.306781609468738]],"n_electr":24,"n_bands":16,"α":[0.4,0.4,0.4,0.4,0.4,0.4,0.4,0.4,0.4,0.4,0.4,0.4,0.4,0.4,0.4,0.4,0.4,0.4,0.4,0.4,0.4,0.4,0.4,0.4,0.4,0.4,0.4,0.4,0.4,0.4,0.4,0.4,0.4,0.4,0.4,0.4,0.4,0.4,0.4,0.4,0.4,0.4,0.4,0.4,0.4,0.4,0.4,0.4,0.4,0.4,0.4,0.4,0.4,0.4,0.4,0.4,0.4,0.4,0.4,0.4,0.4,0.4,0.4,0.4,0.4,0.4,0.4,0.4,0.4,0.4,0.4,0.4,0.4,0.4,0.4,0.4,0.4,0.4,0.4,0.4,0.4,0.4,0.4,0.4,0.4,0.4,0.4,0.4,0.4,0.4,0.4,0.4,0.4,0.4,0.4,0.4,0.4,0.4,0.4],"energies":[-16.198414991638394,-16.237699963981967,-15.480443352755131,-11.63992293761425,1.1136778707439223,11.160090396347707,7.530511079948183,4.346030387533848,4.344011217635566,5.480052751830288,5.672117260372211,5.921390106613237,6.122891473713421,6.482481747960896,6.631712721208476,6.538517834818293,6.186085822641295,6.205876533296036,6.01311535004604,6.01434312192823,5.858514023472168,5.956159127320441,5.86581513661339,6.007134576699731,5.9510820193507366,6.134426645324182,6.032894788561689,6.187897552280414,6.116078367929609,6.269239317502762,6.158736917488814,6.258589468608691,6.115238957260573,6.239608511395887,6.1168828171550835,6.238042823881238,6.112150873019563,6.237200618797241,6.115920197409471,6.2382530712527915,6.111106449136469,6.233033372023355,6.102432417762205,6.224817779413484,6.093329343886385,6.217560791388297,6.088935736443383,6.216773372087603,6.091532110415254,6.221436099979676,6.097582560165405,6.226950757870115,6.102856854691985,6.230545418479149,6.105760805228554,6.232016945303341,6.106872150214636,6.232364485976754,6.107026160571813,6.232197549921584,6.106547981749216,6.231693807569885,6.105659113464863,6.230948784053782,6.104597798444815,6.2301375458778745,6.103643652408215,6.2294845780608545,6.103049164744786,6.229161508515466,6.102899051008968,6.229196698838166,6.103120650112894,6.229466585881294,6.1035234565867205,6.229820565926973,6.103947317030527,6.2301180334291395,6.10424976224791,6.230316826837752,6.104423420611839,6.2303897718906605,6.104442595319943,6.230369229483605,6.104375341884611,6.230286929904834,6.104244190501673,6.230178914081867,6.104112955809837,6.230082617464051,6.104012011128326,6.230017051332636,6.103953081993695,6.22999392699786,6.103951744019146,6.230002141306259,6.10397638580815,6.230032630050088,6.1040223121815504],"residuals":[304.65800278671594,186.28269323812503,134.15260600356865,178.53671620108295,317.61005490812806,412.8081501817251,393.9959088131001,363.32436731571767,361.44833258805386,370.37813430940275,373.7673527478436,374.5691262204271,376.96257231734006,379.06914392432793,380.95868408521187,380.13827781652134,377.8069916785274,377.1071122589882,376.4611516282496,375.67635293578377,375.18580599206217,375.1350389986756,375.22698082806767,375.49978698431363,375.88124217226687,376.43418464772395,376.6071889311144,376.83891119677105,377.1961319935774,377.48517589215913,377.5733255583547,377.4332045558614,377.23475173090605,377.23685925203966,377.2489817879994,377.232708864186,377.21331890852565,377.2213937351404,377.24116325191267,377.23462944935414,377.2047621215996,377.1879658201038,377.14508290408384,377.1253457671186,377.0876881249525,377.07075560911767,377.05720161753334,377.0623725455079,377.0759694198511,377.0963440073593,377.12038735076254,377.13788234899454,377.15706572802645,377.1644499727373,377.1744405483825,377.174554670264,377.17887474416693,377.17670850092475,377.1778589169136,377.1755276051166,377.17375713404783,377.1718194549822,377.1678491716924,377.1662377450108,377.1614245934503,377.1601867696243,377.1559798723763,377.1553419276454,377.15285314727515,377.15296101197436,377.15242274226637,377.1532148244563,377.1541963485528,377.15519636019053,377.1568779913926,377.1577787365847,377.159510421678,377.15995827209633,377.1612037539233,377.16138632255536,377.1620890324494,377.16192236490866,377.1619923999852,377.16175233530316,377.16146862867123,377.16115893164994,377.16060456545256,377.1603608571742,377.15980732309004,377.15966152887745,377.1592383952289,377.15918013160683,377.1589361512299,377.1590051816104,377.1590092175676,377.15908460545967,377.15918460888037,377.15929724716835,377.1594919107848],"smearing":"DFTK.Smearing.Gaussian()","ndiag":[1,1,1,1,1,1,1,1,1,1,1,1,1,1,1,1,1,1,1,1,1,1,1,1,1,1,1,1,1,1,1,1,1,1,1,1,1,1,1,1,1,1,1,1,1,1,1,1,1,1,1,1,1,1,1,1,1,1,1,1,1,1,1,1,1,1,1,1,1,1,1,1,1,1,1,1,1,1,1,1,1,1,1,1,1,1,1,1,1,1,1,1,1,1,1,1,1,1,1],"fft_size":[25,25,50],"kwargs":"Base.Iterators.Pairs{Symbol, DFTK.AndersonAcceleration, Tuple{Symbol}, NamedTuple{(:acceleration,), Tuple{DFTK.AndersonAcceleration}}}(:acceleration => DFTK.AndersonAcceleration(0, Any[], Any[], 1.0e6))","n_kirred":196,"damping":"DFTK.FixedDamping(0.4)","type":"potmix"}