{"done":true,"kgrid":[7,7,4],"use_diis":[false,false,false,false,false,false,false,false,false,false,false,false,false,false,false,false,false,false,false,false,false,false,false,false,false,false,false,false,false,false,false,false,false,false,false,false,false,false,false,false,false,false,false,false,false,false,false,false,false,false,false,false,false,false,false,false],"mixing":"SimpleMixing()","temperature":0.001,"Ecut":20.0,"lattice":[[7.653390804734369,0.0,0.0],[0.0,7.653390804734369,0.0],[0.0,0.0,15.306781609468738]],"n_electr":24,"n_bands":16,"α":[0.2,0.2,0.2,0.2,0.2,0.2,0.2,0.2,0.2,0.2,0.2,0.2,0.2,0.2,0.2,0.2,0.2,0.2,0.2,0.2,0.2,0.2,0.2,0.2,0.2,0.2,0.2,0.2,0.2,0.2,0.2,0.2,0.2,0.2,0.2,0.2,0.2,0.2,0.2,0.2,0.2,0.2,0.2,0.2,0.2,0.2,0.2,0.2,0.2,0.2,0.2,0.2,0.2,0.2,0.2,0.2],"energies":[-16.198414991638394,-16.360848194431945,-16.45147481430794,-16.502905975746415,-16.53409180218727,-16.553687508768466,-16.566183373687814,-16.574202735576247,-16.579366965392968,-16.582699037931366,-16.58485175538807,-16.586243870139104,-16.58714479818856,-16.587728184040078,-16.588106138685845,-16.588351112834385,-16.58850995172247,-16.588612977446758,-16.588679822463526,-16.588723204984877,-16.58875136683552,-16.588769652311857,-16.58878152771002,-16.588789241679205,-16.588794253518547,-16.588797510405733,-16.588799627234263,-16.588801003319126,-16.58880189803593,-16.588802479863453,-16.58880285829382,-16.588803104471705,-16.58880326464437,-16.58880336887492,-16.588803436712702,-16.588803480871533,-16.58880350962173,-16.588803528342716,-16.588803540535267,-16.588803548477333,-16.588803553651488,-16.588803557022967,-16.588803559220167,-16.58880356065235,-16.588803561586023,-16.588803562194798,-16.588803562591814,-16.588803562850764,-16.5888035630197,-16.58880356312992,-16.588803563201864,-16.588803563248813,-16.588803563279466,-16.58880356329948,-16.588803563312553,-16.58880356332109],"residuals":[304.65800278671594,243.6695063878124,194.91336174556204,155.9533784598022,124.79232529440293,99.85925084938862,79.90811679617602,63.94247590661235,51.16667588262506,40.94327484298827,32.76255589586273,26.216362659661552,20.978174585077973,16.78663204480277,13.432617550150214,10.748777251092953,8.601201688227965,6.8827343522670015,5.507631830383225,4.407283060880255,3.526787525432577,2.822214881383745,2.2584132907409034,1.807255020039917,1.4462329651253414,1.1573374228637032,0.9261573253163851,0.7411612140951263,0.5931217732553579,0.4746554013469303,0.37985381853236116,0.3039892347796787,0.24327847448035997,0.19469422201172235,0.15581400176830992,0.12469932033120042,0.09979896271308637,0.07987161362876181,0.06392394126423975,0.051161050865511586,0.04094683821584528,0.03277226639668446,0.02622997979315307,0.0209939915148409,0.01680342708970052,0.013449517791309342,0.01076519229139055,0.008616746851112049,0.006897180490445267,0.005520861011855229,0.0044192570495149444,0.0035375226128906315,0.002831763544470386,0.002266850366812862,0.0018146678053882787,0.0014527141385942276],"smearing":"DFTK.Smearing.Gaussian()","ndiag":[1,1,1,1,1,1,1,1,1,1,1,1,1,1,1,1,1,1,1,1,1,1,1,1,1,1,1,1,1,1,1,1,1,1,1,1,1,1,1,1,1,1,1,1,1,1,1,1,1,1,1,1,1,1,1,1],"fft_size":[25,25,50],"kwargs":"Base.Iterators.Pairs{Symbol, DFTK.AndersonAcceleration, Tuple{Symbol}, NamedTuple{(:acceleration,), Tuple{DFTK.AndersonAcceleration}}}(:acceleration => DFTK.AndersonAcceleration(0, Any[], Any[], 1.0e6))","n_kirred":196,"damping":"DFTK.FixedDamping(0.2)","type":"potmix"}