{"done":true,"kgrid":[7,7,4],"use_diis":[false,false,false,false,false,false,false,false,false,false,false,false,false,false,false,false,false,false,false,false,false,false,false,false,false,false,false,false,false,false,false,false,false,false,false,false,false,false,false,false,false,false,false,false,false,false,false,false,false,false,false,false,false,false,false,false,false,false,false,false,false,false,false,false,false,false,false,false,false,false,false,false,false,false,false,false,false,false,false,false,false,false,false,false,false,false,false,false,false,false,false,false,false,false,false,false,false,false,false],"mixing":"SimpleMixing()","temperature":0.001,"Ecut":20.0,"lattice":[[7.653390804734369,0.0,0.0],[0.0,7.653390804734369,0.0],[0.0,0.0,15.306781609468738]],"n_electr":24,"n_bands":16,"α":[0.1,0.1,0.1,0.1,0.1,0.1,0.1,0.1,0.1,0.1,0.1,0.1,0.1,0.1,0.1,0.1,0.1,0.1,0.1,0.1,0.1,0.1,0.1,0.1,0.1,0.1,0.1,0.1,0.1,0.1,0.1,0.1,0.1,0.1,0.1,0.1,0.1,0.1,0.1,0.1,0.1,0.1,0.1,0.1,0.1,0.1,0.1,0.1,0.1,0.1,0.1,0.1,0.1,0.1,0.1,0.1,0.1,0.1,0.1,0.1,0.1,0.1,0.1,0.1,0.1,0.1,0.1,0.1,0.1,0.1,0.1,0.1,0.1,0.1,0.1,0.1,0.1,0.1,0.1,0.1,0.1,0.1,0.1,0.1,0.1,0.1,0.1,0.1,0.1,0.1,0.1,0.1,0.1,0.1,0.1,0.1,0.1,0.1,0.1],"energies":[-16.198414991638398,-16.317485903311148,-16.371997275392104,-16.41437625987981,-16.448383933449577,-16.475465193710054,-16.497129919904133,-16.514566615114877,-16.528632525180253,-16.539997617209153,-16.549192445865,-16.556639218979907,-16.562675145368292,-16.56757080149257,-16.571543799093064,-16.574769552220516,-16.577389695325067,-16.579518691114238,-16.58124911985367,-16.582655980567804,-16.583800054215278,-16.584730631959626,-16.585487710238194,-16.58610373682182,-16.58660506862074,-16.58701312565867,-16.587345306959957,-16.587615750625073,-16.58783595812294,-16.588015279697338,-16.588161321880825,-16.588280271180846,-16.588377161560288,-16.588456089955123,-16.58852039140276,-16.588572780150336,-16.588615466276465,-16.588650248821168,-16.588678592973388,-16.588701691931192,-16.588720517299492,-16.588735860706436,-16.58874836675388,-16.588758560699628,-16.588766870391595,-16.58877364446052,-16.588779166912953,-16.588783669218163,-16.588787339987313,-16.588790332926553,-16.588792773308572,-16.588794763215684,-16.588796385861162,-16.58879770910256,-16.588798788211037,-16.588799668269974,-16.588800386021724,-16.588800971421357,-16.588801448890788,-16.58880183834293,-16.588802156015365,-16.58880241514575,-16.588802626530413,-16.588802798972313,-16.588802939651302,-16.588803054421206,-16.58880314805779,-16.588803224454384,-16.588803286787456,-16.58880333764749,-16.58880337914778,-16.58880341301197,-16.58880344064604,-16.58880346319689,-16.588803481600088,-16.588803496619057,-16.58880350887654,-16.588803518880617,-16.588803527045805,-16.588803533710326,-16.588803539150174,-16.58880354359055,-16.588803547215218,-16.588803550174095,-16.588803552589575,-16.588803554561515,-16.5888035561714,-16.588803557485754,-16.588803558558872,-16.58880355943505,-16.58880356015046,-16.588803560734622,-16.58880356121163,-16.588803561601154,-16.588803561919242,-16.58880356217901,-16.588803562391156,-16.588803562564415,-16.588803562705927],"residuals":[304.65800278671594,273.84939208173756,246.50037131162097,221.89020827758753,199.7351347370241,179.7901357544536,161.83521996603127,145.6722234284329,131.12259894809796,118.02552699356632,106.23616256297039,95.6240581992281,86.07174695328673,77.47345952386758,69.73396538440647,62.76752729379147,56.496958741140034,50.852772421046275,45.77241445491491,41.199573803724284,37.0835602053115,33.378743915724044,30.04405102062152,27.042508803531167,24.340836870029623,21.909078677379753,19.72026959785179,17.750138181507722,15.97683758373153,14.380703182397744,12.94403480432771,11.65090048508037,10.48695989491521,9.439305392074383,8.49631882801217,7.647542806588274,6.8835647268315165,6.195912405370512,5.576960086827205,5.0198439500576635,4.518385931190453,4.067025243819988,3.660756701865265,3.2950751847941726,2.965925690302618,2.6696583666884615,2.4029880325036403,2.1629577443790438,1.9469059862065996,1.7524371592291608,1.5773950190757804,1.4198387512344268,1.2780214429520083,1.1503707379838533,1.0354713542292289,0.9320494200857552,0.8389583303529528,0.7551660378393427,0.679743600398724,0.6118548867566859,0.5507473003090639,0.4957434321457435,0.4462335513502565,0.4016688401688038,0.3615553098446053,0.32544832201725044,0.2929476585280107,0.26369308384103834,0.23736034861281569,0.21365759648630941,0.19232212666741438,0.1731174820952161,0.1558308256796537,0.14027058244437188,0.12626431419920908,0.1136568083746802,0.1023083570019011,0.092093207080753,0.08289816769024588,0.07462135430380486,0.06717105923806001,0.06046473528677226,0.05442808029208797,0.04899421402889352,0.0441029364033447,0.03970006000538396,0.035736809948020004,0.03216928289279056,0.028957960421962966,0.026067271231502803,0.023465196639022065,0.021122915813721835,0.019014486393972487,0.017116556861453112,0.015408107885517212,0.013870219270727348,0.012485860393867086,0.011239701363897767,0.01011794326666134],"smearing":"DFTK.Smearing.Gaussian()","ndiag":[1,1,1,1,1,1,1,1,1,1,1,1,1,1,1,1,1,1,1,1,1,1,1,1,1,1,1,1,1,1,1,1,1,1,1,1,1,1,1,1,1,1,1,1,1,1,1,1,1,1,1,1,1,1,1,1,1,1,1,1,1,1,1,1,1,1,1,1,1,1,1,1,1,1,1,1,1,1,1,1,1,1,1,1,1,1,1,1,1,1,1,1,1,1,1,1,1,1,1],"fft_size":[25,25,50],"kwargs":"Base.Iterators.Pairs{Symbol, DFTK.AndersonAcceleration, Tuple{Symbol}, NamedTuple{(:acceleration,), Tuple{DFTK.AndersonAcceleration}}}(:acceleration => DFTK.AndersonAcceleration(0, Any[], Any[], 1.0e6))","n_kirred":196,"damping":"DFTK.FixedDamping(0.1)","type":"potmix"}