{"done":true,"kgrid":[7,7,4],"mixing":"SimpleMixing()","temperature":0.001,"Ecut":20.0,"lattice":[[7.653390804734369,0.0,0.0],[0.0,7.653390804734369,0.0],[0.0,0.0,15.306781609468738]],"n_electr":24,"n_bands":16,"α":[0.6,0.6,0.6,0.6,0.6,0.6,0.6,0.6,0.6,0.6,0.6,0.6,0.6,0.6,0.6,0.6,0.6,0.6,0.6,0.6,0.6,0.6,0.6,0.6,0.6,0.6,0.6,0.6,0.6,0.6,0.6,0.6,0.6,0.6,0.6,0.6,0.6,0.6,0.6,0.6,0.6,0.6,0.6,0.6,0.6,0.6,0.6,0.6,0.6,0.6,0.6,0.6,0.6,0.6,0.6,0.6,0.6,0.6,0.6,0.6,0.6,0.6,0.6,0.6,0.6,0.6,0.6,0.6,0.6,0.6,0.6,0.6,0.6,0.6,0.6,0.6,0.6,0.6,0.6,0.6,0.6,0.6,0.6,0.6,0.6,0.6,0.6,0.6,0.6,0.6,0.6,0.6,0.6,0.6,0.6,0.6,0.6,0.6,0.6],"energies":[-16.19841499163841,-15.825563540258297,-7.134037996148794,17.951442142720065,20.249370694082284,13.308674917045813,12.027646828463997,14.196399461175695,14.546369296855849,14.562485817134199,14.211630021187064,14.614977004334762,14.174544313115335,14.329089083915502,13.924146212065907,14.224105196775072,13.923374010082522,14.238393957229816,13.909368940719208,14.223582256280762,13.912473097788638,14.201570384357812,13.86131866308851,14.163541037489786,13.853377271702316,14.174300989094744,13.868237509599961,14.18411457655204,13.873059744719098,14.181911740367713,13.869070675598872,14.177900851240455,13.866339046386685,14.177180004576103,13.865244085943452,14.176566447519454,13.863556547128601,14.175102763230743,13.862289693103733,14.17451594223787,13.862490552880566,14.175031010925116,13.86341348798688,14.175670777661445,13.864006710295401,14.175910235161965,13.864120094317146,14.175830579905101,13.863955390537319,14.175691733472313,13.863697187000836,14.175513916215952,13.863464133015684,14.17542289662262,13.863376850783574,14.175403491812483,13.86343123525262,14.17546039244816,13.863528125392524,14.1755356442923,13.863605637176914,14.175567319608497,13.86363882025916,14.175564535948192,13.863613473947586,14.17554647282879,13.863577325990674,14.175525054545792,13.863556736025128,14.175515591041032,13.863540279641269,14.175514884425642,13.86354607813139,14.175521787416082,13.86355823865794,14.175527547496444,13.86357171164245,14.175531057391797,13.863574447010784,14.175532579867909,13.863568013108265,14.175526905916746,13.863563563212628,14.175527537610286,13.863563949852333,14.175525688748596,13.86356001950232,14.175523606390962,13.863563521044648,14.17552461578196,13.863560422446803,14.175529181747855,13.863563863407709,14.1755295524794,13.863567519762015,14.175532680033896,13.863564100953628,14.175525881556393,13.863566457041658],"residuals":[304.6580027867159,137.27418997078243,234.61369112399655,473.10450865334695,546.2735721419388,493.2133746517206,476.34219847600906,487.77541031047576,496.18419790616326,494.82198093696377,493.96733733712483,494.73827954320205,494.25727659678495,492.9856970405488,492.21840367121956,492.00403044403606,492.1164230085506,492.18446399199775,492.1318750356346,492.1067815882919,492.14310991210635,492.0102424384096,491.7976522601469,491.68737661122015,491.6942074586297,491.7542157318988,491.8117372868936,491.84498977123104,491.8575901006994,491.8422568540552,491.8279691766845,491.8135445729152,491.80641410152356,491.80633828026583,491.80183913154303,491.80062560280163,491.7927213673511,491.7880473546123,491.7832804858851,491.7820320561954,491.78346656827114,491.78574593710505,491.7895376973328,491.79150433861315,491.7937307399405,491.7941996799371,491.79462652642945,491.79408038535945,491.79351925510025,491.7930418616246,491.7919726196015,491.7914468094472,491.7904888085682,491.79035755979834,491.7899413688467,491.78999483421165,491.790232817847,491.7904312874279,491.790834787762,491.7910785039621,491.79136688564824,491.7914463123643,491.79158634291167,491.79151028730047,491.79142542834103,491.7913542711949,491.791212820964,491.79118154217514,491.7910832095556,491.7910539002068,491.7909905335311,491.79100724399814,491.7910267055903,491.7910481138262,491.79109066174874,491.7911130700484,491.79116841911605,491.79116969266494,491.79118915313836,491.7911709163665,491.79114014865075,491.7911254156359,491.7911171831825,491.791132345435,491.791126778904,491.791116036216,491.79109247089656,491.7911022509131,491.7911121571227,491.7911013678411,491.79110252689617,491.7911184428723,491.79112636790995,491.7911359326881,491.79115824457153,491.7911634373786,491.7911332128019,491.7911191988711,491.79113991740616],"smearing":"DFTK.Smearing.Gaussian()","ndiag":[1,1,1,1,1,1,1,1,1,1,1,1,1,1,1,1,1,1,1,1,1,1,1,1,1,1,1,1,1,1,1,1,1,1,1,1,1,1,1,1,1,1,1,1,1,1,1,1,1,1,1,1,1,1,1,1,1,1,1,1,1,1,1,1,1,1,1,1,1,1,1,1,1,1,1,1,1,1,1,1,1,1,1,1,1,1,1,1,1,1,1,1,1,1,1,1,1,1,1],"fft_size":[25,25,50],"kwargs":"Base.Iterators.Pairs{Symbol, DFTK.AndersonAcceleration, Tuple{Symbol}, NamedTuple{(:acceleration,), Tuple{DFTK.AndersonAcceleration}}}(:acceleration => DFTK.AndersonAcceleration(0, Any[], Any[], 1.0e6))","n_kirred":196,"damping":"DFTK.FixedDamping(0.6)","type":"potmix"}