{"done":true,"kgrid":[7,7,4],"mixing":"SimpleMixing()","temperature":0.001,"Ecut":20.0,"lattice":[[7.653390804734369,0.0,0.0],[0.0,7.653390804734369,0.0],[0.0,0.0,15.306781609468738]],"n_electr":24,"n_bands":16,"α":[0.7,0.7,0.7,0.7,0.7,0.7,0.7,0.7,0.7,0.7,0.7,0.7,0.7,0.7,0.7,0.7,0.7,0.7,0.7,0.7,0.7,0.7,0.7,0.7,0.7,0.7,0.7,0.7,0.7,0.7,0.7,0.7,0.7,0.7,0.7,0.7,0.7,0.7,0.7,0.7,0.7,0.7,0.7,0.7,0.7,0.7,0.7,0.7,0.7,0.7,0.7,0.7,0.7,0.7,0.7,0.7,0.7,0.7,0.7,0.7,0.7,0.7,0.7,0.7,0.7,0.7,0.7,0.7,0.7,0.7,0.7,0.7,0.7,0.7,0.7,0.7,0.7,0.7,0.7,0.7,0.7,0.7,0.7,0.7,0.7,0.7,0.7,0.7,0.7,0.7,0.7,0.7,0.7,0.7,0.7,0.7,0.7,0.7,0.7],"energies":[-16.198414991638412,-15.47323797231499,1.0948709504665866,25.924971418929672,23.268236455196682,17.51796094990368,17.182918756281175,18.556539909353532,18.451932248756002,18.667416943218008,18.303453102630115,18.762494379658303,18.317130484517204,18.657077369124547,18.211896145856763,18.593910318496096,18.172637772024842,18.5678996249986,18.167875617830905,18.577825646641532,18.16924036331392,18.556790517829146,18.16218314972416,18.53624265957594,18.15555243635552,18.52996782850741,18.15299645545807,18.529591008620084,18.153049845376422,18.532657071556947,18.153967531897877,18.535865674706244,18.154757282322336,18.53795946717548,18.155235149947014,18.538681448513874,18.155407926217364,18.538486967676803,18.15536380281417,18.53791299512621,18.15522532147334,18.537383830410874,18.155086664970515,18.53705496680783,18.15500672867669,18.53694314926292,18.154981147351553,18.5370060111241,18.154987848772947,18.537085853608737,18.155010660241867,18.53717346770669,18.155030363119028,18.537213953368962,18.15504232622355,18.53723226896592,18.155048048652016,18.537226999669397,18.155043921423264,18.53720901513542,18.15504077923135,18.53718308272686,18.15503396905156,18.537192402829366,18.155033131060062,18.537192425957535,18.15503471851434,18.537180887231628,18.155034659881125,18.537193796669023,18.155035734220128,18.537195683227157,18.155041323579052,18.53719909983447,18.155034349780326,18.537192614271984,18.155031129402598,18.537192224447406,18.155032809210056,18.53719519394304,18.155037997402296,18.537189348053474,18.15503339144151,18.53720231969653,18.15504049961056,18.53718493176291,18.15503451729846,18.537196736211882,18.15503316604101,18.537190482003886,18.155033155160375,18.53719495794594,18.15504226937877,18.537189748732427,18.15503497420588,18.537191287108183,18.155036094505906,18.537191582452635,18.15503588328934],"residuals":[304.6580027867159,120.09948412347264,316.06280024375235,571.1978555520352,605.4663697875808,561.0535901401075,549.4861620533715,557.7155927840236,560.9087840037312,560.5852655316208,560.2512622259983,560.9964611154229,560.9761837786967,560.6145048643862,560.2894411119327,560.1145211295292,559.9881651008442,559.9094824887776,559.9141032449855,559.9591619123107,559.9578394400693,559.8692723448402,559.8687220535493,559.7790511324208,559.7773629962221,559.7493859117122,559.7462848103343,559.74529050068,559.7457677896491,559.759470406516,559.7594863923025,559.7740029396185,559.7731410895905,559.7828690370203,559.7820515865772,559.785578461537,559.7852863122743,559.7845368742647,559.7845704157551,559.782005913378,559.7821842981296,559.7797718418934,559.7798956663336,559.7783785268399,559.7784653547103,559.777934724932,559.7780020136776,559.7782426968175,559.778195036853,559.7785717793855,559.7785568219996,559.7789466651632,559.7789050114819,559.7791032517198,559.779106862634,559.7791922390733,559.7791961408188,559.7791604372194,559.7791433336331,559.7790799886093,559.7790689666205,559.7789403225155,559.7789685847996,559.7789977659517,559.7790010103466,559.7790052374813,559.7789899012337,559.7789473618628,559.778969414264,559.7790199909579,559.7790050084799,559.7790469938898,559.7790703924015,559.7790503864733,559.7790167336633,559.7789807690307,559.778970552525,559.7789801687767,559.778999371976,559.7790194727899,559.7790203117409,559.7789821245115,559.7789965571025,559.7790702315348,559.7790539376307,559.7789692858906,559.7789839027935,559.779024098599,559.7790017795882,559.7789801098085,559.7789887117223,559.7790422075187,559.7790641761424,559.7790087587883,559.7789864071381,559.7790019166277,559.7790053600112,559.7789998570511,559.7790206951042],"smearing":"DFTK.Smearing.Gaussian()","ndiag":[1,1,1,1,1,1,1,1,1,1,1,1,1,1,1,1,1,1,1,1,1,1,1,1,1,1,1,1,1,1,1,1,1,1,1,1,1,1,1,1,1,1,1,1,1,1,1,1,1,1,1,1,1,1,1,1,1,1,1,1,1,1,1,1,1,1,1,1,1,1,1,1,1,1,1,1,1,1,1,1,1,1,1,1,1,1,1,1,1,1,1,1,1,1,1,1,1,1,1],"fft_size":[25,25,50],"kwargs":"Base.Iterators.Pairs{Symbol, DFTK.AndersonAcceleration, Tuple{Symbol}, NamedTuple{(:acceleration,), Tuple{DFTK.AndersonAcceleration}}}(:acceleration => DFTK.AndersonAcceleration(0, Any[], Any[], 1.0e6))","n_kirred":196,"damping":"DFTK.FixedDamping(0.7)","type":"potmix"}