{"done":true,"kgrid":[7,7,4],"mixing":"SimpleMixing()","temperature":0.001,"Ecut":20.0,"lattice":[[7.653390804734369,0.0,0.0],[0.0,7.653390804734369,0.0],[0.0,0.0,15.306781609468738]],"n_electr":24,"n_bands":16,"α":[0.9,0.9,0.9,0.9,0.9,0.9,0.9,0.9,0.9,0.9,0.9,0.9,0.9,0.9,0.9,0.9,0.9,0.9,0.9,0.9,0.9,0.9,0.9,0.9,0.9,0.9,0.9,0.9,0.9,0.9,0.9,0.9,0.9,0.9,0.9,0.9,0.9,0.9,0.9,0.9,0.9,0.9,0.9,0.9,0.9,0.9,0.9,0.9,0.9,0.9,0.9,0.9,0.9,0.9,0.9,0.9,0.9,0.9,0.9,0.9,0.9,0.9,0.9,0.9,0.9,0.9,0.9,0.9,0.9,0.9,0.9,0.9,0.9,0.9,0.9,0.9,0.9,0.9,0.9,0.9,0.9,0.9,0.9,0.9,0.9,0.9,0.9,0.9,0.9,0.9,0.9,0.9,0.9,0.9,0.9,0.9,0.9,0.9,0.9],"energies":[-16.198414991638412,-14.639741200251311,13.482070488242861,30.70763445535769,29.505164509465853,28.953005612021148,28.606897952764307,29.018020822053025,28.646140743758767,29.01099715838612,28.597959787176322,29.009739068387212,28.536155787716584,29.007532882033953,28.524122775590403,29.00522776116761,28.517773694989312,29.0024518154928,28.510483984138933,28.999197583164364,28.502722035028306,28.995379024435458,28.494339143746156,28.96626911167499,28.484086837885286,28.917284354920525,28.442746267946006,28.898704660312276,28.421432700891312,28.882558237511702,28.364006538451484,28.84594615559976,28.334149165267938,28.82135836519796,28.301421612033757,28.80815879532329,28.27633774446431,28.79631557369472,28.256343586454175,28.784631897868483,28.238191607508178,28.77261295035314,28.220646554900014,28.760449221596396,28.20262716821161,28.722528904623875,28.181031145359594,28.67653915953237,28.152600808170938,28.66424639332247,28.0981432947879,28.648889605143534,28.06938579985272,28.633447993361475,28.050541579894322,28.56983510133673,28.024257215082766,28.541140294449765,27.943917613998206,28.523844269701474,27.925502290569938,28.505579081996252,27.900070779553758,28.486079558389118,27.87729044045326,28.468256282607143,27.85527715257681,28.4509231093761,27.8339262421288,28.43422638370087,27.813523939425966,28.418026545364206,27.793869835427593,28.402432483141702,27.774956382421077,28.387467547823142,27.75682513709472,28.372914125356818,27.7396624555487,28.359208734650494,27.723080031672158,28.345944856361477,27.707353829159864,28.33293899354092,27.69230240526788,28.319495626522396,27.684153961161776,28.28607677737934,27.66143287072668,28.236568717791965,27.61171443914541,28.19669643740169,27.56675240137845,28.162181719637054,27.526383117680826,28.13555999618205,27.493850269006053,28.11580231027559,27.46922769979724],"residuals":[304.6580027867159,108.61376191548966,424.7495333904271,709.8395283080052,741.7745588764058,733.0079598061053,731.0719485488293,731.4688861947775,731.5509403622561,731.5205166222721,731.3716745927861,731.382391712662,731.1870164148977,731.1996269427747,731.1584181794511,731.1552876707664,731.1330589631666,731.1264394486357,731.1015809349254,731.0936619671854,731.0673070098303,731.057576252872,731.0294085716954,730.9390039501608,730.9130189864308,730.7614446837375,730.6422407156548,730.5959448761637,730.5306495341129,730.4857964485425,730.3077523133754,730.2098695078294,730.1225676820756,730.0537240861044,729.954197593766,729.922293113691,729.8430263557441,729.8130580336926,729.7496384532196,729.7184556284232,729.6608347417513,729.6278838878218,729.5722819675422,729.5384723723579,729.4813419896927,729.3651559772815,729.3040994337624,729.1628595093088,729.0831051533578,729.0513370589009,728.8802799489414,728.8478055634988,728.7574614047531,728.7166537286747,728.6580778575955,728.4609821290559,728.3947729912869,728.3095769625223,728.0609226136368,728.0308054881482,727.9731470212458,727.9201446020617,727.8403406175831,727.7849915151567,727.7163512667433,727.667098516633,727.600564435584,727.552861391179,727.4884808975215,727.4425045394916,727.3811998297323,727.3366626318743,727.2777227776821,727.2350832105532,727.1785080861173,727.1377582543231,727.083700158156,727.0439649995736,726.9930437294859,726.9557576054783,726.9066013672467,726.8707278579279,726.8243166821977,726.7890686358613,726.7448305763679,726.7077302606983,726.683464018389,726.576054571859,726.5107995329898,726.3637458406247,726.2236217353322,726.1156211567406,725.9867731285874,725.8948395344114,725.7789056610076,725.7105899644844,725.6172324075895,725.5684583590393,725.4983622841759],"smearing":"DFTK.Smearing.Gaussian()","ndiag":[1,1,1,1,1,1,1,1,1,1,1,1,1,1,1,1,1,1,1,1,1,1,1,1,1,1,1,1,1,1,1,1,1,1,1,1,1,1,1,1,1,1,1,1,1,1,1,1,1,1,1,1,1,1,1,1,1,1,1,1,1,1,1,1,1,1,1,1,1,1,1,1,1,1,1,1,1,1,1,1,1,1,1,1,1,1,1,1,1,1,1,1,1,1,1,1,1,1,1],"fft_size":[25,25,50],"kwargs":"Base.Iterators.Pairs{Symbol, DFTK.AndersonAcceleration, Tuple{Symbol}, NamedTuple{(:acceleration,), Tuple{DFTK.AndersonAcceleration}}}(:acceleration => DFTK.AndersonAcceleration(0, Any[], Any[], 1.0e6))","n_kirred":196,"damping":"DFTK.FixedDamping(0.9)","type":"potmix"}