{"done":true,"kgrid":[7,7,4],"use_diis":[false,false,false,false,false,false,false,false,false,false,false,false,false,false,false,false,false,false,false,false,false,false,false,false,false,false,false,false,false,false,false,false,false,false,false,false,false,false,false,false,false,false,false,false,false,false,false,false,false,false,false,false,false,false,false,false,false,false,false,false,false,false,false,false,false,false,false,false,false,false,false,false,false,false,false,false,false,false,false,false,false,false,false,false,false,false,false,false,false,false,false,false,false,false,false,false,false,false,false],"mixing":"SimpleMixing()","temperature":0.001,"Ecut":20.0,"lattice":[[7.653390804734369,0.0,0.0],[0.0,7.653390804734369,0.0],[0.0,0.0,15.306781609468738]],"n_electr":24,"n_bands":16,"α":[0.3,0.3,0.3,0.3,0.3,0.3,0.3,0.3,0.3,0.3,0.3,0.3,0.3,0.3,0.3,0.3,0.3,0.3,0.3,0.3,0.3,0.3,0.3,0.3,0.3,0.3,0.3,0.3,0.3,0.3,0.3,0.3,0.3,0.3,0.3,0.3,0.3,0.3,0.3,0.3,0.3,0.3,0.3,0.3,0.3,0.3,0.3,0.3,0.3,0.3,0.3,0.3,0.3,0.3,0.3,0.3,0.3,0.3,0.3,0.3,0.3,0.3,0.3,0.3,0.3,0.3,0.3,0.3,0.3,0.3,0.3,0.3,0.3,0.3,0.3,0.3,0.3,0.3,0.3,0.3,0.3,0.3,0.3,0.3,0.3,0.3,0.3,0.3,0.3,0.3,0.3,0.3,0.3,0.3,0.3,0.3,0.3,0.3,0.3],"energies":[-16.198414991638394,-16.32893382764334,-16.331826980565108,-16.23606519177933,-16.015645184368275,-15.562431110329353,-14.676885177905886,-12.984774980105067,-10.30334636191375,-6.211396391106664,-1.588662828923224,0.8697551549659416,0.4257483892238043,-0.8719991612355124,-1.6129139478645345,-1.61460638496154,-1.428605283551905,-1.29600689458211,-1.2053224004236873,-1.2225056409593085,-1.2760941109478516,-1.2874857918037537,-1.2740804869010696,-1.2503201149909486,-1.2549910829889142,-1.256076203960866,-1.2736942972770793,-1.2716380332569028,-1.2812504543030532,-1.2748153173567276,-1.2844098404580822,-1.2796820954260237,-1.2893570886089347,-1.2833277510449081,-1.2921510587202125,-1.285371174300471,-1.2940900120110268,-1.2871025017948228,-1.2957016674397914,-1.2883441180573634,-1.296812206323181,-1.28921225787394,-1.2976246453413927,-1.289855772084952,-1.2982320909704277,-1.2903267300706547,-1.298672186374466,-1.2906554957442247,-1.2989940782537082,-1.2909053333380929,-1.299245264034042,-1.2910894607927381,-1.2994190116708182,-1.2912066395092603,-1.299546325251286,-1.2913060230939672,-1.2996453505059797,-1.2913696181021328,-1.2997182486826229,-1.2914218754753248,-1.2997758246330438,-1.2914557718991848,-1.2998115488280217,-1.2914748117865886,-1.299839180059747,-1.2914951011480118,-1.2998673330934905,-1.2915075514841534,-1.2998790599659458,-1.2915162440942758,-1.2998946432857064,-1.2915226440774545,-1.2999070037907665,-1.2915273887794276,-1.2999086814102712,-1.2915272218362552,-1.2999149049489738,-1.291530040609894,-1.2999187312456257,-1.291525134834532,-1.2999203834437867,-1.2915340918517957,-1.2999261209355473,-1.2915260906283568,-1.2999232583545062,-1.2915292448316313,-1.2999280956127532,-1.2915308375418648,-1.299931083499389,-1.291531873162447,-1.2999317816102276,-1.291531422713172,-1.2999319859464427,-1.2915303649047758,-1.2999315635689668,-1.29152779842408,-1.299930388512207,-1.2915298915521907,-1.2999352178818757],"residuals":[304.65800278671594,214.40136194233168,152.58068859260973,112.65253977293365,92.06635077797573,91.22662863353305,109.46147058825964,144.23204351947737,189.1039719016823,241.56227168026425,290.55394453871594,314.39312518070915,311.34962975711835,299.2667978561851,291.97890724075876,291.70047467206956,293.6012513007416,294.8050007439066,295.7294462591118,295.59759607866187,295.09015257276735,294.92570211845845,295.08295259386944,295.276715042254,295.28507560988817,295.22417641965285,295.1136322401356,295.0673748060585,295.04123024866846,295.03412589957003,295.0137542641095,294.98701315126726,294.9669608250632,294.9509190273531,294.9407366881617,294.9306327821574,294.92290545705305,294.91358600187675,294.90793761446673,294.90128367337263,294.8977239453809,294.8926743899146,294.89030081302263,294.88630096422605,294.8847766659305,294.88163320056555,294.88078698299057,294.87837052115447,294.8779054956552,294.8759045184624,294.875665841678,294.87408204910713,294.874125922958,294.8729183201388,294.8730238789555,294.87194826836554,294.87215391645486,294.8713203288215,294.87153304535207,294.87081428310694,294.87104412833975,294.8704840042299,294.8707490557047,294.8702965764429,294.8705298777157,294.87010526551506,294.8702952040066,294.8699852266761,294.87021076275323,294.8699108271221,294.87008492018487,294.8698513193468,294.8699921459048,294.8698064892526,294.86998607852007,294.8698130187088,294.8699373125754,294.86978603056025,294.8699095019142,294.86983221524355,294.8699144016998,294.86975475820935,294.8698576390858,294.8698281887756,294.86990121568243,294.86980174193906,294.8698581803595,294.8697863412172,294.86983681232044,294.8697857521718,294.8698322200308,294.86978730916525,294.86983702735915,294.8697983149646,294.8698414999016,294.8698199359945,294.8698532903271,294.8698067129905,294.8698122281085],"smearing":"DFTK.Smearing.Gaussian()","ndiag":[1,1,1,1,1,1,1,1,1,1,1,1,1,1,1,1,1,1,1,1,1,1,1,1,1,1,1,1,1,1,1,1,1,1,1,1,1,1,1,1,1,1,1,1,1,1,1,1,1,1,1,1,1,1,1,1,1,1,1,1,1,1,1,1,1,1,1,1,1,1,1,1,1,1,1,1,1,1,1,1,1,1,1,1,1,1,1,1,1,1,1,1,1,1,1,1,1,1,1],"fft_size":[25,25,50],"kwargs":"Base.Iterators.Pairs{Symbol, DFTK.AndersonAcceleration, Tuple{Symbol}, NamedTuple{(:acceleration,), Tuple{DFTK.AndersonAcceleration}}}(:acceleration => DFTK.AndersonAcceleration(0, Any[], Any[], 1.0e6))","n_kirred":196,"damping":"DFTK.FixedDamping(0.3)","type":"potmix"}