{"done":true,"kgrid":[13,13,13],"mixing":"KerkerMixing(0.8, 0.0)","temperature":0.01,"Ecut":45.0,"lattice":[[0.0,5.502882474910242,5.502882474910242],[5.502882474910242,0.0,5.502882474910242],[5.502882474910242,5.502882474910242,0.0]],"n_electr":49,"n_bands":59,"α":[0.8,0.8,0.8,0.8,0.28151461229184654,0.025,-0.025,0.025,0.025,-0.047410637402668016,0.1,0.12319788338466013,1.0,1.0,-0.20001250428271228,-0.025,0.025,-0.025,0.1,0.14211671359574968,0.3919369442417234,0.48319413601997885,1.0,1.0,1.0,1.0,1.0,1.0],"energies":[-292.8700496342861,-304.0667224046435,-330.0358253322004,-332.63719580271504,-333.06847612390493,-333.07002101884984,-333.0622203423934,-333.15649416150677,-333.10704732770455,-333.1375267847469,-333.26468160297543,-333.2649743379986,-333.30503747115665,-333.30507327514556,-333.3050863049025,-333.30508485125023,-333.30507684808714,-333.3050892366557,-333.30521522090567,-333.3052339973404,-333.30524420593014,-333.3052608246056,-333.3052696707278,-333.30527283440836,-333.30527301062176,-333.30527301120594,-333.30527301175545,-333.30527301176136],"residuals":[626.3202166913112,634.6443620280129,241.71087076338773,77.68452581255771,55.489493807052334,46.60181487940651,52.099469535742784,47.825142544790275,56.87458170125553,52.47988876852261,23.62266846509603,23.535476215038155,1.2232738900132576,0.9586534186749416,0.9176427531073561,0.9672695697742512,0.9414599454438087,0.9246605030586318,0.1903738589013792,0.23929797801224276,0.18909629142084186,0.1426449892669588,0.08330167967760824,0.04835054588770341,0.0024856417487296952,0.0026157063233588737,0.00010021901305714278,7.208777353357383e-5],"smearing":"DFTK.Smearing.Gaussian()","ndiag":[1,1,1,1,2,2,2,2,2,2,1,1,1,1,2,2,2,2,1,1,1,1,1,1,1,1,1,1],"fft_size":[50,50,50],"kwargs":"Base.Iterators.Pairs{Union{}, Union{}, Tuple{}, NamedTuple{(), Tuple{}}}()","n_kirred":168,"damping":"DFTK.AdaptiveDamping(0.025, 1.0, 0.8, 0.1, 1.1, 0.1)","type":"potmix"}