{"done":true,"kgrid":[13,13,13],"mixing":"KerkerMixing(0.8, 0.0)","temperature":0.01,"Ecut":45.0,"lattice":[[0.0,5.502882474910242,5.502882474910242],[5.502882474910242,0.0,5.502882474910242],[5.502882474910242,5.502882474910242,0.0]],"n_electr":49,"n_bands":59,"α":[0.8,0.8,0.8,0.8,0.28151464304325596,0.125,-0.33234725219906197,0.5,0.5,-0.7697493266952936,0.7697493266952936,0.7777840077386747,1.0,1.0,1.0,1.0,1.0,1.0,1.0,1.0,1.0],"energies":[-292.8700496342861,-304.0667225860101,-330.03582540982785,-332.63719586741104,-333.0684762689766,-332.10068492307795,-333.02485802209844,-333.22674005494974,-333.29694098544024,-333.2969922760964,-333.3046234034846,-333.30504726907327,-333.3052543893218,-333.3052678034523,-333.3052716310521,-333.30527267018795,-333.30527285385136,-333.3052730103797,-333.3052730115205,-333.30527301176147,-333.3052730117622],"residuals":[626.3202166913119,634.6443594984082,241.7108728299993,77.68453633747244,55.48949030997767,119.67346308814658,53.289891065230755,29.489905691051487,9.5636721042162,9.282803134322995,2.8819257956969206,1.5692502866408424,0.4428333996186582,0.2624925072270268,0.10858919882681432,0.052631552857854036,0.0349177303277989,0.003309131480391466,0.0016908234647399108,2.711665566783228e-5,6.58651255886482e-6],"smearing":"DFTK.Smearing.Gaussian()","ndiag":[1,1,1,1,2,2,2,1,1,2,1,1,1,1,1,1,1,1,1,1,1],"fft_size":[50,50,50],"kwargs":"Base.Iterators.Pairs{Union{}, Union{}, Tuple{}, NamedTuple{(), Tuple{}}}()","n_kirred":168,"damping":"DFTK.AdaptiveDamping(0.125, 1.0, 0.8, 0.5, 1.1, 0.1)","type":"potmix"}