{"done":true,"kgrid":[13,13,13],"mixing":"KerkerMixing(0.8, 0.0)","temperature":0.01,"Ecut":45.0,"lattice":[[0.0,5.502882474910242,5.502882474910242],[5.502882474910242,0.0,5.502882474910242],[5.502882474910242,5.502882474910242,0.0]],"n_electr":49,"n_bands":59,"α":[0.8,0.8,0.8,0.8,0.2815146214144062,0.175,-0.45978247748612205,0.7,0.7110485931213812,-0.7942627722701899,0.7942627722701899,0.185487485577128,0.7,0.9810340933678449,1.0,1.0,1.0,1.0,1.0,1.0,1.0],"energies":[-292.8700496342861,-304.06672258475186,-330.035825374338,-332.6371956027898,-333.06847621799244,-332.09594532195973,-333.0125674920487,-333.29854045877386,-333.302902623708,-333.30428875492254,-333.30464318353955,-333.3046466072018,-333.30523685891984,-333.3052683767241,-333.30527273877243,-333.30527297427454,-333.3052730062512,-333.30527301073937,-333.30527301172236,-333.3052730117617,-333.305273011762],"residuals":[626.3202166913119,634.644359507765,241.71086651477958,77.68453606856569,55.489493272044854,119.84288569521992,53.94430212450689,9.373377692612387,5.722924815040904,2.470015416892637,3.038915493938569,3.0389786465695807,0.704065593208896,0.24253174026945862,0.024442455365131663,0.011327220290280531,0.006401736917164309,0.003442863078336635,0.0006386308609893183,2.1856001654854238e-5,6.900051683036514e-6],"smearing":"DFTK.Smearing.Gaussian()","ndiag":[1,1,1,1,2,2,2,1,1,2,1,2,1,1,1,1,1,1,1,1,1],"fft_size":[50,50,50],"kwargs":"Base.Iterators.Pairs{Union{}, Union{}, Tuple{}, NamedTuple{(), Tuple{}}}()","n_kirred":168,"damping":"DFTK.AdaptiveDamping(0.175, 1.0, 0.8, 0.7, 1.1, 0.1)","type":"potmix"}