{"done":true,"kgrid":[13,13,13],"mixing":"KerkerMixing(0.8, 0.0)","temperature":0.01,"Ecut":45.0,"lattice":[[0.0,5.502882474910242,5.502882474910242],[5.502882474910242,0.0,5.502882474910242],[5.502882474910242,5.502882474910242,0.0]],"n_electr":49,"n_bands":59,"α":[0.8,0.8,0.8,0.8,0.2815146226237906,0.1,-0.26656464359917575,0.4,0.4,-0.724974560058356,0.724974560058356,0.9552695004296794,-0.4410721938781125,0.4410721938781125,0.49292028725764137,0.5945370613144355,0.5945370613144355,0.7480064849184606,1.0,1.0,1.0,1.0,1.0],"energies":[-292.8700496342861,-304.06672275417316,-330.0358254653269,-332.6371959182227,-333.0684762267461,-332.10303876522704,-333.03154716071344,-333.0858436072475,-333.26584107486383,-333.2719825671732,-333.30412886107734,-333.30424917639937,-333.30427016052175,-333.3052636870719,-333.3052721722497,-333.30527234911403,-333.3052729704894,-333.30527298527926,-333.3052730038703,-333.305273009867,-333.30527301176033,-333.3052730117614,-333.3052730117624],"residuals":[626.3202166913113,634.6443606792892,241.71086896470638,77.68452671314832,55.48949171089041,119.58974092944811,52.92535794642451,50.84571013338631,21.60858009684889,19.084886138574262,3.1646077532814103,3.0831120038536097,2.945934690535778,0.3558762932653074,0.07817404490092521,0.08726169825372003,0.011492103025847168,0.014261206402223897,0.008939462304028105,0.00452622673478849,6.381510905356335e-5,5.9652377479333894e-5,2.8459952679011556e-6],"smearing":"DFTK.Smearing.Gaussian()","ndiag":[1,1,1,1,2,2,2,1,1,2,1,1,2,1,1,1,1,1,1,1,1,1,1],"fft_size":[50,50,50],"kwargs":"Base.Iterators.Pairs{Union{}, Union{}, Tuple{}, NamedTuple{(), Tuple{}}}()","n_kirred":168,"damping":"DFTK.AdaptiveDamping(0.1, 1.0, 0.8, 0.4, 1.1, 0.1)","type":"potmix"}