{"done":true,"kgrid":[13,13,13],"mixing":"KerkerMixing(0.8, 0.0)","temperature":0.01,"Ecut":45.0,"lattice":[[0.0,5.502882474910242,5.502882474910242],[5.502882474910242,0.0,5.502882474910242],[5.502882474910242,5.502882474910242,0.0]],"n_electr":49,"n_bands":59,"α":[0.8,0.8,0.8,0.8,0.2815146298789135,0.05,-0.08781458992804042,0.05840042533919889,0.05,0.2,0.2,0.390369925577551,0.4500975766753781,-0.05,0.05,0.05,0.2,0.05,0.05,0.2,0.2528202795287085,0.2528202795287085,0.45024743597045225,0.45024743597045225,0.4972295742693595,0.4972295742693595,0.7761067280750644,0.8359259138368877,0.4179629569184439,0.4179629569184439,0.4179629569184439],"energies":[-292.87004963428603,-304.0667230388777,-330.035825349961,-332.63719561661816,-333.06847621653947,-332.69691139133676,-333.04737583108596,-333.201366374058,-333.204067001077,-333.20344305568227,-333.28563581727155,-333.29941802069476,-333.30521395809996,-333.3052146938685,-333.30521536859374,-333.3052148484058,-333.3052588674019,-333.3052610954756,-333.30526144804384,-333.305271859347,-333.3052720634971,-333.3052727766965,-333.305272840752,-333.3052729716228,-333.3052729870834,-333.30527300654757,-333.305273011499,-333.3052730117207,-333.30527301174413,-333.30527301176005,-333.3052730117593],"residuals":[626.3202166913103,634.644357804779,241.71087142803285,77.68453833414183,55.489494176244975,81.00026415441101,51.20689538753899,39.817585805343924,41.252849608642386,36.20224271144963,15.985818762176844,8.695335057044721,0.5371534469419456,0.5134443927543275,0.5530904424581886,0.6107824904493752,0.23240204003040402,0.23392518783100505,0.26782503567505733,0.043330105816260796,0.07828011094480877,0.029174621023703072,0.032802823047610015,0.008991425068457532,0.013775488286746289,0.002887375528309659,0.0018708765238896917,0.0005792269212331173,0.00027585388012781395,9.836591567162007e-5,5.0016787667236025e-5],"smearing":"DFTK.Smearing.Gaussian()","ndiag":[1,1,1,1,2,2,2,2,2,1,1,1,2,2,2,2,1,2,2,1,1,1,1,1,1,1,1,1,2,1,1],"fft_size":[50,50,50],"kwargs":"Base.Iterators.Pairs{Union{}, Union{}, Tuple{}, NamedTuple{(), Tuple{}}}()","n_kirred":168,"damping":"DFTK.AdaptiveDamping(0.05, 1.0, 0.8, 0.2, 1.1, 0.1)","type":"potmix"}