{"done":true,"kgrid":[13,13,13],"mixing":"KerkerMixing(0.8, 0.0)","temperature":0.01,"Ecut":45.0,"lattice":[[0.0,5.502882474910242,5.502882474910242],[5.502882474910242,0.0,5.502882474910242],[5.502882474910242,5.502882474910242,0.0]],"n_electr":49,"n_bands":59,"α":[0.8,0.8,0.8,0.8,0.28151460616405016,0.2,-0.5210812906151765,0.8,0.8498016615120683,-0.95,0.2,0.8,1.0,0.24270977619154366,0.8,0.9800973772237863,1.0,1.0,1.0,1.0,1.0,1.0],"energies":[-292.8700496342861,-304.0667224064161,-330.0358252104872,-332.6371955099417,-333.0684763054314,-332.0935572382841,-333.00716231156247,-333.2764768585857,-333.2978285685765,-333.3036374836744,-333.30355923094424,-333.304781831106,-333.305267825732,-333.3052691020776,-333.3052721978986,-333.30527259662114,-333.3052729491403,-333.30527300933767,-333.3052730106658,-333.30527301165074,-333.30527301176176,-333.3052730117622],"residuals":[626.3202166913112,634.6443620185694,241.71087221581573,77.68453380603864,55.48949366358358,119.92870310216708,54.21556832540127,20.676492885764002,10.10513301251898,3.6002862139997744,4.236679349898262,2.6774354297122773,0.17895834046337325,0.16761521074850758,0.05327534780591702,0.0388228663338892,0.012118827471274114,0.0031781181272763233,0.003008767388839047,0.0008668046063211783,4.189869516482156e-5,5.941399574916521e-6],"smearing":"DFTK.Smearing.Gaussian()","ndiag":[1,1,1,1,2,2,2,1,1,2,2,1,1,2,1,1,1,1,1,1,1,1],"fft_size":[50,50,50],"kwargs":"Base.Iterators.Pairs{Union{}, Union{}, Tuple{}, NamedTuple{(), Tuple{}}}()","n_kirred":168,"damping":"DFTK.AdaptiveDamping(0.2, 1.0, 0.8, 0.8, 1.1, 0.1)","type":"potmix"}