{"done":true,"kgrid":[13,13,13],"mixing":"KerkerMixing(0.8, 0.0)","temperature":0.01,"Ecut":45.0,"lattice":[[0.0,5.502882474910242,5.502882474910242],[5.502882474910242,0.0,5.502882474910242],[5.502882474910242,5.502882474910242,0.0]],"n_electr":49,"n_bands":59,"α":[0.8,0.8,0.8,0.8,0.2815146170045587,0.15,-0.39683078758530305,0.6,0.6,0.7732850561131208,0.20064726613297645,0.6,-0.6036954476975199,0.6036954476975199,0.7449440663410077,0.7449440663410077,0.8634437567226829,1.0,1.0,1.0,1.0],"energies":[-292.8700496342861,-304.0667224037804,-330.03582535651424,-332.63719594006346,-333.06847629624434,-332.0983196225289,-333.01849374761474,-333.28774834029093,-333.3046084866906,-333.30463613413554,-333.3047040294301,-333.3052483699491,-333.3052542022956,-333.3052660668954,-333.3052723313092,-333.3052729612261,-333.3052729891166,-333.3052730099333,-333.3052730117341,-333.305273011762,-333.30527301176164],"residuals":[626.3202166913112,634.6443620389633,241.71087466978665,77.6845265222775,55.48948770186783,119.75789051936069,53.63314270748589,12.737078116670915,1.972559813226155,2.3586479277015933,2.5042705820552125,0.5893824989078018,0.4675332048487276,0.3068505836244058,0.06816444162277638,0.006635400910155069,0.008971946248061503,0.004836360171071171,0.00048322171000517,2.2507646566131184e-5,2.3944423551299996e-5],"smearing":"DFTK.Smearing.Gaussian()","ndiag":[1,1,1,1,2,2,2,1,1,1,2,1,2,1,1,1,1,1,1,1,1],"fft_size":[50,50,50],"kwargs":"Base.Iterators.Pairs{Union{}, Union{}, Tuple{}, NamedTuple{(), Tuple{}}}()","n_kirred":168,"damping":"DFTK.AdaptiveDamping(0.15, 1.0, 0.8, 0.6, 1.1, 0.1)","type":"potmix"}