{"done":true,"kgrid":[13,13,13],"mixing":"KerkerMixing(0.8, 0.0)","temperature":0.01,"Ecut":45.0,"lattice":[[0.0,5.502882474910242,5.502882474910242],[5.502882474910242,0.0,5.502882474910242],[5.502882474910242,5.502882474910242,0.0]],"n_electr":49,"n_bands":59,"α":[0.8,0.8,0.8,0.8,0.281514606410692,0.075,-0.19985984052348602,0.12303979958648234,0.075,0.3,0.3,0.4014114639187642,-0.1654934482063693,0.3,0.4053127971256905,0.4053127971256905,-0.075,0.3,0.5086025767940392,0.6823284150134331,0.959883817599076,1.0,1.0,1.0,1.0],"energies":[-292.8700496342861,-304.06672258594,-330.03582555088815,-332.63719608806326,-333.0684762919331,-332.10538733425125,-333.0384075717503,-333.23477247799116,-333.2408077592754,-333.26953781797386,-333.3039841507903,-333.3044623353658,-333.30481534075994,-333.3051763166539,-333.30522876679373,-333.3052598869293,-333.3052598779905,-333.3052661932743,-333.30527228441383,-333.3052728788021,-333.3052729805838,-333.30527300654103,-333.30527301173265,-333.3052730117605,-333.30527301176227],"residuals":[626.3202166913119,634.6443595023314,241.71086088953422,77.68451809993098,55.489489044163584,119.5064010606405,52.55423132478641,34.28588130499271,33.46371043183684,20.85942105604214,3.5825988210838626,3.364779719196937,2.192335743633023,1.1043556613266086,0.631940494860261,0.31624812224695176,0.3116866420248299,0.25056403046985976,0.03426647965343518,0.01500934181834377,0.007725656623013312,0.005915817714253441,0.0002110394766382455,7.082045187303144e-5,7.312623299261917e-6],"smearing":"DFTK.Smearing.Gaussian()","ndiag":[1,1,1,1,2,2,2,2,2,1,1,1,2,1,1,1,2,1,1,1,1,1,1,1,1],"fft_size":[50,50,50],"kwargs":"Base.Iterators.Pairs{Union{}, Union{}, Tuple{}, NamedTuple{(), Tuple{}}}()","n_kirred":168,"damping":"DFTK.AdaptiveDamping(0.075, 1.0, 0.8, 0.3, 1.1, 0.1)","type":"potmix"}