{"done":true,"kgrid":[13,13,13],"use_diis":[true,true,true,true,true,true,true,true,true,true,true,true,true,true,true,true,true,true,true,true,true,true,true,true,true,true,true,true,true,true,true,true,true,true,true,true,true,true,true,true,true,true,true,true,true,true,true,true,true,true,true,true,true,true,true,true,true,true,true,true,true,true,true,true,true,true,true,true,true,true,true,true,true,true,true,true,true,true,true,true,true,true,true,true,true,true,true,true,true,true,true,true,true,true,true,true,true,true,true,true],"mixing":"KerkerMixing(0.8, 0.0)","temperature":0.01,"Ecut":45.0,"lattice":[[0.0,5.502882474910242,5.502882474910242],[5.502882474910242,0.0,5.502882474910242],[5.502882474910242,5.502882474910242,0.0]],"n_electr":49,"n_bands":59,"α":[0.2,0.2,0.2,0.2,0.2,0.2,0.2,0.2,0.2,0.2,0.2,0.2,0.2,0.2,0.2,0.2,0.2,0.2,0.2,0.2,0.2,0.2,0.2,0.2,0.2,0.2,0.2,0.2,0.2,0.2,0.2,0.2,0.2,0.2,0.2,0.2,0.2,0.2,0.2,0.2,0.2,0.2,0.2,0.2,0.2,0.2,0.2,0.2,0.2,0.2,0.2,0.2,0.2,0.2,0.2,0.2,0.2,0.2,0.2,0.2,0.2,0.2,0.2,0.2,0.2,0.2,0.2,0.2,0.2,0.2,0.2,0.2,0.2,0.2,0.2,0.2,0.2,0.2,0.2,0.2,0.2,0.2,0.2,0.2,0.2,0.2,0.2,0.2,0.2,0.2,0.2,0.2,0.2,0.2,0.2,0.2,0.2,0.2,0.2,0.2],"energies":[-292.8700553779615,-309.0789556981587,-311.43093115382914,-320.3475633791071,-322.8606447411934,-322.8848039587178,-333.18640708618955,-333.2363521010506,-332.9080074656398,-333.2509680055302,-332.9861406952317,-332.4265393630621,-333.1965889893357,-333.25068091745885,-333.29836268674023,-333.3015374770794,-333.2933690478841,-333.30376941354007,-333.3040602759728,-333.3039888749227,-333.3044022819996,-333.305058580412,-333.3050831148787,-333.30478644151304,-333.3051282200223,-333.30519736199506,-333.3052635238011,-333.3052635478726,-333.3052668927397,-333.30527213343413,-333.30527185855044,-333.30527224833793,-333.30527230690126,-333.30527234702083,-333.3052707248575,-333.3052728252624,-333.3052728764908,-333.30527290636684,-333.3052727951112,-333.3052727973393,-333.30527267633886,-333.30527259665934,-333.30527254487214,-333.305272578631,-333.30527241176776,-333.30527239481927,-333.3052725001005,-333.30527256990183,-333.30527243766005,-333.3052724187649,-333.30527236540206,-333.3052724702393,-333.3052724208837,-333.3052723610474,-333.3052722903366,-333.3052724419661,-333.3052726557995,-333.30527264381163,-333.30527262930553,-333.305272703409,-333.30527269912807,-333.30527263001966,-333.30527270069433,-333.3052726735072,-333.3052726162892,-333.3052725262526,-333.3052726240946,-333.30527243927276,-333.305272376906,-333.3052724577647,-333.30527257274304,-333.30527261553976,-333.30527263246904,-333.3052726109639,-333.3052726366503,-333.3052725584296,-333.305272607552,-333.3052726457238,-333.3052724188306,-333.30527263252696,-333.30527268225893,-333.30527268383105,-333.3052721927756,-333.30527230087955,-333.3052721672901,-333.30527174057363,-333.30527248506286,-333.3052725061292,-333.30527261948777,-333.30527268395286,-333.30527261756095,-333.30527266883206,-333.30527267755315,-333.3052726660157,-333.30527266690973,-333.30527271069457,-333.3052726985747,-333.3052726214497,-333.3052726029308,-333.3052724923689],"residuals":[127.42711911512083,84.52629401243513,52.96398372006316,38.27058560911621,37.057586633998454,37.04839668063674,4.955001895740725,4.446071379268786,5.803616134569614,2.9862273337746523,4.8160878785648045,7.889827779550427,3.0145508641654097,2.282336516940808,1.2054150542377104,0.8246719324036698,0.9556622523832505,0.6831737735418162,0.65435375535477,0.5145391103101218,0.60002888706185,0.36337189398669856,0.33986511398521846,0.4673267274392914,0.18302057913367253,0.13724399194284612,0.08899732960970826,0.029850103589553645,0.040133931115889226,0.025267429837607977,0.07379314997780444,0.028288485423893894,0.02796386806324017,0.03379567048763394,0.04126863497528484,0.03280537554878832,0.005626670706423742,0.00400514027645961,0.006981503027893279,0.017002014552105888,0.018264830164255244,0.013509137457380945,0.013956102951751639,0.006295004023555994,0.007875231769619092,0.007554463310334015,0.009631501437165482,0.01156717629428176,0.008053116690033262,0.007645557899126386,0.007442406603562508,0.007253509501398247,0.007302910126711699,0.007041014822784039,0.008646457456602825,0.011219817375050688,0.002332791375186964,0.0026324682947292976,0.0015801024764449056,0.0011598372885200689,0.0011648601348936563,0.002606236017200782,0.0009322265446054134,0.0012301479457546987,0.00331350900976208,0.004915652057596863,0.0036491934216392684,0.00489088674454929,0.0049153520365241895,0.004339270660548966,0.0015919868038334862,0.00028537713766064337,0.00048415193779527177,0.0009470880973984458,0.0006365819362828792,0.000705612491574556,0.0003035317365039167,0.001162460881415767,0.0012341141872878934,0.0005669337587882183,0.0012096522717128634,0.0026324663469461454,0.006644454541118475,0.006161669508464437,0.007134266707136459,0.008882583494395887,0.0055434303936885785,0.005196463038990869,0.003809376259100303,0.002133465971743491,0.002814374996606673,0.0010244098902968297,0.0012756781237042822,0.001144037440686098,0.0007079950585766711,0.0016953694792292949,0.0029408625690971707,0.003706670793533894,0.0031915797347214013,0.004670731308800685],"smearing":"DFTK.Smearing.Gaussian()","ndiag":[1,1,1,1,1,1,1,1,1,1,1,1,1,1,1,1,1,1,1,1,1,1,1,1,1,1,1,1,1,1,1,1,1,1,1,1,1,1,1,1,1,1,1,1,1,1,1,1,1,1,1,1,1,1,1,1,1,1,1,1,1,1,1,1,1,1,1,1,1,1,1,1,1,1,1,1,1,1,1,1,1,1,1,1,1,1,1,1,1,1,1,1,1,1,1,1,1,1,1,1],"fft_size":[50,50,50],"kwargs":"Base.Iterators.Pairs{Symbol, DFTK.var\"#anderson#425\"{DFTK.var\"#anderson#424#426\"{Base.Iterators.Pairs{Union{}, Union{}, Tuple{}, NamedTuple{(), Tuple{}}}, Int64}}, Tuple{Symbol}, NamedTuple{(:solver,), Tuple{DFTK.var\"#anderson#425\"{DFTK.var\"#anderson#424#426\"{Base.Iterators.Pairs{Union{}, Union{}, Tuple{}, NamedTuple{(), Tuple{}}}, Int64}}}}}(:solver => DFTK.var\"#anderson#425\"{DFTK.var\"#anderson#424#426\"{Base.Iterators.Pairs{Union{}, Union{}, Tuple{}, NamedTuple{(), Tuple{}}}, Int64}}(DFTK.var\"#anderson#424#426\"{Base.Iterators.Pairs{Union{}, Union{}, Tuple{}, NamedTuple{(), Tuple{}}}, Int64}(Base.Iterators.Pairs{Union{}, Union{}, Tuple{}, NamedTuple{(), Tuple{}}}(), 10)))","n_kirred":168,"damping":"0.2","type":"densmix"}