{"done":true,"kgrid":[13,13,13],"use_diis":[true,true,true,true,true,true,true,true,true,true,true,true,true,true,true,true,true,true,true,true,true,true,true,true,true,true,true,true,true,true,true,true,true,true,true,true,true,true,true,true,true,true,true,true,true,true,true,true,true,true,true,true,true,true,true,true,true,true,true,true,true,true,true,true,true,true,true,true,true,true,true,true,true,true,true,true,true,true,true,true,true,true,true,true,true,true,true,true,true,true,true,true,true,true,true,true,true,true,true,true],"mixing":"KerkerMixing(0.8, 0.0)","temperature":0.01,"Ecut":45.0,"lattice":[[0.0,5.502882474910242,5.502882474910242],[5.502882474910242,0.0,5.502882474910242],[5.502882474910242,5.502882474910242,0.0]],"n_electr":49,"n_bands":59,"α":[0.3,0.3,0.3,0.3,0.3,0.3,0.3,0.3,0.3,0.3,0.3,0.3,0.3,0.3,0.3,0.3,0.3,0.3,0.3,0.3,0.3,0.3,0.3,0.3,0.3,0.3,0.3,0.3,0.3,0.3,0.3,0.3,0.3,0.3,0.3,0.3,0.3,0.3,0.3,0.3,0.3,0.3,0.3,0.3,0.3,0.3,0.3,0.3,0.3,0.3,0.3,0.3,0.3,0.3,0.3,0.3,0.3,0.3,0.3,0.3,0.3,0.3,0.3,0.3,0.3,0.3,0.3,0.3,0.3,0.3,0.3,0.3,0.3,0.3,0.3,0.3,0.3,0.3,0.3,0.3,0.3,0.3,0.3,0.3,0.3,0.3,0.3,0.3,0.3,0.3,0.3,0.3,0.3,0.3,0.3,0.3,0.3,0.3,0.3,0.3],"energies":[-292.8700553779615,-319.5271582419294,-308.0467111129779,-319.69894125361736,-320.75415596057536,-320.8784232744686,-330.2889492863891,-330.2028760923589,-330.396131248948,-332.09327166182527,-332.16916499539917,-332.1152796244025,-333.24322799527556,-327.91918759929496,-325.1277726210889,-324.49893089344886,-324.1105470510349,-324.0660679004017,-324.83889537680085,-326.87704830100984,-328.58847433155825,-333.2838438740052,-332.894185482237,-333.0576127528108,-333.29151237009484,-333.2427539735986,-333.05209584152897,-333.2886189354256,-333.23110306031197,-333.26195613507946,-333.29524621279637,-333.29540092635585,-333.2607530112611,-333.2985365282607,-333.30213708217366,-333.3024513970988,-333.30259555239167,-333.3026182940483,-333.3026187289527,-333.3026131533968,-333.30261559241075,-333.3026136269548,-333.3026143151258,-333.3026182770259,-333.3026181039926,-333.3026188999253,-333.3026189675042,-333.3026193278744,-333.3026193444501,-333.3026184674083,-333.30261904175484,-333.3026152123573,-333.302618308861,-333.30261972518247,-333.30261888088046,-333.3026193432534,-333.30261988811435,-333.30261900799053,-333.30261918917444,-333.3026188976702,-333.3026192214528,-333.30261915373694,-333.30262023374866,-333.3026202001936,-333.30262014596207,-333.302620072412,-333.30262034979535,-333.30262147402647,-333.3026210322353,-333.3026142785963,-333.3026117511263,-333.3026126011458,-333.3026180381335,-333.30261661816365,-333.3026167101083,-333.30261746363925,-333.3026173407296,-333.30261861543596,-333.3026177326882,-333.30261718530875,-333.3026188213008,-333.30261909669923,-333.3026195758633,-333.30262027470843,-333.30261882417426,-333.30261939611773,-333.3026189227145,-333.30261728416355,-333.30261688450867,-333.3026150976923,-333.30261822447034,-333.30262011902187,-333.3026240664117,-333.30262228709717,-333.30261874748624,-333.3026158751128,-333.302618538765,-333.30261253103737,-333.3026183534415,-333.30261985041767],"residuals":[127.42711911512083,57.473887325272315,52.04973850450567,36.09486898738722,39.582253347828626,37.12830377790629,14.739073334219698,14.953323751857427,14.404350088601982,9.09184186324004,8.82872669562905,9.055038764207826,4.518462020078757,19.552260100862775,24.574913805516676,25.59041997557736,26.08786049346314,25.92925782765566,24.545810489999766,21.07942989092627,17.710641405075165,2.061781659242084,5.536551774221736,4.324083048678228,1.8577635644312855,2.3963925625155635,4.2333615076415,1.5552296981252947,2.4656771240452757,1.9576436673897062,1.179452075706267,1.2821849194484605,1.8975900038284244,0.6517060571549894,0.4075443538757901,0.19875128865451325,0.09602890631849421,0.07634778930683518,0.06813881528753524,0.031214135067526454,0.11085374531235793,0.053518049645064895,0.0575888298378085,0.05643476523984003,0.08947018113210073,0.0772287080320554,0.058415462070995794,0.04854033204371645,0.10801550161799396,0.01713239650489103,0.016511614181154356,0.01783959449951056,0.014264362421433347,0.009919836286385186,0.01553717782010058,0.031655991161404974,0.019143387421185057,0.028527674364191926,0.02746733546862876,0.03300330275695068,0.023882274714905935,0.02409168316271787,0.022712295464866816,0.03254177864986782,0.03692483476825906,0.036575648067770306,0.03199315582982564,0.05542900918510903,0.04883972785210924,0.03708118547853452,0.038303667669675114,0.042445702290643546,0.04083324873375403,0.04098146195194803,0.05667673496960196,0.07881170966454307,0.10601682250444902,0.0701365295366976,0.07517392654908922,0.061161230770697524,0.04404782265194478,0.0547117192899503,0.06294720301629408,0.07043244511312473,0.05079685779314715,0.04846796583856792,0.044624576673427736,0.06807264376366004,0.021495366388093563,0.029104440314198315,0.07924195753121481,0.06604551748089141,0.08742614719295025,0.07129059802769895,0.06797447722470373,0.050831490380947135,0.0602092202739084,0.055251927379065556,0.07363786560267707,0.06712241979875488],"smearing":"DFTK.Smearing.Gaussian()","ndiag":[1,1,1,1,1,1,1,1,1,1,1,1,1,1,1,1,1,1,1,1,1,1,1,1,1,1,1,1,1,1,1,1,1,1,1,1,1,1,1,1,1,1,1,1,1,1,1,1,1,1,1,1,1,1,1,1,1,1,1,1,1,1,1,1,1,1,1,1,1,1,1,1,1,1,1,1,1,1,1,1,1,1,1,1,1,1,1,1,1,1,1,1,1,1,1,1,1,1,1,1],"fft_size":[50,50,50],"kwargs":"Base.Iterators.Pairs{Symbol, DFTK.var\"#anderson#425\"{DFTK.var\"#anderson#424#426\"{Base.Iterators.Pairs{Union{}, Union{}, Tuple{}, NamedTuple{(), Tuple{}}}, Int64}}, Tuple{Symbol}, NamedTuple{(:solver,), Tuple{DFTK.var\"#anderson#425\"{DFTK.var\"#anderson#424#426\"{Base.Iterators.Pairs{Union{}, Union{}, Tuple{}, NamedTuple{(), Tuple{}}}, Int64}}}}}(:solver => DFTK.var\"#anderson#425\"{DFTK.var\"#anderson#424#426\"{Base.Iterators.Pairs{Union{}, Union{}, Tuple{}, NamedTuple{(), Tuple{}}}, Int64}}(DFTK.var\"#anderson#424#426\"{Base.Iterators.Pairs{Union{}, Union{}, Tuple{}, NamedTuple{(), Tuple{}}}, Int64}(Base.Iterators.Pairs{Union{}, Union{}, Tuple{}, NamedTuple{(), Tuple{}}}(), 10)))","n_kirred":168,"damping":"0.3","type":"densmix"}