{"ndiag":[1,1,1,1,1,1,1,1,1,1,1,1,1,1,1,1,1,1,1,1,1,1,1,1,1,1,1,1,1,1,1,1,1,1,1,1,1,1,1,1,1,1,1,1,1,1,1,1,1,1,1,1,1,1,1,1,1,1,1,1,1,1,1,1,1,1,1,1,1,1,1,1,1,1,1,1,1,1,1,1,1,1,1,1,1,1,1,1,1,1,1,1,1,1,1,1,1,1,1],"done":true,"α":[0.2,0.2,0.2,0.2,0.2,0.2,0.2,0.2,0.2,0.2,0.2,0.2,0.2,0.2,0.2,0.2,0.2,0.2,0.2,0.2,0.2,0.2,0.2,0.2,0.2,0.2,0.2,0.2,0.2,0.2,0.2,0.2,0.2,0.2,0.2,0.2,0.2,0.2,0.2,0.2,0.2,0.2,0.2,0.2,0.2,0.2,0.2,0.2,0.2,0.2,0.2,0.2,0.2,0.2,0.2,0.2,0.2,0.2,0.2,0.2,0.2,0.2,0.2,0.2,0.2,0.2,0.2,0.2,0.2,0.2,0.2,0.2,0.2,0.2,0.2,0.2,0.2,0.2,0.2,0.2,0.2,0.2,0.2,0.2,0.2,0.2,0.2,0.2,0.2,0.2,0.2,0.2,0.2,0.2,0.2,0.2,0.2,0.2,0.2],"energies":[-1193.10337217,-265.0869367,-249.08697806,-465.843487925,-421.66379879,-414.132398255,-368.543611265,-391.791318805,-402.058540595,-401.84827957,-402.22504249,-401.990344965,-401.844582265,-401.219734315,-415.402488515,-417.091885205,-374.84086041,-401.26388336,-406.045841865,-399.04970326,-401.788296195,-402.05547284,-402.06209424,-402.098188875,-401.882474295,-401.7150701,-401.795610935,-401.65203601,-401.716814395,-401.72192455,-401.70942299,-401.7152033,-401.71495553,-401.71530345,-401.717238265,-401.707433565,-401.715491865,-401.71297573,-401.71425453,-401.714305815,-401.71430793,-401.7142874,-401.71428848,-401.714294615,-401.71428732,-401.714280335,-401.71428632,-401.714289655,-401.71428982,-401.714294585,-401.71429459,-401.71429459,-401.7142946,-401.71429461,-401.71429461,-401.7142946,-401.714294605,-401.714294605,-401.7142946,-401.714294605,-401.71429465,-401.71429665,-401.714296665,-401.71429666,-401.714296665,-401.714296665,-401.714296665,-401.714296665,-401.714296665,-401.714296665,-401.71429667,-401.714296655,-401.714296655,-401.71429966,-401.714299605,-401.71430014,-401.71430025,-401.71430016,-401.714300255,-401.71430025,-401.71430023,-401.714300265,-401.71430027,-401.714300255,-401.714300135,-401.714299875,-401.714302315,-401.714302945,-401.71430292,-401.714302675,-401.714302825,-401.714302975,-401.714302955,-401.71430241,-401.714302905,-401.71430287,-401.71429893,-401.714303225,-401.714303235],"residuals":[1582.96759426,974.764533285,601.86860771,125.822725795,168.69979168,132.61761721,80.010276745,59.368211345,1.54879968,1.37986914,0.789389105,4.239768,3.673901775,1.77083215,35.31305836,78.150884875,76.981281915,28.778996345,5.56573724,14.487127135,0.35213409,0.320384865,1.054378235,0.98830249,1.08579774,0.55747994,0.123319405,0.264801555,0.1345338,0.031303385,0.051927935,0.01130472,0.00802415,0.0075998,0.01037952,0.02211343,0.008838805,0.005565705,0.000182175,2.931e-5,8.15e-5,6.926e-5,8.315e-6,1.5065e-5,6.085e-6,6.3435e-5,2.63e-6,8.45e-7,9.0e-8,1.45e-7,5.0e-8,5.0e-8,7.0e-8,1.0e-7,7.5e-8,6.5e-8,5.5e-8,2.0e-8,2.0e-8,2.5e-8,1.5e-8,2.5e-8,2.0e-8,2.5e-8,2.5e-8,2.5e-8,2.5e-8,2.5e-8,2.5e-8,2.5e-8,2.5e-8,2.0e-8,5.0e-9,5.0e-8,1.5e-8,8.0e-8,2.7e-7,3.15e-7,2.1e-7,1.35e-7,4.5e-8,1.7e-9,3.2e-9,2.55e-9,5.0e-9,4.7e-9,3.0e-8,7.5e-8,7.0e-8,6.5e-8,6.5e-8,7.0e-8,7.0e-8,7.0e-8,7.0e-8,5.0e-8,5.5e-8,5.0e-9,5.0e-9]}