{"ndiag":[1,1,1,1,1,1,1,1,1,1,1,1,1,1,1,1,1,1,1,1,1,1,1,1,1,1,1,1,1,1,1,1,1,1,1,1,1,1,1,1,1,1,1,1,1,1,1,1,1,1,1,1,1,1,1,1,1,1,1,1,1,1,1,1,1],"done":true,"α":[0.3,0.3,0.3,0.3,0.3,0.3,0.3,0.3,0.3,0.3,0.3,0.3,0.3,0.3,0.3,0.3,0.3,0.3,0.3,0.3,0.3,0.3,0.3,0.3,0.3,0.3,0.3,0.3,0.3,0.3,0.3,0.3,0.3,0.3,0.3,0.3,0.3,0.3,0.3,0.3,0.3,0.3,0.3,0.3,0.3,0.3,0.3,0.3,0.3,0.3,0.3,0.3,0.3,0.3,0.3,0.3,0.3,0.3,0.3,0.3,0.3,0.3,0.3,0.3,0.3],"energies":[-964.41589565,-293.443415115,-214.92974503,-473.372197915,-371.325762835,-393.3797974,-372.252617225,-410.87899131,-404.422568145,-405.836087225,-404.64856391,-404.73338319,-404.36789082,-402.830281035,-402.07944824,-402.188369805,-402.314197925,-401.40641339,-401.795821635,-401.88877952,-401.937279455,-402.208431025,-402.127452415,-400.75760449,-402.178983875,-401.841272175,-401.712247475,-401.98861784,-401.761269675,-401.688009735,-401.7393312,-401.70484111,-401.74212588,-401.74644015,-401.67766063,-401.713040405,-401.71420188,-401.71448302,-401.714863075,-401.714931455,-401.71447131,-401.713645155,-401.71421731,-401.71391129,-401.714237365,-401.71423945,-401.714237745,-401.714189505,-401.71423148,-401.714254905,-401.71424033,-401.71428092,-401.714285855,-401.714290885,-401.714296055,-401.714295535,-401.714300675,-401.71430167,-401.71430091,-401.714304645,-401.71430475,-401.71430478,-401.71430478,-401.71430478,-401.71430478],"residuals":[1582.96759426,716.65485836,517.59174121,148.615550605,167.45406128,21.32020134,74.394875495,46.80787666,33.54966049,11.90850918,12.531305615,8.93589489,8.838099615,7.846425505,7.20824541,4.72467555,2.94159884,2.75070833,3.936109925,1.55408232,2.317418285,1.36636338,1.208171495,7.53199256,4.553790935,3.78475515,5.32238946,0.78155386,0.906393295,0.397352895,0.11612417,0.285681745,0.043110905,0.237871465,0.418073155,0.026696475,0.0024286,0.001818425,0.00165219,0.002197965,0.002405905,0.002079305,0.000111855,9.678e-5,0.00022292,0.0002094,0.00017288,0.000219275,4.552e-5,6.8e-6,1.4515e-5,1.695e-6,4.505e-6,6.3e-7,4.15e-7,1.55e-7,2.7e-7,1.55e-7,1.0e-8,1.0e-8,5.5e-10,2.45e-10,1.1e-10,1.9e-11,5.0e-11]}