{"done":true,"kgrid":[13,13,13],"use_diis":[false,false,false,false,false,false,false,false,false,false,false,false,false,false,false,false,false,false,false,false,false,false,false,false,false,false,false,false,false,false,false,false,false,false,false,false,false,false,false,false,false,false,false,false,false,false,false,false,false,false,false,false,false,false,false,false,false,false,false,false,false,false,false,false,false,false,false,false,false,false,false,false,false,false,false,false,false,false,false,false,false,false,false,false,false,false,false,false,false,false,false,false,false,false,false,false,false,false,false],"mixing":"KerkerMixing(0.8, 0.0)","temperature":0.01,"Ecut":45.0,"lattice":[[0.0,5.502882474910242,5.502882474910242],[5.502882474910242,0.0,5.502882474910242],[5.502882474910242,5.502882474910242,0.0]],"n_electr":49,"n_bands":59,"α":[0.5,0.5,0.5,0.5,0.5,0.5,0.5,0.5,0.5,0.5,0.5,0.5,0.5,0.5,0.5,0.5,0.5,0.5,0.5,0.5,0.5,0.5,0.5,0.5,0.5,0.5,0.5,0.5,0.5,0.5,0.5,0.5,0.5,0.5,0.5,0.5,0.5,0.5,0.5,0.5,0.5,0.5,0.5,0.5,0.5,0.5,0.5,0.5,0.5,0.5,0.5,0.5,0.5,0.5,0.5,0.5,0.5,0.5,0.5,0.5,0.5,0.5,0.5,0.5,0.5,0.5,0.5,0.5,0.5,0.5,0.5,0.5,0.5,0.5,0.5,0.5,0.5,0.5,0.5,0.5,0.5,0.5,0.5,0.5,0.5,0.5,0.5,0.5,0.5,0.5,0.5,0.5,0.5,0.5,0.5,0.5,0.5,0.5,0.5],"energies":[-292.8700496342861,-320.09662031004825,-323.5303740375779,-330.6171777097729,-329.7918005802364,-327.36709983049764,-332.7170743108998,-333.2663136377514,-333.289586590078,-333.09511936558886,-333.2981276292056,-333.30232435245847,-333.3026936511073,-333.3026220536165,-333.3028662730416,-333.30271729551407,-333.302588465631,-333.3025354928972,-333.30260833606854,-333.30261190245847,-333.30261327468423,-333.30261583376205,-333.302618041497,-333.30261944483834,-333.302619856553,-333.3026189767997,-333.3026185595329,-333.3026190390261,-333.3026196095683,-333.30261977965745,-333.30261945913765,-333.30261982448076,-333.3026198273684,-333.3026199056988,-333.30261990988737,-333.30261991561247,-333.3026199191469,-333.30261992447276,-333.30261992983566,-333.30261993931526,-333.30261994267715,-333.3026199400058,-333.3026199404889,-333.302619943637,-333.3026199493714,-333.30261994566746,-333.3026199466587,-333.30261994769364,-333.3026199474616,-333.30261994901485,-333.3026199421412,-333.3026199531491,-333.30261995054286,-333.3026199512173,-333.3026199529015,-333.30261996803256,-333.30261996565247,-333.30261996792086,-333.30261996809173,-333.3026199633498,-333.30261996648164,-333.30261997198903,-333.3026199777757,-333.3026199755541,-333.3026199768427,-333.30261997643527,-333.30261997708396,-333.3026199771361,-333.3026199857106,-333.3026199852715,-333.30261997520296,-333.3026199690893,-333.3026199581237,-333.3026199648013,-333.30261995521187,-333.3026199586989,-333.3026199247331,-333.3026199471136,-333.3026199534659,-333.30261996937605,-333.3026199671653,-333.30261994320847,-333.30261993954946,-333.3026198691544,-333.30261984868656,-333.302619934125,-333.3026199558777,-333.3026199198375,-333.3026199460969,-333.3026199265091,-333.30261985834653,-333.30261994763936,-333.3026198752069,-333.3026199171127,-333.3026199089566,-333.30261992739963,-333.30261992625356,-333.30261995802,-333.302619949753],"residuals":[626.3202166913109,410.9311626641804,384.0199396662277,207.78349737553103,221.54672753316015,290.137925034631,88.00294585382613,23.016332484946297,13.78987553041494,53.233696452749044,7.5711239347442065,1.9004804630565673,0.8417318689512205,2.813110553963105,0.8347696444974261,0.9181501841850072,0.551758180162821,0.9767821786922233,0.2361862595413864,0.15558744239410693,0.16827436533811405,0.03763961635465872,0.032627459089202816,0.03277846435371312,0.020377400134776433,0.09574430426719413,0.11952617113348109,0.09264115041940656,0.04999327295808449,0.036248169378279176,0.06667690962309934,0.009734319431555546,0.028530232527296577,0.00719786296806432,0.005398814664433884,0.0033219955416223467,0.003120822007977492,0.0022043495605105694,0.0032525544609582633,0.006028081102973499,0.007370005184668451,0.006948667033128097,0.007391496538403718,0.006764441962713484,0.008921304658155552,0.009994407969120657,0.010335562257012418,0.01109925213570237,0.011710917913098536,0.01202032472396566,0.012751585905652278,0.009365080212909542,0.010509451937664725,0.010958009013327549,0.008667411304812408,0.0024907835728474746,0.0027187122175619713,0.0035608652605558645,0.004957867302570431,0.009400140363754418,0.010844938849578035,0.006534320317829312,0.006015380756992839,0.008598250104681607,0.006707763659055259,0.0066973416957207925,0.00706969721504958,0.007589939260081114,0.008209438561679874,0.009509419243191274,0.00859191828387003,0.010245002167584774,0.01232589899356577,0.01266925292526446,0.012265393118463403,0.011527481964755523,0.008506256735184329,0.014362403942142376,0.022326617634360866,0.017095786430319185,0.01327499355684322,0.019213519931301645,0.017333871447447385,0.03025521046263591,0.00927773783881682,0.004056993373302373,0.0065835479069636035,0.0055179317718399784,0.011872227083094065,0.02098253258093799,0.02511911367649458,0.013660244852601987,0.03232523464685651,0.02359060456096971,0.025782669277136572,0.020120247275634072,0.020223629856239732,0.010487869319801207,0.008705657547533363],"smearing":"DFTK.Smearing.Gaussian()","ndiag":[1,1,1,1,1,1,1,1,1,1,1,1,1,1,1,1,1,1,1,1,1,1,1,1,1,1,1,1,1,1,1,1,1,1,1,1,1,1,1,1,1,1,1,1,1,1,1,1,1,1,1,1,1,1,1,1,1,1,1,1,1,1,1,1,1,1,1,1,1,1,1,1,1,1,1,1,1,1,1,1,1,1,1,1,1,1,1,1,1,1,1,1,1,1,1,1,1,1,1],"fft_size":[50,50,50],"kwargs":"Base.Iterators.Pairs{Union{}, Union{}, Tuple{}, NamedTuple{(), Tuple{}}}()","n_kirred":168,"damping":"DFTK.FixedDamping(0.5)","type":"potmix"}