{"done":true,"kgrid":[13,13,13],"use_diis":[false,false,false,false,false,false,false,false,false,false,false,false,false,false,false,false,false,false,false,false,false,false,false,false,false,false,false],"mixing":"KerkerMixing(0.8, 0.0)","temperature":0.01,"Ecut":45.0,"lattice":[[0.0,5.502882474910242,5.502882474910242],[5.502882474910242,0.0,5.502882474910242],[5.502882474910242,5.502882474910242,0.0]],"n_electr":49,"n_bands":59,"α":[0.8,0.8,0.8,0.8,0.8,0.8,0.8,0.8,0.8,0.8,0.8,0.8,0.8,0.8,0.8,0.8,0.8,0.8,0.8,0.8,0.8,0.8,0.8,0.8,0.8,0.8,0.8],"energies":[-292.8700496342861,-304.0667221465303,-330.0358256107859,-332.63719554151294,-331.519518192318,-319.94035887713807,-322.07734610607736,-332.44043507976113,-332.45705377639547,-333.28427589417817,-333.2845256206804,-333.3009104092944,-333.29272224428377,-333.274813975005,-333.27712824577685,-333.28531193623843,-333.3042485957142,-333.30524296384584,-333.30526809408616,-333.30527145736795,-333.3052716440181,-333.3052727977075,-333.3052730038837,-333.3052730112569,-333.30527301171924,-333.30527301175806,-333.30527301176215],"residuals":[626.3202166913109,634.6443615136749,241.71086568007146,77.68454470313058,159.84185349924815,429.51068903115106,392.09957795709465,104.03754436955603,106.96190302770955,14.98579119720618,16.08235843530863,6.077094849388971,12.48137318887129,20.309474305829102,19.654500285575377,16.52350282292149,3.8119445734968513,0.29167609403190414,0.2320058981650858,0.055868400458589054,0.11018626267236557,0.04109511229158266,0.004627733586919431,0.0009384199852898389,0.00043183668645498325,0.00015086550524044377,4.5426617304939264e-5],"smearing":"DFTK.Smearing.Gaussian()","ndiag":[1,1,1,1,1,1,1,1,1,1,1,1,1,1,1,1,1,1,1,1,1,1,1,1,1,1,1],"fft_size":[50,50,50],"kwargs":"Base.Iterators.Pairs{Union{}, Union{}, Tuple{}, NamedTuple{(), Tuple{}}}()","n_kirred":168,"damping":"DFTK.FixedDamping(0.8)","type":"potmix"}