{"done":true,"kgrid":[13,13,13],"use_diis":[false,false,false,false,false,false,false,false,false,false,false,false,false,false,false,false,false,false,false,false,false,false,false,false,false,false,false,false,false,false,false,false,false,false,false,false,false,false,false,false,false,false,false,false,false,false,false,false,false,false,false,false,false,false,false,false,false,false,false,false,false,false,false,false,false,false,false,false,false,false,false,false,false,false,false,false,false,false,false,false,false,false,false,false,false,false,false,false,false,false,false,false,false,false,false,false,false,false,false],"mixing":"KerkerMixing(0.8, 0.0)","temperature":0.01,"Ecut":45.0,"lattice":[[0.0,5.502882474910242,5.502882474910242],[5.502882474910242,0.0,5.502882474910242],[5.502882474910242,5.502882474910242,0.0]],"n_electr":49,"n_bands":59,"α":[0.6,0.6,0.6,0.6,0.6,0.6,0.6,0.6,0.6,0.6,0.6,0.6,0.6,0.6,0.6,0.6,0.6,0.6,0.6,0.6,0.6,0.6,0.6,0.6,0.6,0.6,0.6,0.6,0.6,0.6,0.6,0.6,0.6,0.6,0.6,0.6,0.6,0.6,0.6,0.6,0.6,0.6,0.6,0.6,0.6,0.6,0.6,0.6,0.6,0.6,0.6,0.6,0.6,0.6,0.6,0.6,0.6,0.6,0.6,0.6,0.6,0.6,0.6,0.6,0.6,0.6,0.6,0.6,0.6,0.6,0.6,0.6,0.6,0.6,0.6,0.6,0.6,0.6,0.6,0.6,0.6,0.6,0.6,0.6,0.6,0.6,0.6,0.6,0.6,0.6,0.6,0.6,0.6,0.6,0.6,0.6,0.6,0.6,0.6],"energies":[-292.8700496342861,-314.5793626718871,-326.20179022445546,-331.5378491344108,-323.4911757146697,-326.78900688990865,-332.6532504588459,-330.4303743531774,-333.2856415232663,-333.28605050835654,-333.1714157533293,-333.21118124029806,-333.22896713323433,-333.3017780427011,-333.29292617155096,-333.3020323383795,-333.30246019829855,-333.3023310983392,-333.3024795628026,-333.3026265874144,-333.30260601174916,-333.3026071385514,-333.30261357720445,-333.3026168524066,-333.30261418979285,-333.30261283938756,-333.3026154855491,-333.30261621624385,-333.30261645851846,-333.3026163099972,-333.30261635871113,-333.30261633944474,-333.30261618434724,-333.30261631901936,-333.3026162596663,-333.3026162971477,-333.3026162313191,-333.3026161306991,-333.30261580572716,-333.30261662960817,-333.3026167613109,-333.30261648236535,-333.30261703605623,-333.30261703278575,-333.3026159312808,-333.3026151600421,-333.30261673306677,-333.3026166998718,-333.30261670056836,-333.30261706711156,-333.30261725890153,-333.30261713893003,-333.3026172446497,-333.3026172857862,-333.30261730605844,-333.3026171983353,-333.3026168509373,-333.30260915330666,-333.302615776035,-333.3026168266661,-333.3026167645371,-333.30261698050026,-333.3026173112985,-333.30261718353717,-333.3026160872747,-333.30261744601364,-333.30261762056665,-333.30261760333855,-333.30261759637006,-333.3026176765766,-333.30261726910743,-333.3026176279786,-333.3026176309804,-333.3026176003216,-333.3026178272409,-333.3026179213773,-333.3026178771378,-333.3026177542328,-333.30261795646015,-333.30261799985215,-333.30261795812214,-333.3026179171628,-333.30261804042635,-333.30261795640257,-333.3026177913032,-333.3026178531311,-333.30261792040466,-333.30261789323384,-333.30261777638725,-333.30261782053554,-333.30261777465,-333.30261732626,-333.3026175767131,-333.30261724022023,-333.3026163369751,-333.3026166707579,-333.3026172538491,-333.3026173514781,-333.30261691443883],"residuals":[626.3202166913109,497.24148249405516,344.59365912412864,170.17589623140083,374.0704378360576,304.3082426405546,88.41588423305294,196.90715365197403,14.858976700487363,14.719056655350334,42.575842943579666,35.67415850214833,32.36945822403841,1.3775905964606978,11.315695612812737,1.888675105072836,0.6435417007314078,0.7591873012935507,0.32098245499487216,0.3661480377407709,0.31320030127082,0.0983954666493408,0.1531845164177866,0.03785076054678953,0.06737349377951214,0.13812108995031533,0.10071929679108947,0.026706691214265825,0.03625549817864067,0.029177780514040953,0.0065398285142893465,0.009386148676512475,0.011795339246359069,0.013043141577787527,0.009690769350393676,0.01293438173862631,0.016698874265120303,0.024846276174691855,0.027089972112054682,0.04016162030068349,0.040997544432406836,0.049902502463615425,0.0236114330490018,0.01890863908307786,0.0401612879952123,0.05208268475285814,0.02819108510039934,0.04511029244348126,0.04709625956584663,0.022180227242654997,0.013921193060733628,0.005527224647363165,0.032668941749602165,0.020581764598522876,0.026888924586521167,0.025971937690168357,0.036517719242029824,0.08907130059560481,0.050552514431552675,0.03230772644496764,0.030014455983971254,0.04045869368899197,0.025286653022672526,0.047873857822587434,0.06982091363891861,0.017434200368128833,0.02448703064463862,0.021682775414443897,0.015875059246791393,0.01740229527617035,0.029330908220512528,0.016843626456981352,0.01497767009694703,0.013603180114992052,0.025229776225885233,0.009397525731627243,0.007567930653674754,0.02194010299029687,0.00461328267033365,0.009280871594147568,0.010279623001752254,0.004982541092770338,0.02728664076935046,0.0292946655039299,0.019819804503948154,0.031704510917330286,0.02699666623086347,0.03608420276311018,0.041427547037677294,0.047829306074614386,0.03249728370167998,0.05072258794032883,0.056440995142302434,0.05384645711346255,0.04970940512981962,0.06115615571472497,0.10118747761846414,0.07374838884153181,0.08061577054353157],"smearing":"DFTK.Smearing.Gaussian()","ndiag":[1,1,1,1,1,1,1,1,1,1,1,1,1,1,1,1,1,1,1,1,1,1,1,1,1,1,1,1,1,1,1,1,1,1,1,1,1,1,1,1,1,1,1,1,1,1,1,1,1,1,1,1,1,1,1,1,1,1,1,1,1,1,1,1,1,1,1,1,1,1,1,1,1,1,1,1,1,1,1,1,1,1,1,1,1,1,1,1,1,1,1,1,1,1,1,1,1,1,1],"fft_size":[50,50,50],"kwargs":"Base.Iterators.Pairs{Union{}, Union{}, Tuple{}, NamedTuple{(), Tuple{}}}()","n_kirred":168,"damping":"DFTK.FixedDamping(0.6)","type":"potmix"}