{"done":true,"kgrid":[13,13,13],"use_diis":[false,false,false,false,false,false,false,false,false,false,false,false,false,false,false,false,false,false,false,false,false,false,false,false,false,false,false,false,false,false,false,false,false,false,false,false,false,false,false,false,false,false,false,false,false,false,false,false,false,false,false,false,false,false,false,false,false,false,false,false,false,false,false,false,false,false,false,false,false,false,false,false,false,false,false,false,false,false,false,false,false,false,false,false,false,false,false,false,false,false,false,false,false,false,false,false,false,false,false],"mixing":"KerkerMixing(0.8, 0.0)","temperature":0.01,"Ecut":45.0,"lattice":[[0.0,5.502882474910242,5.502882474910242],[5.502882474910242,0.0,5.502882474910242],[5.502882474910242,5.502882474910242,0.0]],"n_electr":49,"n_bands":59,"α":[0.3,0.3,0.3,0.3,0.3,0.3,0.3,0.3,0.3,0.3,0.3,0.3,0.3,0.3,0.3,0.3,0.3,0.3,0.3,0.3,0.3,0.3,0.3,0.3,0.3,0.3,0.3,0.3,0.3,0.3,0.3,0.3,0.3,0.3,0.3,0.3,0.3,0.3,0.3,0.3,0.3,0.3,0.3,0.3,0.3,0.3,0.3,0.3,0.3,0.3,0.3,0.3,0.3,0.3,0.3,0.3,0.3,0.3,0.3,0.3,0.3,0.3,0.3,0.3,0.3,0.3,0.3,0.3,0.3,0.3,0.3,0.3,0.3,0.3,0.3,0.3,0.3,0.3,0.3,0.3,0.3,0.3,0.3,0.3,0.3,0.3,0.3,0.3,0.3,0.3,0.3,0.3,0.3,0.3,0.3,0.3,0.3,0.3,0.3],"energies":[-292.8700496342861,-320.8477307582313,-309.5384711425975,-321.0835626062764,-320.2740813239268,-323.908150458669,-326.9862245925606,-321.67120146330035,-332.27990475963287,-328.6487949308891,-329.6980259044711,-333.1266127002441,-332.12435538744404,-332.3051046158291,-332.9838901361095,-333.0205903425752,-333.301602084114,-333.3008391976071,-333.2966373949697,-333.30006793476645,-333.3018899545278,-333.30126800285245,-333.3017424439502,-333.2986576735042,-333.3016077327084,-333.30261418713945,-333.3026907556027,-333.30268086675983,-333.30269489209854,-333.30274530202615,-333.3026735670466,-333.30229013685243,-333.30294659842286,-333.3030870587065,-333.3030536366654,-333.303040981547,-333.30310192103104,-333.3031009126764,-333.3030944531562,-333.3031079432006,-333.30308518715884,-333.3030845124668,-333.30310443244497,-333.3026527640948,-333.3023591313617,-333.3027340366033,-333.30233371875954,-333.30336047021626,-333.3031182982159,-333.30354987219374,-333.30347198303895,-333.30353875254207,-333.3035563229668,-333.3033377658136,-333.30294054985296,-333.30356996745695,-333.3037709522551,-333.3039132486804,-333.30287989515773,-333.3034188182237,-333.30384805869124,-333.304154840917,-333.3041301775876,-333.3042406250544,-333.3040198853596,-333.30403565277595,-333.30376685951757,-333.3032784773226,-333.3032027514828,-333.3030449079252,-333.30321947899597,-333.3046525681577,-333.30477372111665,-333.3045742212176,-333.30428325166775,-333.3033044753223,-333.30470009193186,-333.30472927336524,-333.3047098864195,-333.3046749931768,-333.30464244619077,-333.3045274336634,-333.30462737761354,-333.30463384457033,-333.3047812677023,-333.3047951758158,-333.3048030159192,-333.3045915518245,-333.3046745966406,-333.30433343569615,-333.30362986757206,-333.3031195540587,-333.30502735275303,-333.3049357872917,-333.30479005026405,-333.3047934791569,-333.30499892892334,-333.30463752710506,-333.3049754503312],"residuals":[626.3202166913109,331.5421149784207,579.4739131167122,397.236167845149,410.01798530387936,352.2060633254788,274.73580618857164,410.3246166499496,108.60728117338142,252.31254884041712,219.09579306222108,51.119481237093375,129.81058337018482,119.03720355526316,66.72051827345753,62.4062190031827,1.7754353016443407,3.749036726336415,8.596908316995645,5.711715736911736,2.755843325010847,3.7453294296817616,3.919950741668481,7.650601754998345,3.7137270112830065,1.0265737838195719,0.28963236609884374,0.3734755580930119,0.33841636205414777,0.2950521033171343,0.3030498161657763,0.524271074073449,0.9200760983415438,2.318402008472895,1.6356514461186997,1.5611922269007088,1.7392281368018074,1.6623644755886913,1.6367557209439847,1.6148950947540734,1.543137035668233,1.5446691594590831,1.525590060733523,2.5532581049841996,2.901881556874242,2.289127280024098,3.2206974201645777,2.6282925812496214,2.5782676044218995,2.01626587850405,2.19021749670759,2.1049338806625597,2.106686168740297,2.8724882864543866,3.8794453505528845,2.213465839255928,1.421147543147012,1.8503211508516357,4.512864369080405,3.3776695942193964,2.0959843422948796,0.9302679414398878,0.8000224076701382,0.8552576146736129,1.139023921903968,1.233098664867025,1.9761680316684826,2.5345058922706243,2.8358221119726883,1.548175173365574,2.391986660291676,1.2681415969219596,1.3346497441424234,2.018660126535427,2.9836807449923524,5.019668821459776,1.8550675383838557,1.8032817735256255,2.0056138597511954,2.1052196750081764,2.1893996453259006,2.5824861196260955,2.4535655606619184,1.0658852402210024,1.2191148571748465,1.4336184938163588,1.2048822514620754,3.0539559387778104,1.751489010561203,3.708933884480185,5.23743636456786,6.062311053197643,0.280846213827713,1.5037368460509575,2.392209310413843,2.3495677406191335,0.7943585648765086,2.73655045485389,0.2853749216105875],"smearing":"DFTK.Smearing.Gaussian()","ndiag":[1,1,1,1,1,1,1,1,1,1,1,1,1,1,1,1,1,1,1,1,1,1,1,1,1,1,1,1,1,1,1,1,1,1,1,1,1,1,1,1,1,1,1,1,1,1,1,1,1,1,1,1,1,1,1,1,1,1,1,1,1,1,1,1,1,1,1,1,1,1,1,1,1,1,1,1,1,1,1,1,1,1,1,1,1,1,1,1,1,1,1,1,1,1,1,1,1,1,1],"fft_size":[50,50,50],"kwargs":"Base.Iterators.Pairs{Union{}, Union{}, Tuple{}, NamedTuple{(), Tuple{}}}()","n_kirred":168,"damping":"DFTK.FixedDamping(0.3)","type":"potmix"}