{"done":true,"kgrid":[13,13,13],"use_diis":[false,false,false,false,false,false,false,false,false,false,false,false,false,false,false,false,false,false,false,false,false,false],"mixing":"KerkerMixing(0.8, 0.0)","temperature":0.01,"Ecut":45.0,"lattice":[[0.0,5.502882474910242,5.502882474910242],[5.502882474910242,0.0,5.502882474910242],[5.502882474910242,5.502882474910242,0.0]],"n_electr":49,"n_bands":59,"α":[0.7,0.7,0.7,0.7,0.7,0.7,0.7,0.7,0.7,0.7,0.7,0.7,0.7,0.7,0.7,0.7,0.7,0.7,0.7,0.7,0.7,0.7],"energies":[-292.8700496342861,-310.33682941240335,-328.71500512259666,-332.73820481297736,-332.93281042854755,-333.1858504296157,-331.57696006151326,-333.25377143194004,-333.2925795820826,-333.29696560354677,-333.305246037471,-333.3052203316367,-333.30512164323966,-333.30523691362947,-333.3052696370582,-333.305272715753,-333.3052726490537,-333.3052727691757,-333.3052730117335,-333.3052730117457,-333.30527301176176,-333.3052730117619],"residuals":[626.3202166913109,559.8929516946898,288.72543719338734,93.70764922642644,70.89383444255714,41.66336151804524,153.79589701464036,27.31614919180538,12.655226907301687,10.806884934263703,0.23468948122878996,0.7362528740252428,1.4011966364045711,0.6511912970938021,0.16903306744904406,0.061502835410163444,0.06209364493546527,0.051459403049118696,0.0005473641500115309,0.0003624241642292899,3.299815473257262e-5,2.8715054786539514e-5],"smearing":"DFTK.Smearing.Gaussian()","ndiag":[1,1,1,1,1,1,1,1,1,1,1,1,1,1,1,1,1,1,1,1,1,1],"fft_size":[50,50,50],"kwargs":"Base.Iterators.Pairs{Union{}, Union{}, Tuple{}, NamedTuple{(), Tuple{}}}()","n_kirred":168,"damping":"DFTK.FixedDamping(0.7)","type":"potmix"}