{"done":true,"kgrid":[13,13,13],"mixing":"KerkerMixing(0.8, 0.0)","temperature":0.01,"Ecut":45.0,"lattice":[[0.0,5.502882474910242,5.502882474910242],[5.502882474910242,0.0,5.502882474910242],[5.502882474910242,5.502882474910242,0.0]],"n_electr":49,"n_bands":59,"α":[0.1,0.1,0.1,0.1,0.1,0.1,0.1,0.1,0.1,0.1,0.1,0.1,0.1,0.1,0.1,0.1,0.1,0.1,0.1,0.1,0.1,0.1,0.1,0.1,0.1,0.1,0.1,0.1,0.1,0.1,0.1,0.1,0.1,0.1,0.1,0.1,0.1,0.1,0.1,0.1,0.1,0.1,0.1,0.1,0.1,0.1,0.1,0.1,0.1,0.1,0.1,0.1,0.1,0.1,0.1,0.1,0.1,0.1,0.1,0.1,0.1,0.1,0.1,0.1,0.1,0.1,0.1,0.1,0.1,0.1,0.1,0.1,0.1,0.1,0.1,0.1,0.1,0.1,0.1,0.1,0.1,0.1,0.1,0.1,0.1,0.1,0.1,0.1,0.1,0.1,0.1,0.1,0.1,0.1,0.1,0.1,0.1,0.1,0.1],"energies":[-292.8700496342861,-301.00332302824035,-319.117242490567,-332.6480490571558,-332.83483966999523,-330.5066495107877,-328.33240357874934,-331.3503456461455,-333.14931960051183,-333.03647113974057,-333.10149524662904,-333.28717764718516,-333.27493088216374,-333.280177758172,-333.25482794629534,-333.21725603312,-333.2099140940141,-333.24728992493255,-333.30122782988946,-333.3016771357465,-333.29206817005837,-333.29914016203014,-333.3007331340804,-333.2990614448124,-333.30015711596167,-333.30320501108093,-333.30358789886867,-333.30354726059954,-333.30118375744615,-333.3005761443712,-333.3011141409989,-333.3028314387988,-333.3013659103375,-333.3025162566814,-333.3026164096957,-333.3015078029726,-333.30342971945646,-333.30383469203815,-333.3035720126531,-333.30366527570015,-333.3037245916187,-333.3036351002842,-333.3035111034585,-333.3034431683268,-333.3035864722322,-333.3035332640741,-333.30399821403086,-333.3040420464459,-333.30405435378213,-333.30399045439566,-333.3039887137205,-333.304191079724,-333.3041925308483,-333.3042419614081,-333.30436152931446,-333.30437626937874,-333.30418607458097,-333.3042983111175,-333.30434053869305,-333.3041036071859,-333.3042112969788,-333.3044891104395,-333.3043451546314,-333.3041534626573,-333.304218509801,-333.30456431397596,-333.3042804798287,-333.3046275809514,-333.30467729452187,-333.3046266524317,-333.30461974710323,-333.3045055201162,-333.30449768246376,-333.30434829984546,-333.30439649943565,-333.304531079493,-333.30457718067277,-333.30459308300186,-333.30459894503895,-333.3046070519968,-333.30475008744537,-333.30482510967465,-333.30483070384884,-333.3048188913589,-333.304873557136,-333.3048647426271,-333.30488282486795,-333.30487440550087,-333.3048567099845,-333.30490584437047,-333.30490757590826,-333.3049819513114,-333.30502285912036,-333.3049287388705,-333.30497240405447,-333.30502871105597,-333.3050213909065,-333.3050120766403,-333.3050160593597],"residuals":[626.3202166913119,545.4799710248984,429.53529843166854,96.28213595744245,84.1972524431866,195.53587979526884,256.4720369013778,156.16468761031908,40.059902563455985,59.67036978059356,51.565979550474836,8.385702805697631,15.754062577164067,16.2034256857385,25.07039879921052,33.862796387672,35.43281983356019,27.280993026141214,3.244709294480347,3.603772092790437,11.912480040583134,5.435068718406772,1.8452694346516267,3.3785682324014545,1.2301216435911402,2.659404315336681,0.8617833610687672,1.1119675855250069,3.521320853581564,3.702668785324885,1.8240497223744614,0.748967480170618,0.8895824393962357,1.0017435654093694,1.2164876556959692,2.4892997545704136,0.7538780733828543,1.014147246191033,1.2882978082304741,0.19216199305244303,0.6452344554314631,0.27993059281420524,0.4441061812918813,0.47418001989704917,0.18202546959241062,0.15595087133621827,0.19891622028861056,1.5530684341604826,0.6255815420532862,1.1412338700827767,1.1030119399637222,0.8212596400705764,1.1783843072517204,1.2092033481525484,0.6922921039242158,1.0327941123164763,1.490544967536693,1.1884588222243793,1.2333282751534245,1.7726026393897172,1.242383815769528,0.7006688996357786,1.2306453040081589,0.6841702403448,0.39915324854506395,0.6317995039077974,0.4387675288439136,0.6341869237091659,0.6217421786749928,0.8218875964953359,0.6889452978149633,1.377640630079279,1.2865086817884415,1.3056020072500056,1.139286482232707,0.9357160299780488,0.9669307204206293,0.7481251898423337,0.7587267374376147,0.6630465250497025,0.502185524730192,1.2939655393308507,1.2179181446682918,1.4418608072516204,0.9831737361699323,1.0019816807662714,0.8116757218222581,0.38369274094017686,0.9521667693014745,0.4035255220488997,0.30054302552859236,0.1643975780089246,0.24643759286311365,0.8756100964671196,0.7652112143715282,0.22923956366610762,0.3126091091118397,0.3109665682690299,0.26432737760325603],"smearing":"DFTK.Smearing.Gaussian()","ndiag":[1,1,1,1,1,1,1,1,1,1,1,1,1,1,1,1,1,1,1,1,1,1,1,1,1,1,1,1,1,1,1,1,1,1,1,1,1,1,1,1,1,1,1,1,1,1,1,1,1,1,1,1,1,1,1,1,1,1,1,1,1,1,1,1,1,1,1,1,1,1,1,1,1,1,1,1,1,1,1,1,1,1,1,1,1,1,1,1,1,1,1,1,1,1,1,1,1,1,1],"fft_size":[50,50,50],"kwargs":"Base.Iterators.Pairs{Union{}, Union{}, Tuple{}, NamedTuple{(), Tuple{}}}()","n_kirred":168,"damping":"DFTK.FixedDamping(0.1)","type":"potmix"}