{"done":true,"kgrid":[13,13,13],"mixing":"KerkerMixing(0.8, 0.0)","temperature":0.01,"Ecut":45.0,"lattice":[[0.0,5.502882474910242,5.502882474910242],[5.502882474910242,0.0,5.502882474910242],[5.502882474910242,5.502882474910242,0.0]],"n_electr":49,"n_bands":59,"α":[1.0,1.0,1.0,1.0,1.0,1.0,1.0,1.0,1.0,1.0,1.0,1.0,1.0,1.0,1.0,1.0,1.0,1.0,1.0,1.0,1.0,1.0,1.0,1.0],"energies":[-292.8700496342861,-278.86628438946457,-330.1562573687497,-330.6276427800694,-331.8644701696891,-320.47689868545996,-326.84925891160225,-333.2509487804647,-333.04656098859436,-333.1789192318027,-333.30226836804593,-333.302296696976,-333.3048135134064,-333.30475114313367,-333.3045260001822,-333.3051527055171,-333.30517369291397,-333.3052697982425,-333.30527256278793,-333.3052729500601,-333.30527300986165,-333.3052730117348,-333.3052730117604,-333.3052730117618],"residuals":[626.3202166913109,846.3002494752349,211.1744009808353,171.3027258514381,147.86082886988922,417.2994514325877,295.1068392063896,26.946823151662116,59.090789281878855,40.76556122233406,4.881776558458007,4.882620384836615,1.234402994824625,2.154490085637175,2.7997704362746685,1.0299313675851443,1.1828885657754198,0.20537556462129955,0.06670280231534947,0.022425280537029586,0.004809669359642197,0.0004489453335482307,0.00014305428621904395,4.889368633544174e-5],"smearing":"DFTK.Smearing.Gaussian()","ndiag":[1,1,1,1,1,1,1,1,1,1,1,1,1,1,1,1,1,1,1,1,1,1,1,1],"fft_size":[50,50,50],"kwargs":"Base.Iterators.Pairs{Union{}, Union{}, Tuple{}, NamedTuple{(), Tuple{}}}()","n_kirred":168,"damping":"DFTK.FixedDamping(1.0)","type":"potmix"}