{"done":true,"kgrid":[13,13,13],"use_diis":[false,false,false,false,false,false,false,false,false,false,false,false,false,false,false,false,false,false,false,false,false,false,false,false,false,false,false,false,false,false,false],"mixing":"KerkerMixing(0.8, 0.0)","temperature":0.01,"Ecut":45.0,"lattice":[[0.0,5.502882474910242,5.502882474910242],[5.502882474910242,0.0,5.502882474910242],[5.502882474910242,5.502882474910242,0.0]],"n_electr":49,"n_bands":59,"α":[0.4,0.4,0.4,0.4,0.4,0.4,0.4,0.4,0.4,0.4,0.4,0.4,0.4,0.4,0.4,0.4,0.4,0.4,0.4,0.4,0.4,0.4,0.4,0.4,0.4,0.4,0.4,0.4,0.4,0.4,0.4],"energies":[-292.8700496342861,-331.1089213200241,-327.2371757999383,-333.03766732444046,-332.59860349742934,-331.60332956237534,-333.2845211435394,-333.1796757709543,-333.29341123973535,-333.27759393525224,-333.2764750123274,-333.29842116111524,-333.3037529286422,-333.30127687054215,-333.3036877254071,-333.3049861072864,-333.3051455766908,-333.30519006958934,-333.3052603127746,-333.3052724825124,-333.3052726969197,-333.3052729290291,-333.3052729942723,-333.3052730069395,-333.3052730104681,-333.30527301144207,-333.30527301167365,-333.30527301169985,-333.3052730117298,-333.30527301175164,-333.3052730117562],"residuals":[626.3202166913109,169.93625384267887,299.04123479711023,72.78110223427103,82.08647724900796,153.8812872397044,9.014826038806651,39.66902024520181,5.734707248680227,16.482155425328216,16.707558736919456,8.617813328000242,3.358818197253715,7.468570398427701,4.536945753109767,1.3599016642264066,1.2038655644896303,1.0149845039845815,0.39423899857522393,0.029828235298139768,0.06313244984764763,0.028547601224307988,0.014947875164216157,0.007534908502564288,0.002787328879780809,0.0010598276630703533,0.0005141116236116766,0.0003371469418843166,0.00032595820738217854,0.00016667040212716016,9.358895517092055e-5],"smearing":"DFTK.Smearing.Gaussian()","ndiag":[1,1,1,1,1,1,1,1,1,1,1,1,1,1,1,1,1,1,1,1,1,1,1,1,1,1,1,1,1,1,1],"fft_size":[50,50,50],"kwargs":"Base.Iterators.Pairs{Union{}, Union{}, Tuple{}, NamedTuple{(), Tuple{}}}()","n_kirred":168,"damping":"DFTK.FixedDamping(0.4)","type":"potmix"}