{"done":true,"kgrid":[13,13,13],"use_diis":[false,false,false,false,false,false,false,false,false,false,false,false,false,false,false,false,false,false,false,false,false,false,false,false,false,false,false,false,false,false,false,false,false,false,false,false,false,false,false,false,false,false,false,false,false,false,false,false,false,false,false,false,false,false,false,false,false,false,false,false,false,false,false,false,false,false,false,false,false,false,false,false,false,false,false,false,false,false,false,false,false,false,false,false,false,false,false,false,false,false,false,false,false,false,false,false,false,false,false],"mixing":"KerkerMixing(0.8, 0.0)","temperature":0.01,"Ecut":45.0,"lattice":[[0.0,5.502882474910242,5.502882474910242],[5.502882474910242,0.0,5.502882474910242],[5.502882474910242,5.502882474910242,0.0]],"n_electr":49,"n_bands":59,"α":[0.2,0.2,0.2,0.2,0.2,0.2,0.2,0.2,0.2,0.2,0.2,0.2,0.2,0.2,0.2,0.2,0.2,0.2,0.2,0.2,0.2,0.2,0.2,0.2,0.2,0.2,0.2,0.2,0.2,0.2,0.2,0.2,0.2,0.2,0.2,0.2,0.2,0.2,0.2,0.2,0.2,0.2,0.2,0.2,0.2,0.2,0.2,0.2,0.2,0.2,0.2,0.2,0.2,0.2,0.2,0.2,0.2,0.2,0.2,0.2,0.2,0.2,0.2,0.2,0.2,0.2,0.2,0.2,0.2,0.2,0.2,0.2,0.2,0.2,0.2,0.2,0.2,0.2,0.2,0.2,0.2,0.2,0.2,0.2,0.2,0.2,0.2,0.2,0.2,0.2,0.2,0.2,0.2,0.2,0.2,0.2,0.2,0.2,0.2],"energies":[-292.8700496342861,-310.0162330145699,-312.82396508516143,-327.75898721812223,-327.7179126944514,-328.8550582655945,-330.3831481056918,-323.34269892777246,-330.3671513243128,-329.7131888775113,-331.1950939044753,-330.22465299672757,-333.29835707380386,-333.2078688295163,-333.30021634595096,-333.2869714769063,-333.2988230275341,-333.2774002037735,-333.2937512600853,-333.3030530150736,-333.30332455054577,-333.3039436512717,-333.3043989319555,-333.30366015314473,-333.30499437397077,-333.30525038591753,-333.3052673721341,-333.3052693569733,-333.30525430282455,-333.30527269356486,-333.3052717423923,-333.30527240194624,-333.30527223217865,-333.3052724475215,-333.30527270164026,-333.30527273697675,-333.30527283703293,-333.3052728523504,-333.30527288583494,-333.305272906223,-333.30527287914424,-333.3052729226608,-333.3052728928023,-333.305272891586,-333.30527293430424,-333.3052729482127,-333.3052729463119,-333.3052729523426,-333.30527297449464,-333.3052729828104,-333.30527298081086,-333.3052729861087,-333.3052729872351,-333.3052729869143,-333.3052729869851,-333.3052729864053,-333.3052729874612,-333.30527298541836,-333.3052729855693,-333.3052729902819,-333.3052729914174,-333.3052729906242,-333.30527299166107,-333.3052729908002,-333.30527299021674,-333.3052729957682,-333.3052729963241,-333.30527299672684,-333.3052729959448,-333.3052729947935,-333.3052729961451,-333.3052729977955,-333.3052729971024,-333.3052729986504,-333.30527299182694,-333.3052729930399,-333.30527299655176,-333.30527299889377,-333.30527299286723,-333.30527299484174,-333.3052729995862,-333.30527299915684,-333.3052729990531,-333.3052729978298,-333.3052729983782,-333.3052729980725,-333.3052729989619,-333.3052729988107,-333.3052729993235,-333.30527299961017,-333.3052730000092,-333.3052730027981,-333.3052730013073,-333.30527300164965,-333.30527300158747,-333.3052730010835,-333.3052730017578,-333.30527300177505,-333.30527300178466],"residuals":[626.3202166913107,454.73667500649935,530.5312442468597,262.56752030657543,269.63622056477544,243.41566395324344,189.03115249519195,370.47196245501675,181.6556615845543,225.1654566417572,172.78959252646987,205.21465640050604,2.632976882844652,35.20376667065775,2.7385400420888435,14.356879919770607,6.242161469878442,18.48428576782547,11.255457935306458,0.9009365389868149,1.514727248971734,2.577207035422001,1.214803221926502,4.091199136185126,1.0612911091633017,0.30937136539637317,0.23258334136783768,0.18629033821552018,0.49670024129973356,0.030603776915412207,0.10740048228100052,0.06766818192766517,0.0337219460321596,0.023190507098225375,0.011730050521570754,0.007580075380767899,0.007800978139076879,0.003357381948452045,0.005005744804475865,0.0006869224294527438,0.0033203709586244576,0.0004921246755052489,0.001068085374844659,0.001913600683199232,0.001662087966893591,0.0012902151313526522,0.003704129046935376,0.004334132934833464,0.005626843983236737,0.004333952397604611,0.004327953649341945,0.005170540729707946,0.00604153275408444,0.005539849257851569,0.0061102914120594745,0.006021683058268308,0.0057404228315051375,0.006292894812904531,0.006847583068266303,0.0044754192145893485,0.004369276430796646,0.00498420750672025,0.0060889788274134556,0.005592800968361368,0.005227272248822725,0.0024849833369546036,0.0009705458132569153,0.0030662669508595575,0.0030412579338389392,0.005704733840954417,0.005409391072058034,0.00336733938457158,0.005178926970473354,0.0027107448716696854,0.00822244440584632,0.0069054179485322515,0.005050577393330883,0.001613509046362532,0.005089939981777871,0.005037782836109084,0.001719171733418926,0.0021143729541455883,0.0015899782332833498,0.002966653820302667,0.003266567993808133,0.0030834431717236266,0.0021890854774965817,0.0016159610551240377,0.0014370033690350036,0.0008382649369700879,0.0006436854677212822,0.0013703151428633967,0.00263456150498136,0.002308573363034744,0.001764376064436266,0.0014158598980396403,0.0011626152085225572,0.000533818172547891,0.0010124698311784002],"smearing":"DFTK.Smearing.Gaussian()","ndiag":[1,1,1,1,1,1,1,1,1,1,1,1,1,1,1,1,1,1,1,1,1,1,1,1,1,1,1,1,1,1,1,1,1,1,1,1,1,1,1,1,1,1,1,1,1,1,1,1,1,1,1,1,1,1,1,1,1,1,1,1,1,1,1,1,1,1,1,1,1,1,1,1,1,1,1,1,1,1,1,1,1,1,1,1,1,1,1,1,1,1,1,1,1,1,1,1,1,1,1],"fft_size":[50,50,50],"kwargs":"Base.Iterators.Pairs{Union{}, Union{}, Tuple{}, NamedTuple{(), Tuple{}}}()","n_kirred":168,"damping":"DFTK.FixedDamping(0.2)","type":"potmix"}