{"done":true,"kgrid":[13,13,13],"mixing":"KerkerMixing(0.8, 0.0)","temperature":0.01,"Ecut":45.0,"lattice":[[0.0,5.502882474910242,5.502882474910242],[5.502882474910242,0.0,5.502882474910242],[5.502882474910242,5.502882474910242,0.0]],"n_electr":49,"n_bands":59,"α":[0.9,0.9,0.9,0.9,0.9,0.9,0.9,0.9,0.9,0.9,0.9,0.9,0.9,0.9,0.9,0.9,0.9,0.9,0.9,0.9,0.9,0.9,0.9,0.9,0.9,0.9,0.9,0.9,0.9,0.9,0.9,0.9,0.9,0.9,0.9,0.9,0.9,0.9,0.9,0.9,0.9,0.9,0.9,0.9,0.9,0.9,0.9,0.9,0.9,0.9,0.9,0.9,0.9,0.9,0.9,0.9,0.9,0.9,0.9,0.9,0.9,0.9,0.9,0.9,0.9,0.9,0.9,0.9,0.9,0.9,0.9,0.9,0.9,0.9,0.9,0.9,0.9,0.9,0.9,0.9,0.9,0.9,0.9,0.9,0.9,0.9,0.9,0.9,0.9,0.9,0.9,0.9,0.9,0.9,0.9,0.9,0.9,0.9,0.9],"energies":[-292.87004963428603,-294.2183571321765,-330.35424134992513,-331.5459123818657,-331.53648362909854,-319.77060281152063,-324.6383521908059,-333.19437394791845,-332.8366146221999,-333.063054121935,-333.2942858115563,-333.29493736875804,-333.30254662724946,-333.30266401543327,-333.3027556702562,-333.3023582952847,-333.3026046595303,-333.30261991018887,-333.30261992400045,-333.302619981277,-333.30262000205647,-333.3026200435185,-333.30262020215,-333.30262027122694,-333.30261812663247,-333.3026201962677,-333.30262025814756,-333.3026202602669,-333.30262026057653,-333.3026202403353,-333.3026202396741,-333.30262026544705,-333.30262026585234,-333.3026202668218,-333.30262026797095,-333.30262026828683,-333.3026202686583,-333.3026202684926,-333.30262025350487,-333.3026202521939,-333.30262025767365,-333.30262026724887,-333.3026202674075,-333.3026202681818,-333.30262026789114,-333.30262026693515,-333.3026202675011,-333.30262026632386,-333.30262026253405,-333.3026202647603,-333.30262026293906,-333.3026202631546,-333.30262026369917,-333.30262026450913,-333.3026202583311,-333.3026202352719,-333.30262026540123,-333.30262026244236,-333.3026202447674,-333.302620224696,-333.3026202633696,-333.3026202673895,-333.30262026797664,-333.3026202665745,-333.30262026566754,-333.3026202670273,-333.30262026573286,-333.3026202660099,-333.30262026573786,-333.30262025960246,-333.30262021202975,-333.30262026615316,-333.3026202506088,-333.30262026464106,-333.3026202663214,-333.3026202674554,-333.30262026842365,-333.3026202692699,-333.3026202679344,-333.30262026937254,-333.3026202687126,-333.30262026922844,-333.3026202688828,-333.3026202691562,-333.30262026999304,-333.30262026971275,-333.3026202691188,-333.302620269859,-333.3026202701413,-333.3026202706108,-333.30262027044245,-333.30262027054215,-333.30262026934133,-333.30262026993375,-333.30262027079226,-333.3026202705628,-333.3026202697333,-333.3026202701877,-333.3026202705939],"residuals":[626.3202166913102,728.534419239893,216.47154574586577,135.08059803660456,162.11976456699034,429.53901005212913,341.9705619056485,39.25283072928605,79.52285335921306,56.548177070180614,10.33617689239516,10.038466875895551,1.8696517319438204,2.0383527009260094,0.9530281774735659,1.9080336567845504,0.461610671553787,0.04175823472213165,0.02824791722359231,0.011579386594082985,0.002351688146533096,0.0022504199674957676,0.007745495065328765,0.012341100284645126,0.06330258315736485,0.009617042116475481,0.0032596884257968636,0.002899146763017165,0.0024918629879610603,0.003158126816223267,0.00500750059658799,0.0036813739611552708,0.004246167645383346,0.003214221863284234,0.001747486950442956,0.0011477642153754023,0.0006925182480485013,0.0005570533939943646,0.006225956000972118,0.005835064728411414,0.0053014794454608796,0.0006531398694725308,0.0008299948448721552,0.0003988981767149221,0.0007985499502376064,0.002802287857741598,0.0023857453034223488,0.0022906780451085484,0.0018965570167428182,0.0018889705494551164,0.0019916231920515995,0.002219633915865034,0.002330758746293878,0.0019186310951190728,0.0027912905183749745,0.006641093727602275,0.0025241925496697635,0.002764038733711933,0.005932541133200613,0.007696537027645818,0.0013503933514196936,0.001684852581099345,0.00016922226485140116,0.0015223097927392266,0.0018565623870530064,0.0020015596805025414,0.0025408212743388125,0.0026076863310614973,0.0025759899564935327,0.004450984547514524,0.006026930139404053,0.0024098260626109506,0.005864204965343617,0.003328045746254247,0.0030967770743863627,0.002541124704769369,0.0016130638119999316,0.0007463339370072237,0.002514013812955241,0.0009912634359912265,0.0017279324785946352,0.00045395698967185596,0.0013611660757606287,0.0006595285639009155,0.0006475020836867138,0.0014410799659436283,0.0025088678729351228,0.001341055948441845,0.0012978777131733242,0.0011948974038303618,0.0012999591511401803,0.0008946935009736185,0.0019319329761366378,0.001347452445071464,0.00172344633312236,0.0016359644477665276,0.0017571861208248703,0.0008723712533498269,0.0007689335031925722],"smearing":"DFTK.Smearing.Gaussian()","ndiag":[1,1,1,1,1,1,1,1,1,1,1,1,1,1,1,1,1,1,1,1,1,1,1,1,1,1,1,1,1,1,1,1,1,1,1,1,1,1,1,1,1,1,1,1,1,1,1,1,1,1,1,1,1,1,1,1,1,1,1,1,1,1,1,1,1,1,1,1,1,1,1,1,1,1,1,1,1,1,1,1,1,1,1,1,1,1,1,1,1,1,1,1,1,1,1,1,1,1,1],"fft_size":[50,50,50],"kwargs":"Base.Iterators.Pairs{Union{}, Union{}, Tuple{}, NamedTuple{(), Tuple{}}}()","n_kirred":168,"damping":"DFTK.FixedDamping(0.9)","type":"potmix"}