{"done":true,"kgrid":[3,3,1],"mixing":"KerkerMixing(0.8, 0.0)","temperature":0.001,"Ecut":20.0,"lattice":[[7.653390804734369,0.0,0.0],[0.0,7.653390804734369,0.0],[0.0,0.0,76.53390804734369]],"n_electr":120,"n_bands":72,"α":[0.8,0.8,0.8,0.8,0.8,0.8,0.8555677014675493,0.8555677014675493,0.8555677014675493,0.8555677014675493,0.856347895151057,0.8679506425907341,0.8679506425907341,1.0],"energies":[-79.76851255890341,-82.01525472940548,-81.48682253472666,-82.59671227667684,-82.89544097747229,-82.91598681906447,-82.916028476371,-82.91604205755063,-82.91605210419335,-82.91605385239419,-82.91605387225907,-82.91605387288624,-82.9160538729198,-82.91605387292249],"residuals":[772.2955175226016,328.7218958905756,415.7954430142158,199.0457604156226,49.281589328759104,1.860132992022537,1.6082618462255935,1.204354063719287,0.4673013291636434,0.04629782274679374,0.007533082809751003,0.0017378307216195765,0.000568646052900163,6.265834029623658e-5],"smearing":"DFTK.Smearing.Gaussian()","ndiag":[1,1,1,1,1,1,1,1,1,1,1,1,1,1],"fft_size":[25,25,240],"kwargs":"Base.Iterators.Pairs{Union{}, Union{}, Tuple{}, NamedTuple{(), Tuple{}}}()","n_kirred":9,"damping":"DFTK.AdaptiveDamping(0.05, 1.0, 0.8, 0.5, 1.1, 0.1)","type":"potmix"}