{"done":true,"kgrid":[3,3,1],"mixing":"KerkerMixing(0.8, 0.0)","temperature":0.001,"Ecut":20.0,"lattice":[[7.653390804734369,0.0,0.0],[0.0,7.653390804734369,0.0],[0.0,0.0,76.53390804734369]],"n_electr":120,"n_bands":72,"α":[0.8,0.8,0.8,0.8,0.8,0.8,0.8555206062301801,0.8555206062301801,0.8555206062301801,0.8555206062301801,0.8564353911245578,0.867800172965147,0.867800172965147,1.0],"energies":[-79.76851255890185,-82.01524966382924,-81.48680570204276,-82.59671539111568,-82.89543987037833,-82.91598674130813,-82.91602857918093,-82.91604203433869,-82.91605211357313,-82.91605385253202,-82.91605387226197,-82.91605387288548,-82.91605387291972,-82.91605387292248],"residuals":[772.2955175227557,328.7227174589942,415.79774979693696,199.04488969324663,49.28159384366904,1.8612766775653105,1.605383352143424,1.2056097075481322,0.4660379864430621,0.046122211651902945,0.007510458400437564,0.0017605575344857812,0.0005755390033995337,6.409483001102116e-5],"smearing":"DFTK.Smearing.Gaussian()","ndiag":[1,1,1,1,1,1,1,1,1,1,1,1,1,1],"fft_size":[25,25,240],"kwargs":"Base.Iterators.Pairs{Union{}, Union{}, Tuple{}, NamedTuple{(), Tuple{}}}()","n_kirred":9,"damping":"DFTK.AdaptiveDamping(0.05, 1.0, 0.8, 0.2, 1.1, 0.1)","type":"potmix"}