{"done":true,"kgrid":[3,3,1],"mixing":"KerkerMixing(0.8, 0.0)","temperature":0.001,"Ecut":20.0,"lattice":[[7.653390804734369,0.0,0.0],[0.0,7.653390804734369,0.0],[0.0,0.0,76.53390804734369]],"n_electr":120,"n_bands":72,"α":[0.9,0.9,0.9,0.9,0.9,0.9,0.9,0.9,0.9,0.9,0.9,0.9,0.9,0.9],"energies":[-79.76851255890543,-81.5629820113003,-80.72744073859968,-82.49719530246342,-82.88779141930426,-82.91597006518852,-82.91604209999251,-82.91604818008452,-82.91605254857129,-82.91605381609465,-82.91605387143355,-82.91605387290242,-82.91605387291756,-82.91605387292252],"residuals":[772.2955175224561,392.80942579349517,513.7159890045915,227.7608124831047,57.64835122574245,1.5395488217308018,0.8464170450220111,0.8168350868403117,0.4053469378369698,0.08231033192268836,0.012488663494125824,0.00089955743340446,0.0007614426486258154,3.0370251896229118e-5],"smearing":"DFTK.Smearing.Gaussian()","ndiag":[1,1,1,1,1,1,1,1,1,1,1,1,1,1],"fft_size":[25,25,240],"kwargs":"Base.Iterators.Pairs{Union{}, Union{}, Tuple{}, NamedTuple{(), Tuple{}}}()","n_kirred":9,"damping":"DFTK.FixedDamping(0.9)","type":"potmix"}