{"done":true,"kgrid":[3,3,1],"mixing":"KerkerMixing(0.8, 0.0)","temperature":0.001,"Ecut":20.0,"lattice":[[7.653390804734369,0.0,0.0],[0.0,7.653390804734369,0.0],[0.0,0.0,76.53390804734369]],"n_electr":120,"n_bands":72,"α":[0.4,0.4,0.4,0.4,0.4,0.4,0.4,0.4,0.4,0.4,0.4,0.4,0.4,0.4],"energies":[-79.76851255890185,-82.14437447799047,-82.78617269160384,-82.85633556519649,-82.9137012028727,-82.91595154506525,-82.91603901119053,-82.91605329466853,-82.9160537307454,-82.91605386135227,-82.91605387255233,-82.91605387287372,-82.91605387291933,-82.91605387292203],"residuals":[772.2955175227557,410.5346888779943,116.88086052019752,84.85316617303268,15.426262934086527,1.8645331901843019,1.118651483692684,0.19425448096396866,0.11572421934995204,0.03357631368783886,0.002528108038836298,0.0017347212921320864,0.000205059272465559,0.0002326869584076018],"smearing":"DFTK.Smearing.Gaussian()","ndiag":[1,1,1,1,1,1,1,1,1,1,1,1,1,1],"fft_size":[25,25,240],"kwargs":"Base.Iterators.Pairs{Union{}, Union{}, Tuple{}, NamedTuple{(), Tuple{}}}()","n_kirred":9,"damping":"DFTK.FixedDamping(0.4)","type":"potmix"}