{"done":true,"kgrid":[3,3,1],"mixing":"KerkerMixing(0.8, 0.0)","temperature":0.001,"Ecut":20.0,"lattice":[[7.653390804734369,0.0,0.0],[0.0,7.653390804734369,0.0],[0.0,0.0,76.53390804734369]],"n_electr":120,"n_bands":72,"α":[1.0,1.0,1.0,1.0,1.0,1.0,1.0,1.0,1.0,1.0,1.0,1.0,1.0,1.0,1.0],"energies":[-79.76851255890543,-81.03869340162453,-80.08418994215451,-82.37279601383133,-82.87730952315589,-82.91590548548349,-82.91604124699033,-82.9160497687144,-82.9160536943194,-82.91605387123504,-82.91605387246236,-82.91605387287147,-82.91605387290187,-82.9160538729216,-82.91605387292252],"residuals":[772.2955175224561,461.91697037720616,582.8204499600744,259.0084421841035,67.67573761371618,2.3640297246766973,0.6779310321784586,0.6602836536613396,0.13669004781529343,0.008781745104972784,0.006883670834719646,0.0024618522911485276,0.0016023647999292945,0.0003407824759513872,4.091732594406076e-5],"smearing":"DFTK.Smearing.Gaussian()","ndiag":[1,1,1,1,1,1,1,1,1,1,1,1,1,1,1],"fft_size":[25,25,240],"kwargs":"Base.Iterators.Pairs{Union{}, Union{}, Tuple{}, NamedTuple{(), Tuple{}}}()","n_kirred":9,"damping":"DFTK.FixedDamping(1.0)","type":"potmix"}