{"done":true,"kgrid":[3,3,1],"mixing":"KerkerMixing(0.8, 0.0)","temperature":0.001,"Ecut":20.0,"lattice":[[7.653390804734369,0.0,0.0],[0.0,7.653390804734369,0.0],[0.0,0.0,76.53390804734369]],"n_electr":120,"n_bands":72,"α":[0.6,0.6,0.6,0.6,0.6,0.6,0.6,0.6,0.6,0.6,0.6,0.6,0.6],"energies":[-79.76851255890341,-82.46451069884036,-82.76095511756176,-82.84108578479736,-82.90026172732766,-82.91603791366161,-82.91603917634154,-82.91605279401246,-82.91605344797173,-82.91605385136432,-82.91605387271585,-82.9160538729193,-82.91605387292253],"residuals":[772.2955175226016,288.4909824670851,133.6922629330023,95.83319361437105,44.16660853498813,0.6888827343853644,1.3247235270257087,0.35793256086277897,0.2297038812082046,0.05121916977869094,0.0047671894558955,0.00047753026896734004,2.3003671968551108e-5],"smearing":"DFTK.Smearing.Gaussian()","ndiag":[1,1,1,1,1,1,1,1,1,1,1,1,1],"fft_size":[25,25,240],"kwargs":"Base.Iterators.Pairs{Union{}, Union{}, Tuple{}, NamedTuple{(), Tuple{}}}()","n_kirred":9,"damping":"DFTK.FixedDamping(0.6)","type":"potmix"}