{"done":true,"kgrid":[3,3,1],"mixing":"KerkerMixing(0.8, 0.0)","temperature":0.001,"Ecut":20.0,"lattice":[[7.653390804734369,0.0,0.0],[0.0,7.653390804734369,0.0],[0.0,0.0,76.53390804734369]],"n_electr":120,"n_bands":72,"α":[0.7,0.7,0.7,0.7,0.7,0.7,0.7,0.7,0.7,0.7,0.7,0.7,0.7],"energies":[-79.76851255890185,-82.34044871342984,-82.24953622647486,-82.70162653554729,-82.89806079846373,-82.91601618493729,-82.91603683299338,-82.91604687123427,-82.91605307805555,-82.91605385625034,-82.91605387279284,-82.91605387291729,-82.91605387292198],"residuals":[772.2955175227557,285.18775271705493,283.4542712614482,163.03780310458674,46.58185984403085,1.3802098138658674,1.3934433057517899,0.9302197207922299,0.31343511417592956,0.04379509019890462,0.002891373173524922,0.0004221996334515023,0.0002465462897956994],"smearing":"DFTK.Smearing.Gaussian()","ndiag":[1,1,1,1,1,1,1,1,1,1,1,1,1],"fft_size":[25,25,240],"kwargs":"Base.Iterators.Pairs{Union{}, Union{}, Tuple{}, NamedTuple{(), Tuple{}}}()","n_kirred":9,"damping":"DFTK.FixedDamping(0.7)","type":"potmix"}