{"done":true,"kgrid":[3,3,1],"mixing":"KerkerMixing(0.8, 0.0)","temperature":0.001,"Ecut":20.0,"lattice":[[7.653390804734369,0.0,0.0],[0.0,7.653390804734369,0.0],[0.0,0.0,76.53390804734369]],"n_electr":120,"n_bands":72,"α":[0.8,0.8,0.8,0.8,0.8,0.8,0.8,0.8,0.8,0.8,0.8,0.8,0.8,0.8],"energies":[-79.76851255890526,-82.01523622853941,-81.48677971258185,-82.5967238592973,-82.89543909954303,-82.91598697041827,-82.91603363597723,-82.91604452822986,-82.91605251299632,-82.91605385402917,-82.9160538724626,-82.91605387287491,-82.91605387292199,-82.91605387292245],"residuals":[772.2955175224695,328.7242985439793,415.8002295967359,199.04203180569797,49.28295531499757,1.8596604188951364,1.4546458854218363,1.0721569049842248,0.4099861099457172,0.04541672808093005,0.0062936795223599165,0.0022479719575367097,0.00022084138421996866,0.00010910336358832813],"smearing":"DFTK.Smearing.Gaussian()","ndiag":[1,1,1,1,1,1,1,1,1,1,1,1,1,1],"fft_size":[25,25,240],"kwargs":"Base.Iterators.Pairs{Union{}, Union{}, Tuple{}, NamedTuple{(), Tuple{}}}()","n_kirred":9,"damping":"DFTK.FixedDamping(0.8)","type":"potmix"}