{"done":true,"kgrid":[3,3,1],"mixing":"KerkerMixing(0.8, 0.0)","temperature":0.001,"Ecut":20.0,"lattice":[[7.653390804734369,0.0,0.0],[0.0,7.653390804734369,0.0],[0.0,0.0,76.53390804734369]],"n_electr":120,"n_bands":72,"α":[0.2,0.2,0.2,0.2,0.2,0.2,0.2,0.2,0.2,0.2,0.2,0.2,0.2,0.2,0.2,0.2,0.2,0.2],"energies":[-79.76851255890185,-81.2501838942163,-82.1163344790061,-82.88344335873002,-82.81115454423141,-82.90994065319344,-82.91563723941914,-82.91602306836089,-82.91602214400403,-82.91590677778461,-82.91604878325332,-82.91605376671511,-82.9160535846763,-82.9160537519977,-82.91605387288888,-82.91605387290915,-82.91605387292189,-82.91605387292228],"residuals":[772.2955175227557,582.5188095502019,301.5083658090675,57.11884223716325,112.80516419997447,25.290006918617667,2.9212432928621443,1.1532572445863192,1.9421142864421006,4.286132804824472,0.7920778323085377,0.11122653652215368,0.18934276342480683,0.1228278057046507,0.0011041716981293464,0.0006329154739674231,9.553892914020886e-5,5.801392848107491e-5],"smearing":"DFTK.Smearing.Gaussian()","ndiag":[1,1,1,1,1,1,1,1,1,1,1,1,1,1,1,1,1,1],"fft_size":[25,25,240],"kwargs":"Base.Iterators.Pairs{Union{}, Union{}, Tuple{}, NamedTuple{(), Tuple{}}}()","n_kirred":9,"damping":"DFTK.FixedDamping(0.2)","type":"potmix"}