{"done":true,"kgrid":[3,3,1],"mixing":"KerkerMixing(0.8, 0.0)","temperature":0.001,"Ecut":20.0,"lattice":[[7.653390804734369,0.0,0.0],[0.0,7.653390804734369,0.0],[0.0,0.0,76.53390804734369]],"n_electr":120,"n_bands":72,"α":[0.1,0.1,0.1,0.1,0.1,0.1,0.1,0.1,0.1,0.1,0.1,0.1,0.1,0.1,0.1,0.1,0.1,0.1,0.1,0.1,0.1],"energies":[-79.76851255890526,-80.57822829583547,-81.59277694467221,-82.62736980820002,-82.60118243001874,-82.9081574018755,-82.8574793757156,-82.87896395073457,-82.91484701645719,-82.91549877148688,-82.91604499528749,-82.91602713623126,-82.91605092838086,-82.91604584644202,-82.91605354623213,-82.91605387090776,-82.9160538727691,-82.91605387281521,-82.91605387290612,-82.9160538729199,-82.91605387292248],"residuals":[772.2955175224695,676.5536431913797,388.5149483939052,175.92222175508167,196.51086600211354,26.98397548501513,84.9676682038018,67.88006165637724,12.106177700222418,8.294080419378307,0.8851965808597225,1.8209532652011653,0.5950079221096227,1.0011886031136472,0.2017237776712068,0.011955407455431135,0.0032356440310051917,0.0026118839407792064,0.0012717114403019594,0.0002015523318770066,3.199534956210494e-5],"smearing":"DFTK.Smearing.Gaussian()","ndiag":[1,1,1,1,1,1,1,1,1,1,1,1,1,1,1,1,1,1,1,1,1],"fft_size":[25,25,240],"kwargs":"Base.Iterators.Pairs{Union{}, Union{}, Tuple{}, NamedTuple{(), Tuple{}}}()","n_kirred":9,"damping":"DFTK.FixedDamping(0.1)","type":"potmix"}