{"done":true,"kgrid":[3,3,1],"mixing":"KerkerMixing(0.8, 0.0)","temperature":0.001,"Ecut":20.0,"lattice":[[7.653390804734369,0.0,0.0],[0.0,7.653390804734369,0.0],[0.0,0.0,76.53390804734369]],"n_electr":120,"n_bands":72,"α":[0.5,0.5,0.5,0.5,0.5,0.5,0.5,0.5,0.5,0.5,0.5,0.5,0.5],"energies":[-79.76851255890526,-82.38428369327318,-82.90318216480811,-82.91336432458604,-82.91544568882207,-82.91591382241113,-82.91603495363701,-82.91605365057595,-82.9160538670777,-82.9160538727432,-82.91605387290903,-82.91605387292188,-82.9160538729225],"residuals":[772.2955175224695,337.8752453131669,16.090072828738098,12.512372308430024,8.196946959305741,4.080645620758061,1.5030976424849387,0.13424315881602963,0.011806065306409836,0.0008491351393484156,0.00023128102447256155,6.543506843307774e-5,5.0149370758848296e-5],"smearing":"DFTK.Smearing.Gaussian()","ndiag":[1,1,1,1,1,1,1,1,1,1,1,1,1],"fft_size":[25,25,240],"kwargs":"Base.Iterators.Pairs{Union{}, Union{}, Tuple{}, NamedTuple{(), Tuple{}}}()","n_kirred":9,"damping":"DFTK.FixedDamping(0.5)","type":"potmix"}