{"done":true,"kgrid":[3,3,1],"mixing":"KerkerMixing(0.8, 0.0)","temperature":0.001,"Ecut":20.0,"lattice":[[7.653390804734369,0.0,0.0],[0.0,7.653390804734369,0.0],[0.0,0.0,76.53390804734369]],"n_electr":120,"n_bands":72,"α":[0.3,0.3,0.3,0.3,0.3,0.3,0.3,0.3,0.3,0.3,0.3,0.3,0.3,0.3,0.3,0.3],"energies":[-79.76851255890341,-81.76947924358645,-82.52082458016397,-82.8106216480097,-82.89151204187253,-82.91529194050997,-82.91602865394361,-82.91599889402657,-82.91605095005772,-82.91605324083598,-82.91605378686683,-82.91605386883276,-82.91605387252665,-82.9160538728658,-82.91605387292198,-82.91605387292243],"residuals":[772.2955175226016,493.1855806928697,210.38346106401872,113.11790201840361,53.49271764800675,7.078384987527129,1.271190809891362,2.5893851409010367,0.5709210885432385,0.2757277737757106,0.10274386094576658,0.0219917113825272,0.006486359812014348,0.0024806015883277154,0.00017591424851768633,3.761225441667578e-5],"smearing":"DFTK.Smearing.Gaussian()","ndiag":[1,1,1,1,1,1,1,1,1,1,1,1,1,1,1,1],"fft_size":[25,25,240],"kwargs":"Base.Iterators.Pairs{Union{}, Union{}, Tuple{}, NamedTuple{(), Tuple{}}}()","n_kirred":9,"damping":"DFTK.FixedDamping(0.3)","type":"potmix"}