{"done":true,"kgrid":[6,6,1],"mixing":"SimpleMixing()","temperature":0.001,"Ecut":20.0,"lattice":[[7.653390804734369,0.0,0.0],[0.0,7.653390804734369,0.0],[0.0,0.0,145.414425289953]],"n_electr":120,"n_bands":72,"α":[0.8,0.1,0.20952060149564453,0.2119561150459859,0.5,0.5,0.6908015257524651,0.16348018985554877,0.5,0.1032556537145296,0.5,0.5,0.5392779086726434,0.14735729933762604,0.23467277478937432,0.05,0.059868980427747374,0.06266230869038858,0.06799701217422666,0.05,0.059223665905771494,0.07358095028840583,-0.05,0.5,0.1856972569994221,0.5,0.5,0.5,0.5,0.5,0.5,0.5,0.5,0.12026170496975372,0.17701705654295927,0.12941861526498405,0.5,0.23467887905038018,0.09140489255444152,0.1765345071892175,0.1321434321720585,0.05],"energies":[-81.69398023098448,188.3342308798732,-66.2477646829985,-79.90941741044212,-80.5955776564714,-82.60955373361607,-82.85100175625385,-82.85971662671058,-82.89308646756635,-82.89502820797378,-82.9001086830604,-82.90127485763801,-82.90136600679429,-82.90137501893354,-82.9013818745529,-82.901382390254,-82.90138340474691,-82.90138350242816,-82.9013836249285,-82.9013836512589,-82.90138368330197,-82.90138370665547,-82.90138369160641,-82.90138399031669,-82.9013840892362,-82.90138421110093,-82.90138410599135,-82.90138415130022,-82.9013843133061,-82.90138430988169,-82.90138432057469,-82.90138432145086,-82.90138432168331,-82.9013843227557,-82.90138432358971,-82.9013843238478,-82.90138432444041,-82.9013843247038,-82.90138432472328,-82.901384324805,-82.90138432483464,-82.90138432483324],"residuals":[591.539879691445,8504.091363487703,1370.71790999345,412.6691759003695,724.5593679901563,263.74425140263367,91.55134944931994,69.5161261899496,16.764032472964974,16.849248656124676,11.042142930804975,2.312765883771966,0.7263720351947333,0.6650197053819268,0.4552603485966934,0.5255283588353162,0.17324271722613707,0.15334970342919557,0.18755477423565123,0.2561747010114014,0.2857309174806215,0.29060121196730343,0.26745236251498405,0.23565349752621595,0.21845188981120367,0.121048581935023,0.10477689607427577,0.17359522911251518,0.025331195997092285,0.022238606595162674,0.032105821433003,0.018162854899595758,0.009608304572363889,0.011989084316140642,0.011033654794733921,0.013143040318578896,0.006398180117093269,0.0031209244949827754,0.0037696221863552973,0.0011878216827629644,0.0008276607027426222,0.001154622192887092],"smearing":"DFTK.Smearing.Gaussian()","ndiag":[1,3,2,2,1,1,1,2,1,2,1,1,1,2,2,2,2,2,2,2,2,2,2,1,2,1,1,1,1,1,1,1,1,2,2,2,1,2,2,2,2,2],"fft_size":[25,25,450],"kwargs":"Base.Iterators.Pairs{Union{}, Union{}, Tuple{}, NamedTuple{(), Tuple{}}}()","n_kirred":10,"damping":"DFTK.AdaptiveDamping(0.05, 1.0, 0.8, 0.5, 1.1, 0.1)","type":"potmix"}