{"done":true,"kgrid":[6,6,1],"mixing":"SimpleMixing()","temperature":0.001,"Ecut":20.0,"lattice":[[7.653390804734369,0.0,0.0],[0.0,7.653390804734369,0.0],[0.0,0.0,145.414425289953]],"n_electr":120,"n_bands":72,"α":[0.8,0.1,0.1,0.1,0.12505647521460123,0.2100391182525036,-0.044828277064420684,0.1,0.05106623145248892,0.038822904297661595,0.1,0.11825061823247945,0.11825061823247945,0.11825061823247945,0.11825061823247945,0.1499146179819456,0.07046868915947799,0.1,0.10465699299271958,0.10465699299271958,0.04681224613163426,0.04575386561344066,0.033652223019603786,0.1,-0.025,0.026375122782893147,0.1,0.1,0.1,0.1,0.12043432707426832,0.12043432707426832,0.13637295183210854,0.13637295183210854,0.039751567174923744,0.1,0.1,0.1,0.11389112404943069,0.04924560738357112,0.1,0.1,0.1,0.16029252944038683],"energies":[-81.69398023098445,188.33425626369336,-68.39635698998205,-81.91726994160791,-82.67761968230774,-82.8238658749483,-82.8249002039416,-82.89507677580268,-82.89842287631339,-82.89894844885414,-82.90029586052991,-82.90123185998704,-82.90132495888479,-82.9013405486445,-82.90137455588058,-82.9013806549131,-82.90138239461939,-82.90138310934358,-82.90138313618752,-82.90138365058887,-82.90138392628398,-82.90138399397881,-82.90138400796869,-82.90138406406864,-82.90138406660203,-82.90138408504068,-82.90138412247902,-82.90138416397376,-82.90138420512632,-82.90138425558828,-82.90138427490255,-82.90138430963323,-82.90138430973286,-82.90138431964915,-82.90138432005135,-82.901384321754,-82.901384322473,-82.9013843237029,-82.90138432419602,-82.90138432451137,-82.9013843245702,-82.90138432475199,-82.9013843247846,-82.90138432477515],"residuals":[591.5398796910391,8504.091744453459,1719.036305816826,497.8033516576638,250.10907865428027,146.41143102538788,148.21181768208027,25.61116641709232,7.035602823676956,15.164631582175357,14.957298794969013,2.998179312296081,2.422696891195515,2.5525434003795757,0.36309948792020796,0.42768002120868776,0.3310054012441018,0.2921646568508625,0.29781623908502336,0.32802691320650657,0.2840802386568683,0.28555175900709284,0.28970539633128545,0.18821142862078316,0.17030493588538398,0.18345404721610714,0.13666026260357894,0.06628799074390963,0.06255393758066383,0.03765068236034969,0.08973967367727992,0.018562338429366002,0.05379613739560918,0.00990684788835494,0.01451725486667063,0.011540745641053748,0.01649675529655936,0.008119868952397212,0.0077466513400748635,0.004126458469069644,0.007695513772787118,0.0017490728519049309,0.001480813740663454,0.002903914676741952],"smearing":"DFTK.Smearing.Gaussian()","ndiag":[1,3,1,1,1,1,2,1,2,2,1,1,1,1,1,1,2,1,1,1,2,2,2,1,2,2,1,1,1,1,1,1,1,1,2,1,1,1,1,2,1,1,1,1],"fft_size":[25,25,450],"kwargs":"Base.Iterators.Pairs{Union{}, Union{}, Tuple{}, NamedTuple{(), Tuple{}}}()","n_kirred":10,"damping":"DFTK.AdaptiveDamping(0.025, 1.0, 0.8, 0.1, 1.1, 0.1)","type":"potmix"}