{"done":true,"kgrid":[6,6,1],"mixing":"SimpleMixing()","temperature":0.001,"Ecut":20.0,"lattice":[[7.653390804734369,0.0,0.0],[0.0,7.653390804734369,0.0],[0.0,0.0,145.414425289953]],"n_electr":120,"n_bands":72,"α":[0.8,0.1,0.2,0.2,0.2418446377276732,0.33982687656541033,0.05,0.2,0.2461042399268125,0.05,0.2,0.2955378344853769,0.0789657471806661,0.2,0.24545401066205835,0.24545401066205835,0.24545401066205835,0.24545401066205835,0.24545401066205835,0.3190928566104295,0.3190928566104295,0.3190928566104295,0.15345152751520058,0.05722002952640413,0.05,-0.05153230167410988,0.05787676280450416,0.2,-0.05,0.0787414620318024,0.2,0.21528121484739782,0.21528121484739782,0.21528121484739782,0.0734775475127014,0.2,0.0756616954404535,0.2],"energies":[-81.6939802309855,188.3342583276758,-3.4693230681917826,-78.73970694742124,-82.36279155432294,-82.78055024451488,-82.78204910615722,-82.89444103414597,-82.89545363900612,-82.89585775004868,-82.89811108688683,-82.90127559514384,-82.90127821829768,-82.90136256110867,-82.90138030883293,-82.90138141233184,-82.90138210882374,-82.90138284510033,-82.90138360641576,-82.90138300493696,-82.90138383803767,-82.90138408832055,-82.9013842300355,-82.90138425493157,-82.90138425072081,-82.90138425534516,-82.90138426168929,-82.90138431799036,-82.90138431814829,-82.90138431989917,-82.90138432298073,-82.90138432414007,-82.90138432420223,-82.90138432448013,-82.90138432457722,-82.90138432478342,-82.90138432480659,-82.90138432481443],"residuals":[591.5398796924961,8504.091830837886,3922.910716231177,950.1852248614697,361.89530259959156,165.7341357657916,166.2059342057121,25.892345425846937,33.97440405199862,33.30784827202728,25.399438401305115,4.933668349796341,5.019133776336904,2.1348144646920333,0.9683979913225754,0.8699672829591044,0.6618033136423064,0.6197278017926162,0.39026496783513454,0.38409566663047057,0.3583745331113762,0.11471583701770621,0.12565653492963308,0.11677329121659714,0.1341640392340019,0.12170304839889295,0.12442566928699704,0.02850297719600507,0.02081874205125267,0.01775156194360932,0.01892339153460195,0.0064589054839815675,0.007870871645481165,0.007683358295929238,0.006911528083192995,0.0017470164210523769,0.0021395733035765993,0.0023100980446395048],"smearing":"DFTK.Smearing.Gaussian()","ndiag":[1,3,1,1,1,1,2,1,1,2,1,1,2,1,1,1,1,1,1,1,1,1,2,2,2,2,2,1,2,2,1,1,1,1,2,1,2,1],"fft_size":[25,25,450],"kwargs":"Base.Iterators.Pairs{Union{}, Union{}, Tuple{}, NamedTuple{(), Tuple{}}}()","n_kirred":10,"damping":"DFTK.AdaptiveDamping(0.05, 1.0, 0.8, 0.2, 1.1, 0.1)","type":"potmix"}