{"done":true,"kgrid":[6,6,1],"use_diis":[false,false,false,false,false,false,false,false,false,false,false,false,false,false,false,false,false,false,false,false,false,false,false,false,false,false,false,false,false,false,false,false,false,false,false,false,false,false,false,false,false,false,false,false,false,false,false,false,false,false,false,false,false,false],"mixing":"SimpleMixing()","temperature":0.001,"Ecut":20.0,"lattice":[[7.653390804734369,0.0,0.0],[0.0,7.653390804734369,0.0],[0.0,0.0,145.414425289953]],"n_electr":120,"n_bands":72,"α":[0.2,0.2,0.2,0.2,0.2,0.2,0.2,0.2,0.2,0.2,0.2,0.2,0.2,0.2,0.2,0.2,0.2,0.2,0.2,0.2,0.2,0.2,0.2,0.2,0.2,0.2,0.2,0.2,0.2,0.2,0.2,0.2,0.2,0.2,0.2,0.2,0.2,0.2,0.2,0.2,0.2,0.2,0.2,0.2,0.2,0.2,0.2,0.2,0.2,0.2,0.2,0.2,0.2,0.2],"energies":[-81.69398023098536,1751.3232444060632,-74.0673811167913,-82.03037310903849,-82.58311737266052,-82.85928377573038,-82.83191478024499,-82.85998834370903,-82.89721846981774,-82.89972287574983,-82.89587837485901,-82.90032074077749,-82.89945678267388,-82.85424472388002,-82.87039509838493,-82.8948627536877,-82.89267042069704,-82.89770716547538,-82.90121146998919,-82.90121274846918,-82.90129572522355,-82.90134470751852,-82.90132321841915,-82.9013690135506,-82.90137579445803,-82.90138070985056,-82.90137915735599,-82.90138258341106,-82.90138359673313,-82.90138036437229,-82.90138401442164,-82.90138311737948,-82.90138402509142,-82.90138414626963,-82.9013841823946,-82.90138407654696,-82.90138420985913,-82.90138427011865,-82.90138418099711,-82.90138429569052,-82.90138432126729,-82.90138432061784,-82.90138432258094,-82.90138432274361,-82.90138432452554,-82.9013843245632,-82.90138432461993,-82.90138432475234,-82.90138432477592,-82.90138432474808,-82.90138432482699,-82.90138432484127,-82.9013843248514,-82.90138432484291],"residuals":[591.5398796915492,25156.332916567146,944.8142942129476,455.8939684520953,296.75480299053436,114.24002976230598,155.82217370149485,109.28573794344452,32.69386705520054,28.572410317396763,38.912770172380554,29.949255421813685,35.58017980953108,116.40155521050265,90.17847131087748,23.12305999038326,19.684444270148962,28.686890502127735,3.5738125021890452,5.021814931875105,3.564686330004884,1.8027084439650503,2.825569039657309,0.8426795791933165,0.8046260041412224,0.481223890020697,0.7200142543162544,0.32608956645294784,0.3301322138142911,0.666613888059255,0.2691451835656267,0.5888390426558794,0.14358884121671606,0.11824579812212842,0.10339600592636056,0.22431302013445742,0.14341058520079242,0.07049726752774128,0.19586761360894056,0.08219741090282491,0.02781936740750113,0.03111915477757003,0.013778463451774994,0.0241074121873075,0.0031030250930963186,0.0072049001406425004,0.005729855516727275,0.004058205635296729,0.004193139303810853,0.005041930299414074,0.0019755442807029367,0.0007678694244112748,0.00041470688311354544,0.0001872619707992843],"smearing":"DFTK.Smearing.Gaussian()","ndiag":[1,1,1,1,1,1,1,1,1,1,1,1,1,1,1,1,1,1,1,1,1,1,1,1,1,1,1,1,1,1,1,1,1,1,1,1,1,1,1,1,1,1,1,1,1,1,1,1,1,1,1,1,1,1],"fft_size":[25,25,450],"kwargs":"Base.Iterators.Pairs{Union{}, Union{}, Tuple{}, NamedTuple{(), Tuple{}}}()","n_kirred":10,"damping":"DFTK.FixedDamping(0.2)","type":"potmix"}