{"done":true,"kgrid":[6,6,1],"use_diis":[false,false,false,false,false,false,false,false,false,false,false,false,false,false,false,false,false,false,false,false,false,false,false,false,false,false,false,false,false,false,false,false,false,false,false,false,false,false,false,false,false,false,false,false,false,false,false,false,false,false,false,false,false,false,false,false,false],"mixing":"SimpleMixing()","temperature":0.001,"Ecut":20.0,"lattice":[[7.653390804734369,0.0,0.0],[0.0,7.653390804734369,0.0],[0.0,0.0,145.414425289953]],"n_electr":120,"n_bands":72,"α":[0.4,0.4,0.4,0.4,0.4,0.4,0.4,0.4,0.4,0.4,0.4,0.4,0.4,0.4,0.4,0.4,0.4,0.4,0.4,0.4,0.4,0.4,0.4,0.4,0.4,0.4,0.4,0.4,0.4,0.4,0.4,0.4,0.4,0.4,0.4,0.4,0.4,0.4,0.4,0.4,0.4,0.4,0.4,0.4,0.4,0.4,0.4,0.4,0.4,0.4,0.4,0.4,0.4,0.4,0.4,0.4,0.4],"energies":[-81.69398023098748,7987.532475085419,51.6671450536759,-58.02570980308674,-79.13342353908394,-82.22367164572749,-81.73354377451359,-82.76776490485689,-82.88204352295695,-82.88177169155858,-82.89620692828058,-82.89891529463635,-82.89356825654676,-82.4695897512417,-82.42902919876482,-82.50766268914356,-82.64779767438147,-82.82298058874838,-82.86808576294415,-82.67109543806373,-82.77175819294105,-82.88700787777644,-82.864162136697,-82.89338996909707,-82.8982258809592,-82.89947533615016,-82.90135643548476,-82.90134723190992,-82.90130908125315,-82.90133164803844,-82.90129763483453,-82.90121546249924,-82.90137403314156,-82.90137058051712,-82.9013829462974,-82.90138341075834,-82.90138349811404,-82.90138408990676,-82.90138409465173,-82.9013840293666,-82.90138427888571,-82.90138429133066,-82.90138429693475,-82.90138430431116,-82.90138429893553,-82.9013843173259,-82.90138432059636,-82.90138432221747,-82.9013843247902,-82.90138432466762,-82.90138432475112,-82.90138432480043,-82.90138432481167,-82.90138432478398,-82.90138432482826,-82.90138432483867,-82.90138432483565],"residuals":[591.5398796920033,57689.07704645617,6088.597052666013,1713.5315814865353,789.7456364369691,399.5036591395442,638.3905143385136,192.0052341174087,71.13987401400905,57.86624946652711,24.060176018163357,22.636823972319913,51.566491124924056,359.44762848070815,373.7719565892214,342.84012483352956,241.6223746521855,131.66772229755685,50.98066697516811,238.720294192263,159.85427617747067,48.30850732386448,80.51735995926997,25.018001129182686,21.6175168634454,23.117969381798854,1.319416130783079,2.9813133512047743,2.0594597951578413,1.4260582343593655,4.613640379117443,4.639445409855798,1.1921731187294111,1.890565954094415,0.5214694797969495,0.2813297949766918,0.3249248840380291,0.2100549328910757,0.20691052397978826,0.2877103808512301,0.0817162592537081,0.047904519991748384,0.06752488622803858,0.03363702247361714,0.07525052317422913,0.03783615955590785,0.026656504510187366,0.020056248685190656,0.0025378894579152164,0.005549990595582092,0.001365436514165161,0.001667027132855021,0.0014523608729777684,0.002952738579563847,0.001580719948858665,0.0006754997229809125,0.0011528853022340004],"smearing":"DFTK.Smearing.Gaussian()","ndiag":[1,1,1,1,1,1,1,1,1,1,1,1,1,1,1,1,1,1,1,1,1,1,1,1,1,1,1,1,1,1,1,1,1,1,1,1,1,1,1,1,1,1,1,1,1,1,1,1,1,1,1,1,1,1,1,1,1],"fft_size":[25,25,450],"kwargs":"Base.Iterators.Pairs{Union{}, Union{}, Tuple{}, NamedTuple{(), Tuple{}}}()","n_kirred":10,"damping":"DFTK.FixedDamping(0.4)","type":"potmix"}