{"done":true,"kgrid":[6,6,1],"use_diis":[false,false,false,false,false,false,false,false,false,false,false,false,false,false,false,false,false,false,false,false,false,false,false,false,false,false,false,false,false,false,false,false,false,false,false,false,false,false,false,false,false,false,false,false,false,false,false,false,false,false,false,false,false,false,false,false,false,false],"mixing":"SimpleMixing()","temperature":0.001,"Ecut":20.0,"lattice":[[7.653390804734369,0.0,0.0],[0.0,7.653390804734369,0.0],[0.0,0.0,145.414425289953]],"n_electr":120,"n_bands":72,"α":[0.3,0.3,0.3,0.3,0.3,0.3,0.3,0.3,0.3,0.3,0.3,0.3,0.3,0.3,0.3,0.3,0.3,0.3,0.3,0.3,0.3,0.3,0.3,0.3,0.3,0.3,0.3,0.3,0.3,0.3,0.3,0.3,0.3,0.3,0.3,0.3,0.3,0.3,0.3,0.3,0.3,0.3,0.3,0.3,0.3,0.3,0.3,0.3,0.3,0.3,0.3,0.3,0.3,0.3,0.3,0.3,0.3,0.3],"energies":[-81.69398023098448,5391.879471766774,-67.16363938023207,-81.22229995119811,-80.55630987340876,-82.70554976797428,-82.59146160121732,-82.85567852662356,-82.89463835973356,-82.89210737102462,-82.89889971903658,-82.89986493150404,-82.89975382410245,-82.71459568757629,-82.63955795165373,-82.58703831570332,-82.62461758782742,-82.61882083252726,-82.76326557872564,-82.80877845942352,-82.87868121782034,-82.8985538846134,-82.89473144994088,-82.89962296411575,-82.90018973708071,-82.90094050841846,-82.89872740850869,-82.90121387958425,-82.90127079268154,-82.90135282816486,-82.90137286497271,-82.90138138225669,-82.90138398064978,-82.90138339249299,-82.90138397384047,-82.90138350850928,-82.90138356276938,-82.90138346875962,-82.90138367333726,-82.90138427577628,-82.90138424732037,-82.90138424144145,-82.9013843095736,-82.90138432180369,-82.90138432332255,-82.90138432249441,-82.90138432446194,-82.90138432429428,-82.90138432462905,-82.90138432481888,-82.90138432479884,-82.90138432483104,-82.90138432478719,-82.9013843248003,-82.9013843248396,-82.90138432480764,-82.90138432483958,-82.90138432483978],"residuals":[591.5398796919014,46377.29050236277,1966.954005513068,333.4184866054415,779.6658536185857,199.42546579218882,342.49305482866015,112.36986714320817,42.00173531031636,45.64798188095531,32.63012490107842,36.234965657236664,36.749823336095446,240.19754863604075,281.5081311635524,302.0396515297088,289.6664279663016,281.57892808780133,195.44223372134402,152.91895281395324,80.59592734749914,25.851303024091873,37.76953910841261,12.104485476278947,14.953666382573779,8.046971496211423,26.593293592249072,6.551002998071566,1.7844897518997698,2.9729932709824682,1.7837001849770737,0.47560260383111846,0.23022294882169464,0.5058441040519908,0.26740017623811146,0.23079286394100665,0.3911165187602346,0.3778963682025125,0.4076755455652684,0.08833147122024401,0.098419010865083,0.09031452737964532,0.05683018157869172,0.01962826560107606,0.01184224757405934,0.02060551966497084,0.0038480371878188927,0.008299912007074023,0.004098135614996722,0.001789154377645736,0.0029901979034313757,0.0017192483686819752,0.0033580841221964135,0.003348536146720205,0.0011060976705282502,0.0024533590734954623,0.0015404875472489856,0.0010791550286356581],"smearing":"DFTK.Smearing.Gaussian()","ndiag":[1,1,1,1,1,1,1,1,1,1,1,1,1,1,1,1,1,1,1,1,1,1,1,1,1,1,1,1,1,1,1,1,1,1,1,1,1,1,1,1,1,1,1,1,1,1,1,1,1,1,1,1,1,1,1,1,1,1],"fft_size":[25,25,450],"kwargs":"Base.Iterators.Pairs{Union{}, Union{}, Tuple{}, NamedTuple{(), Tuple{}}}()","n_kirred":10,"damping":"DFTK.FixedDamping(0.3)","type":"potmix"}