{"done":true,"kgrid":[6,6,1],"use_diis":[false,false,false,false,false,false,false,false,false,false,false,false,false,false,false,false,false,false,false,false,false,false,false,false,false,false,false,false,false,false,false,false,false,false,false,false,false,false,false,false,false,false,false,false,false,false,false,false,false,false,false,false,false,false,false,false,false,false,false,false,false,false,false,false,false,false,false],"mixing":"SimpleMixing()","temperature":0.001,"Ecut":20.0,"lattice":[[7.653390804734369,0.0,0.0],[0.0,7.653390804734369,0.0],[0.0,0.0,145.414425289953]],"n_electr":120,"n_bands":72,"α":[0.7,0.7,0.7,0.7,0.7,0.7,0.7,0.7,0.7,0.7,0.7,0.7,0.7,0.7,0.7,0.7,0.7,0.7,0.7,0.7,0.7,0.7,0.7,0.7,0.7,0.7,0.7,0.7,0.7,0.7,0.7,0.7,0.7,0.7,0.7,0.7,0.7,0.7,0.7,0.7,0.7,0.7,0.7,0.7,0.7,0.7,0.7,0.7,0.7,0.7,0.7,0.7,0.7,0.7,0.7,0.7,0.7,0.7,0.7,0.7,0.7,0.7,0.7,0.7,0.7,0.7,0.7],"energies":[-81.69398023098448,11835.77974997836,1264.269260532971,7.873892942163461,-70.64341541435559,-80.73708805313292,-80.92703379600277,-82.61230675259225,-82.65492026688511,-82.8520189944795,-82.88437944870263,-82.89647957968076,-82.88426704053327,-82.1291346609705,-81.36386702371996,-81.589149514951,-80.31956623523047,-81.28390158779418,-81.75280305173051,-82.0635951123988,-82.26954203501134,-82.67973891434774,-82.78254018009312,-82.78107268105434,-82.86959969353578,-82.85773845417066,-82.89670290420786,-82.72784908236473,-82.84669305560264,-82.89720024544475,-82.9009624105313,-82.90084746161752,-82.89980939129434,-82.90059892380303,-82.90130328047861,-82.90097957485409,-82.90136231938592,-82.90110253330323,-82.9013456001859,-82.90118294540311,-82.90131862260618,-82.90136806195896,-82.90138010310562,-82.90138193444751,-82.90138305835973,-82.90136548977738,-82.9013835985272,-82.90138384957537,-82.90138305700842,-82.90138411107321,-82.90138265912141,-82.90138141804779,-82.90138391607374,-82.90138431337684,-82.90138432316427,-82.90138432410694,-82.9013843241763,-82.9013843245247,-82.90138432464869,-82.90138432442241,-82.90138432475918,-82.90138432481768,-82.90138432450374,-82.9013843248279,-82.9013843248009,-82.90138432483762,-82.90138432483516],"residuals":[591.5398796919014,71754.85281270285,19286.16171866663,2703.6569630732038,1224.5457207593408,711.640663960276,687.0649980077179,258.0407813727932,207.46401574037276,74.8008731577307,28.40488061731573,38.53143960331153,72.87884500071868,474.28234211634947,664.2541508898429,617.8298379101465,811.0804810941189,650.2691473061323,533.7201981238057,453.0862163557249,366.67686638254264,194.84429048040155,180.52320661151367,170.51174036269913,90.83190898012421,88.7426917581083,21.09119043028729,193.44163449283735,89.33368152902823,22.151365673105364,9.335879966004082,4.891830600112688,9.806471282306035,10.850796320016602,3.80280468091434,9.70923002717551,1.2384716037686736,5.5443031652525425,2.9111320527634392,6.504062841991204,2.185677402537688,1.4627711837521016,0.4942689664084495,0.4588636225541111,0.4306685345638081,1.174905452731314,0.4066932937828513,0.11901499428437748,0.5472250758814541,0.17681533097610677,0.5868649626491301,0.6832319553774289,0.28110115822058124,0.047344686266207886,0.019952333525927138,0.01140667383241737,0.011536040961700019,0.00581088518098342,0.005562085956039217,0.00998424405638127,0.004715742627251862,0.0016017924279586402,0.005548591322096358,0.0014686529587025357,0.0022832837850865454,0.0010586231730385907,0.0012917968177285845],"smearing":"DFTK.Smearing.Gaussian()","ndiag":[1,1,1,1,1,1,1,1,1,1,1,1,1,1,1,1,1,1,1,1,1,1,1,1,1,1,1,1,1,1,1,1,1,1,1,1,1,1,1,1,1,1,1,1,1,1,1,1,1,1,1,1,1,1,1,1,1,1,1,1,1,1,1,1,1,1,1],"fft_size":[25,25,450],"kwargs":"Base.Iterators.Pairs{Union{}, Union{}, Tuple{}, NamedTuple{(), Tuple{}}}()","n_kirred":10,"damping":"DFTK.FixedDamping(0.7)","type":"potmix"}