{"done":true,"kgrid":[6,6,1],"mixing":"SimpleMixing()","temperature":0.001,"Ecut":20.0,"lattice":[[7.653390804734369,0.0,0.0],[0.0,7.653390804734369,0.0],[0.0,0.0,145.414425289953]],"n_electr":120,"n_bands":72,"α":[0.9,0.9,0.9,0.9,0.9,0.9,0.9,0.9,0.9,0.9,0.9,0.9,0.9,0.9,0.9,0.9,0.9,0.9,0.9,0.9,0.9,0.9,0.9,0.9,0.9,0.9,0.9,0.9,0.9,0.9,0.9,0.9,0.9,0.9,0.9,0.9,0.9,0.9,0.9,0.9,0.9,0.9,0.9,0.9,0.9,0.9,0.9,0.9,0.9,0.9,0.9,0.9,0.9,0.9,0.9,0.9,0.9,0.9,0.9,0.9,0.9,0.9,0.9,0.9,0.9,0.9,0.9,0.9,0.9,0.9,0.9,0.9,0.9,0.9,0.9,0.9,0.9,0.9,0.9,0.9,0.9,0.9,0.9,0.9,0.9,0.9,0.9,0.9,0.9,0.9,0.9],"energies":[-81.69398023098266,13119.487662407915,2632.8229013271375,56.26924900258314,-63.578554419217234,-80.47329650943439,-77.76538337258711,-82.59210999163196,-82.49736746276427,-82.83116307486688,-82.8703238958506,-82.88237429108361,-82.88138739950514,-82.07738731205917,-80.27616897936238,-80.48675997138089,-79.97254053730872,-80.5786057212619,-80.23431126688307,-80.89349452244775,-80.97143610250438,-80.04234474643457,-81.23689932834242,-82.43920839411523,-82.74813478651119,-81.67303129666038,-82.79220504475533,-82.88305966523043,-82.62596748833712,-82.45937492034076,-82.88761595363127,-82.8748522183728,-82.52667080663711,-82.89899369335323,-82.89964522318701,-82.88857085993521,-82.89553729586288,-82.89964598117982,-82.90084368328274,-82.9006033059612,-82.9008563863681,-82.9011382413935,-82.90103250125588,-82.90138191245657,-82.90137818876995,-82.90137819223244,-82.90138328263747,-82.90137236939889,-82.90137951367196,-82.90138159186925,-82.90137853496672,-82.90137935985584,-82.90136828180285,-82.90133938502714,-82.90136856805337,-82.90138086695033,-82.90137879391449,-82.90138380877795,-82.9013831072221,-82.9013841332084,-82.90138275626425,-82.90138390045848,-82.90138376979492,-82.90138423383674,-82.90138428231526,-82.90138430886569,-82.90138432023656,-82.9013843055368,-82.901384312789,-82.90138431798911,-82.9013843203824,-82.90138425403607,-82.90138430489505,-82.9013843146707,-82.90138431208048,-82.90138432004917,-82.90138432201768,-82.90138432274404,-82.90138432383678,-82.90138432442885,-82.9013843237571,-82.90138432232663,-82.90138432300242,-82.90138432456098,-82.90138432397875,-82.90138432387177,-82.90138432458762,-82.90138432447515,-82.90138432475608,-82.90138432477745,-82.90138432477316],"residuals":[591.5398796911674,75902.57543045802,27567.313136649518,3307.7134399395154,1408.8993135016372,679.5890359914292,1311.5558666284178,248.2659864294546,260.49410845779,61.741049118544225,39.59776385412731,72.5424323524392,79.28269381953673,481.3687786282981,862.852928315583,837.8714963780031,905.5304799908263,809.1222318343903,865.0472457279931,736.4767456732521,677.9337089650932,832.1350622648721,628.6901078983391,324.99761419240235,204.97359978711594,469.8715567486379,158.61571458176184,70.52856567681103,187.23275615255477,191.45323030050469,34.30214937561331,49.343709814900095,260.3116357510971,12.480482514460425,9.900790991744188,33.93423160897064,37.54905675393773,18.207498655557362,11.643567374615408,13.281994362790508,11.337418951083738,7.555493972706004,7.468839562375236,0.8791881188807541,0.5490658150420722,1.1301841618559683,0.35053857038235575,1.5596034710704028,0.7118734848372913,0.2904344235641986,1.066691567873009,0.5188465770925593,1.304435331770878,2.883864175442943,1.4589373190654709,0.8092394665724583,0.4624061163527489,0.26709130277734483,0.516476123368157,0.1914143213214227,0.4188009021167801,0.22007236626271143,0.2493476595926532,0.0685739309009599,0.08180586272230865,0.04415305928712663,0.018539851875215445,0.06151622145905333,0.05138496426663287,0.029155272695524266,0.0344172017045063,0.1144386643736922,0.049576317694799164,0.04822261194655434,0.03615183996404348,0.02467891699724786,0.015613448670823786,0.015678461475039537,0.01458936744411721,0.009627254472300235,0.01405261524599151,0.017004087565095242,0.019933496096344983,0.005470573946843002,0.0073560951341988135,0.013876385466712212,0.007423021316353038,0.007805438248682039,0.004442990861447507,0.0038511367098017376,0.0038768051874476747],"smearing":"DFTK.Smearing.Gaussian()","ndiag":[1,1,1,1,1,1,1,1,1,1,1,1,1,1,1,1,1,1,1,1,1,1,1,1,1,1,1,1,1,1,1,1,1,1,1,1,1,1,1,1,1,1,1,1,1,1,1,1,1,1,1,1,1,1,1,1,1,1,1,1,1,1,1,1,1,1,1,1,1,1,1,1,1,1,1,1,1,1,1,1,1,1,1,1,1,1,1,1,1,1,1],"fft_size":[25,25,450],"kwargs":"Base.Iterators.Pairs{Union{}, Union{}, Tuple{}, NamedTuple{(), Tuple{}}}()","n_kirred":10,"damping":"DFTK.FixedDamping(0.9)","type":"potmix"}