{"done":true,"kgrid":[6,6,1],"use_diis":[false,false,false,false,false,false,false,false,false,false,false,false,false,false,false,false,false,false,false,false,false,false,false,false,false,false,false,false,false,false,false,false,false,false,false,false,false,false,false,false,false,false,false,false,false,false,false,false,false,false,false,false,false,false,false,false,false,false,false,false,false,false,false,false,false,false,false,false,false,false,false,false],"mixing":"SimpleMixing()","temperature":0.001,"Ecut":20.0,"lattice":[[7.653390804734369,0.0,0.0],[0.0,7.653390804734369,0.0],[0.0,0.0,145.414425289953]],"n_electr":120,"n_bands":72,"α":[0.8,0.8,0.8,0.8,0.8,0.8,0.8,0.8,0.8,0.8,0.8,0.8,0.8,0.8,0.8,0.8,0.8,0.8,0.8,0.8,0.8,0.8,0.8,0.8,0.8,0.8,0.8,0.8,0.8,0.8,0.8,0.8,0.8,0.8,0.8,0.8,0.8,0.8,0.8,0.8,0.8,0.8,0.8,0.8,0.8,0.8,0.8,0.8,0.8,0.8,0.8,0.8,0.8,0.8,0.8,0.8,0.8,0.8,0.8,0.8,0.8,0.8,0.8,0.8,0.8,0.8,0.8,0.8,0.8,0.8,0.8,0.8],"energies":[-81.69398023098448,12512.730565048685,1900.007908505296,29.41914033227917,-67.05604559242533,-80.77341527372008,-78.78356825186097,-82.60740934022748,-82.65428641461126,-82.8376685048877,-82.87695919900663,-82.88944475243919,-82.88306915476255,-82.16820352243529,-80.83425478220737,-81.07263201367269,-80.16097120507649,-80.79775538698941,-80.53645218931946,-81.44346282454686,-81.92137256347362,-80.85038082153936,-81.9232649112777,-82.43480599542644,-82.73364620843977,-82.87412813881784,-82.88690950090634,-82.89115916034977,-82.87500072292404,-82.89952987631307,-82.89988790055762,-82.89137449563489,-82.90077978203574,-82.9006837046419,-82.90065513039472,-82.90120872770058,-82.90108433684586,-82.90116675816418,-82.90124224956858,-82.90131085400849,-82.90110799430684,-82.90121140766317,-82.90133890453708,-82.90121687398155,-82.89950708674586,-82.90132349723227,-82.90136448037246,-82.9013827130432,-82.90138428469066,-82.90138411158111,-82.90138430116102,-82.90138429380215,-82.90138426909455,-82.90138428655338,-82.90138409340497,-82.90138429102434,-82.90138432295122,-82.90138420839524,-82.90138432219854,-82.90138432362419,-82.90138432452446,-82.90138432345528,-82.90138432441555,-82.90138431933978,-82.90138432451553,-82.90138432482209,-82.90138432431672,-82.90138432481692,-82.90138432474946,-82.9013843248391,-82.90138432482782,-82.90138432481793],"residuals":[591.5398796918398,73956.67160766234,23507.554496467877,2998.585868198627,1335.5062374841766,648.5839782203703,1163.5149214931168,251.24660172341478,200.46726486585212,75.02988292207611,36.17159900690075,58.84302584723447,76.99966140840061,457.91477686064485,768.3920187745545,729.5955239821753,861.1363169690887,770.8168577981709,800.6903384144093,619.3980905846055,512.8477629919832,719.6644933450939,470.55798083665917,325.93697425835,220.8945669740311,52.14627387265115,48.62077683981042,44.951511640249,63.306954105864385,19.13931147733966,9.626400093860088,43.34442095919703,9.855848816929074,6.310272620063923,9.874447702722238,2.0257425838456333,4.612552682292962,7.170985424411414,5.441397822140562,3.6722921221157976,6.958836002409487,6.375413066658452,3.488161568001985,2.4287821981453006,6.587067211889221,3.7656673921083854,2.251882370578586,0.5065323027753853,0.08539754019818846,0.20268136888272986,0.05145728940124654,0.07219086498625174,0.07008252145815617,0.10093000371296057,0.2102903187805383,0.03654381199094517,0.011612084378949762,0.09268952464154513,0.01708644691426233,0.01248748087067659,0.00754305431811408,0.010379012468414795,0.009084768951329914,0.03070347957594169,0.0055899974853284694,0.0006284748762314171,0.0060359174638603495,0.002633552731184671,0.00428381405106919,0.001364027143916738,0.0016470751897413817,0.0018109254133551692],"smearing":"DFTK.Smearing.Gaussian()","ndiag":[1,1,1,1,1,1,1,1,1,1,1,1,1,1,1,1,1,1,1,1,1,1,1,1,1,1,1,1,1,1,1,1,1,1,1,1,1,1,1,1,1,1,1,1,1,1,1,1,1,1,1,1,1,1,1,1,1,1,1,1,1,1,1,1,1,1,1,1,1,1,1,1],"fft_size":[25,25,450],"kwargs":"Base.Iterators.Pairs{Union{}, Union{}, Tuple{}, NamedTuple{(), Tuple{}}}()","n_kirred":10,"damping":"DFTK.FixedDamping(0.8)","type":"potmix"}