{"done":true,"kgrid":[6,6,1],"mixing":"SimpleMixing()","temperature":0.001,"Ecut":20.0,"lattice":[[7.653390804734369,0.0,0.0],[0.0,7.653390804734369,0.0],[0.0,0.0,145.414425289953]],"n_electr":120,"n_bands":72,"α":[1.0,1.0,1.0,1.0,1.0,1.0,1.0,1.0,1.0,1.0,1.0,1.0,1.0,1.0,1.0,1.0,1.0,1.0,1.0,1.0,1.0,1.0,1.0,1.0,1.0,1.0,1.0,1.0,1.0,1.0,1.0,1.0,1.0,1.0,1.0,1.0,1.0,1.0,1.0,1.0,1.0,1.0,1.0,1.0,1.0,1.0,1.0,1.0,1.0,1.0,1.0,1.0,1.0,1.0,1.0,1.0,1.0,1.0,1.0,1.0,1.0,1.0,1.0,1.0,1.0,1.0,1.0,1.0,1.0,1.0,1.0,1.0,1.0,1.0,1.0,1.0,1.0,1.0,1.0,1.0,1.0,1.0,1.0,1.0,1.0,1.0,1.0,1.0,1.0,1.0,1.0,1.0,1.0,1.0,1.0,1.0,1.0,1.0,1.0],"energies":[-81.69398023098354,13623.52372818319,3557.4571089352658,87.64023587016324,-58.60163855599687,-78.88324112151962,-80.05883955567765,-82.58483588657522,-82.81942635639064,-82.6762754704105,-82.85603859905558,-82.8666460452346,-82.87577509289751,-81.87680473118944,-79.82686024236205,-79.84223034742172,-79.7259738533858,-80.29602617255843,-79.63258868502378,-80.7667098830315,-82.13396814537347,-81.2646527682395,-81.98231348573732,-82.26458561510611,-82.86098023254348,-82.84527787201691,-82.67861773396275,-82.86959407582066,-82.839822483144,-82.87281679781356,-82.85060888358419,-82.88776431151877,-82.89795225328007,-82.8983288286878,-82.90084160678958,-82.90123633524027,-82.90051104209154,-82.8962955402219,-82.89691186163266,-82.88439961743131,-82.89750582013264,-82.89868812708913,-82.89977674562131,-82.90056054568724,-82.89863894266325,-82.9004708764523,-82.90119882140283,-82.901269512163,-82.89899442085418,-82.90123082355991,-82.9013682964556,-82.90127041643143,-82.90123462030006,-82.90136744031412,-82.9013290606651,-82.90134667569707,-82.90092941009276,-82.90136844234978,-82.90097193884876,-82.90134135275574,-82.90132727330179,-82.90074097834824,-82.90135625808311,-82.9013801345538,-82.90138271815269,-82.90138424883718,-82.90138359348272,-82.90137947856535,-82.90138418717301,-82.90138391134492,-82.90138351015312,-82.90138424815238,-82.90138421407329,-82.90138424278705,-82.90138403291557,-82.90138431545375,-82.90138392757024,-82.90138431347664,-82.90138424192178,-82.90138424420931,-82.90138431974033,-82.90138430962634,-82.90138431751085,-82.9013843125779,-82.90138432237258,-82.90138432278334,-82.90138432256094,-82.90138431951051,-82.9013843204931,-82.90138432378563,-82.90138432431162,-82.90138432459995,-82.90138432377486,-82.90138432444112,-82.90138432427314,-82.90138432421979,-82.90138432277381,-82.90138431614784,-82.90138432366379],"residuals":[591.5398796913961,77499.1125685062,32006.025920506745,3744.1105239108433,1553.8147974971685,997.4709227203715,760.1918763352522,238.34358466000177,63.38944717847587,184.45696567844786,46.58288796691161,88.15471830477223,86.83088699674533,534.9198302165399,930.080782845957,941.910898736779,949.7931058433925,860.6545017621462,945.3561526410954,748.5381706296924,394.8449276808276,563.2012074705808,389.29356950942025,296.1405271477239,99.89537578967979,112.54024574193755,229.08983409818077,68.59306472178909,87.62530290140714,50.040943068662216,88.57639760047363,46.41500659075208,18.10885433132238,10.023351633046266,7.630545969483309,4.876961253764807,10.026671067061269,34.46358919728602,32.04095506736852,59.588574237642995,23.655408608853698,20.378874541956193,16.537535562613296,8.422435745256516,24.380801287356512,7.398676851136535,4.752376945444454,4.435985280778887,11.699508791437752,3.7566769944633003,1.7809910698883633,5.002488594795918,5.181668607080511,1.589195212080598,2.753568404498849,2.7009308862971095,7.953717457388321,1.0375420037410985,7.927718259625127,3.3380385403964588,3.1232520982938445,11.238264248793659,2.484528060108277,1.013216791270923,0.6018831676176822,0.043125667297590306,0.20416225907407756,0.45371413479559647,0.07596703237961874,0.18161734715825992,0.3380768379284685,0.05756984543266227,0.13920026859352463,0.1262222044248428,0.18865902128132392,0.04018386562838572,0.13399238259469945,0.042988703331726524,0.06007525433554012,0.059500415895417484,0.03397298810734165,0.055402529438955316,0.043126341117116274,0.05812104055180162,0.02619239339161403,0.025319664691729953,0.009094787680760805,0.03869670025557485,0.03155661939587193,0.012164140315761116,0.012795633233024586,0.007359548803468179,0.014218303727376367,0.008813133455770323,0.010607042655729503,0.011043475357265744,0.011065540215472455,0.039740110908015054,0.015245138441303478],"smearing":"DFTK.Smearing.Gaussian()","ndiag":[1,1,1,1,1,1,1,1,1,1,1,1,1,1,1,1,1,1,1,1,1,1,1,1,1,1,1,1,1,1,1,1,1,1,1,1,1,1,1,1,1,1,1,1,1,1,1,1,1,1,1,1,1,1,1,1,1,1,1,1,1,1,1,1,1,1,1,1,1,1,1,1,1,1,1,1,1,1,1,1,1,1,1,1,1,1,1,1,1,1,1,1,1,1,1,1,1,1,1],"fft_size":[25,25,450],"kwargs":"Base.Iterators.Pairs{Union{}, Union{}, Tuple{}, NamedTuple{(), Tuple{}}}()","n_kirred":10,"damping":"DFTK.FixedDamping(1.0)","type":"potmix"}