{"done":true,"kgrid":[6,6,1],"use_diis":[false,false,false,false,false,false,false,false,false,false,false,false,false,false,false,false,false,false,false,false,false,false,false,false,false,false,false,false,false,false,false,false,false,false,false,false,false,false,false,false,false,false,false,false,false,false,false,false,false,false,false,false,false,false,false,false,false,false,false,false,false,false,false,false,false,false,false,false],"mixing":"SimpleMixing()","temperature":0.001,"Ecut":20.0,"lattice":[[7.653390804734369,0.0,0.0],[0.0,7.653390804734369,0.0],[0.0,0.0,145.414425289953]],"n_electr":120,"n_bands":72,"α":[0.6,0.6,0.6,0.6,0.6,0.6,0.6,0.6,0.6,0.6,0.6,0.6,0.6,0.6,0.6,0.6,0.6,0.6,0.6,0.6,0.6,0.6,0.6,0.6,0.6,0.6,0.6,0.6,0.6,0.6,0.6,0.6,0.6,0.6,0.6,0.6,0.6,0.6,0.6,0.6,0.6,0.6,0.6,0.6,0.6,0.6,0.6,0.6,0.6,0.6,0.6,0.6,0.6,0.6,0.6,0.6,0.6,0.6,0.6,0.6,0.6,0.6,0.6,0.6,0.6,0.6,0.6,0.6],"energies":[-81.69398023098448,10912.365006303113,672.2528551478324,-19.79410061125597,-74.23276372822883,-81.52012698966007,-80.88091609487395,-82.6779743256201,-82.85119267271388,-82.8272555016524,-82.88953747344833,-82.89635451948946,-82.88550353066557,-82.1406734490784,-81.76293899396012,-81.9865601245949,-81.47174781329859,-82.07812519110027,-82.52208069745129,-82.29727394371206,-82.54949794150478,-82.27520365934929,-82.78384901633237,-82.82771103254157,-82.87129444527295,-82.89045504267759,-82.89717235831604,-82.84171275383396,-82.89324684442393,-82.90081222296496,-82.90075670434247,-82.90056660658695,-82.90123536139797,-82.90127634160768,-82.90125100059144,-82.90132296974586,-82.90119411643711,-82.90137745011894,-82.90136940336063,-82.90133269535735,-82.9013655519236,-82.90137797839932,-82.90137858232637,-82.9013833812586,-82.90138294049204,-82.90138333635447,-82.90138379906955,-82.90138422632894,-82.90138418824395,-82.90138421165112,-82.90138430430127,-82.90138430059845,-82.90138431718889,-82.90138430835086,-82.90138432328546,-82.90138432312087,-82.90138432460762,-82.90138431556991,-82.90138432411939,-82.90138432476158,-82.90138432477225,-82.90138432461058,-82.90138432471215,-82.90138432484144,-82.90138432483054,-82.90138432480754,-82.90138432483376,-82.90138432483799],"residuals":[591.5398796919014,68602.56005758855,14398.111033412817,2222.7737435798604,1069.367890242716,547.809137407713,790.2701937795875,232.1504245451057,85.03009864783455,102.44798880048693,26.66585974017311,33.41133125540514,72.22017230118674,471.8432802739742,571.9319556783462,518.0811684421061,610.9772634408928,473.62917754807916,288.2663903845996,396.6691050925987,265.0395173329407,350.5089643274847,125.80903917280844,123.35461998553855,85.9022352186553,46.41084320179945,20.837505749602425,114.15830812738147,24.918431326812904,10.292607819930295,10.806266972468604,11.686791575093922,2.0138873070414,3.153137011592246,2.8873878828967285,2.9067524375506726,7.1127230637210195,0.7326960667055855,1.6547505962807156,3.306121322111474,1.3240055838314186,0.8537491244995189,0.9958993791718365,0.35384167380658776,0.5158741314891003,0.4507287367788841,0.3110695949197309,0.09277266392500028,0.15368810845524125,0.10159454789452285,0.05915885113810464,0.04256819972710128,0.02291787134855518,0.04928435660912112,0.015190802180430946,0.007168384703749597,0.003930258825703188,0.04445144405339954,0.008593573610822938,0.0037781336189706815,0.0038910589018758377,0.006575574982415769,0.004823642211820598,0.000480986677961452,0.0008951702318380371,0.0027118327319605486,0.0012526731633266369,0.001367421616474163],"smearing":"DFTK.Smearing.Gaussian()","ndiag":[1,1,1,1,1,1,1,1,1,1,1,1,1,1,1,1,1,1,1,1,1,1,1,1,1,1,1,1,1,1,1,1,1,1,1,1,1,1,1,1,1,1,1,1,1,1,1,1,1,1,1,1,1,1,1,1,1,1,1,1,1,1,1,1,1,1,1,1],"fft_size":[25,25,450],"kwargs":"Base.Iterators.Pairs{Union{}, Union{}, Tuple{}, NamedTuple{(), Tuple{}}}()","n_kirred":10,"damping":"DFTK.FixedDamping(0.6)","type":"potmix"}