{"done":true,"kgrid":[6,6,1],"mixing":"SimpleMixing()","temperature":0.001,"Ecut":20.0,"lattice":[[7.653390804734369,0.0,0.0],[0.0,7.653390804734369,0.0],[0.0,0.0,145.414425289953]],"n_electr":120,"n_bands":72,"α":[0.1,0.1,0.1,0.1,0.1,0.1,0.1,0.1,0.1,0.1,0.1,0.1,0.1,0.1,0.1,0.1,0.1,0.1,0.1,0.1,0.1,0.1,0.1,0.1,0.1,0.1,0.1,0.1,0.1,0.1,0.1,0.1,0.1,0.1,0.1,0.1,0.1,0.1,0.1,0.1,0.1,0.1,0.1,0.1,0.1,0.1,0.1,0.1],"energies":[-81.69398023098175,188.33935845332743,-68.3975618821924,-81.9175529176958,-82.73822059922793,-82.84945595181054,-82.87397766222409,-82.89555755504514,-82.89938114938998,-82.89905270475627,-82.90093280259015,-82.90122998166919,-82.90133865945626,-82.90136643631648,-82.90137347297912,-82.90138034305107,-82.90138159695366,-82.90138287802881,-82.90138302109004,-82.90138366094418,-82.90138378688964,-82.90138401457625,-82.90138415528489,-82.90138415090776,-82.90138406233642,-82.90138407930256,-82.90138407088186,-82.9013840982875,-82.90138410927636,-82.90138416021603,-82.90138426191818,-82.90138428138103,-82.9013842844043,-82.90138429667651,-82.9013843098786,-82.90138431179612,-82.90138431333119,-82.9013843156155,-82.90138432160985,-82.90138432164026,-82.90138432263761,-82.90138432393091,-82.9013843245893,-82.90138432471986,-82.90138432473306,-82.90138432476552,-82.9013843248306,-82.9013843248405],"residuals":[591.5398796917945,8504.201939094914,1718.9668219166426,497.73117567542045,215.0790095810397,124.68487963352788,79.55441226270081,20.38399363745514,9.723305640555061,17.740941832927632,7.588296463682494,4.1683531908521125,2.491484779386216,0.8873288532697282,0.9471834970695044,0.3435504518719962,0.6309255734017237,0.40535091117207994,0.41050285501540273,0.32890208661007575,0.16408414139722127,0.23605636970600433,0.15546859864374532,0.1734970157591586,0.23015672086448258,0.23505220569308283,0.23154780536234776,0.2042478100542375,0.1535381865048314,0.09979184229771375,0.052005026562164686,0.03839031577242446,0.05987472325285754,0.062118375191892804,0.03592382019727833,0.025610070851443633,0.01933309802168726,0.010953099902532298,0.01759274711665608,0.01914611493549524,0.007119641582536895,0.003729330955588143,0.0024076113708354314,0.003743007069395891,0.0023783370289544104,0.003404489537127855,0.0014485104142262395,0.00047363896346295484],"smearing":"DFTK.Smearing.Gaussian()","ndiag":[1,1,1,1,1,1,1,1,1,1,1,1,1,1,1,1,1,1,1,1,1,1,1,1,1,1,1,1,1,1,1,1,1,1,1,1,1,1,1,1,1,1,1,1,1,1,1,1],"fft_size":[25,25,450],"kwargs":"Base.Iterators.Pairs{Union{}, Union{}, Tuple{}, NamedTuple{(), Tuple{}}}()","n_kirred":10,"damping":"DFTK.FixedDamping(0.1)","type":"potmix"}