{"done":true,"kgrid":[6,6,1],"use_diis":[false,false,false,false,false,false,false,false,false,false,false,false,false,false,false,false,false,false,false,false,false,false,false,false,false,false,false,false,false,false,false,false,false,false,false,false,false,false,false,false,false,false,false,false,false,false,false,false,false,false,false,false,false,false,false,false],"mixing":"SimpleMixing()","temperature":0.001,"Ecut":20.0,"lattice":[[7.653390804734369,0.0,0.0],[0.0,7.653390804734369,0.0],[0.0,0.0,145.414425289953]],"n_electr":120,"n_bands":72,"α":[0.5,0.5,0.5,0.5,0.5,0.5,0.5,0.5,0.5,0.5,0.5,0.5,0.5,0.5,0.5,0.5,0.5,0.5,0.5,0.5,0.5,0.5,0.5,0.5,0.5,0.5,0.5,0.5,0.5,0.5,0.5,0.5,0.5,0.5,0.5,0.5,0.5,0.5,0.5,0.5,0.5,0.5,0.5,0.5,0.5,0.5,0.5,0.5,0.5,0.5,0.5,0.5,0.5,0.5,0.5,0.5],"energies":[-81.69398023098641,9645.230655166793,279.45665552350744,-42.51339146730016,-76.79456183390279,-81.90065875133702,-81.35984461404934,-82.72444529048661,-82.86899745793323,-82.83861209945415,-82.89384604532795,-82.89814964109387,-82.88589523245618,-82.27099466867442,-82.12367828155938,-82.30142609200165,-81.9891564245475,-82.36083569411183,-82.58192325111688,-82.38798432791351,-82.5675326555261,-82.51328225020065,-82.83873552104826,-82.88709357472815,-82.89066733652022,-82.8970859434938,-82.89805171713157,-82.90105981678136,-82.90016716206361,-82.9010358232421,-82.9011448920611,-82.90134034905698,-82.90121633484823,-82.90134768146194,-82.9013577817556,-82.90138138198246,-82.90138077083058,-82.90137787090981,-82.90138424419655,-82.90138410597987,-82.90138401468262,-82.90138424089442,-82.9013841913807,-82.90138427459635,-82.90138421721382,-82.90138432016641,-82.90138431054113,-82.90138432226892,-82.90138432396037,-82.9013843235357,-82.90138432476328,-82.90138432417534,-82.90138432482969,-82.90138432478615,-82.90138432483735,-82.90138432483708],"residuals":[591.539879691857,64065.226700810425,9977.56902953969,1850.094469142673,964.2324960770475,474.88327041386043,705.4659093572626,210.11529431643416,76.29419792865241,100.19416953886795,23.707429889622684,26.09425125418746,69.58419924786304,430.087577426643,475.0427181141051,422.4481547358183,478.25061163640163,384.9030171590157,275.8958421288063,374.309508991378,274.16579726098877,274.2279668721039,98.92634176783739,51.99391555097758,40.66989149443164,30.50204797096111,27.043537136220515,9.013566374322203,14.163375505173812,4.268363775931814,7.479188744421407,1.4587539140443564,6.0969602035687,1.6892108858632362,1.3352592759952364,0.6771070332372134,0.8886155638092704,1.2856608303135217,0.08363204241664306,0.17221724591325618,0.2772866445454213,0.1258402344969202,0.0708513205942256,0.04699578722061518,0.07975625910415045,0.028210824014053195,0.041113980221017254,0.006909990923249531,0.00961409684839237,0.015297793560340497,0.004254817489625348,0.010232604822902553,0.0011299588452476949,0.004134028995853729,0.000786383551795233,0.001097031784022577],"smearing":"DFTK.Smearing.Gaussian()","ndiag":[1,1,1,1,1,1,1,1,1,1,1,1,1,1,1,1,1,1,1,1,1,1,1,1,1,1,1,1,1,1,1,1,1,1,1,1,1,1,1,1,1,1,1,1,1,1,1,1,1,1,1,1,1,1,1,1],"fft_size":[25,25,450],"kwargs":"Base.Iterators.Pairs{Union{}, Union{}, Tuple{}, NamedTuple{(), Tuple{}}}()","n_kirred":10,"damping":"DFTK.FixedDamping(0.5)","type":"potmix"}