{"done":true,"kgrid":[13,13,13],"mixing":"KerkerMixing(0.8, 0.0)","temperature":0.01,"Ecut":45.0,"lattice":[[0.0,5.4065064425543286,5.4065064425543286],[5.4065064425543286,0.0,5.4065064425543286],[5.4065064425543286,5.4065064425543286,0.0]],"n_electr":49,"n_bands":59,"α":[0.8,0.8,0.8,0.5,0.5,0.5,0.13002370919534537,0.21899506148127265,0.5,0.125,0.5,0.5,1.0,1.0,1.0,1.0,1.0,1.0,1.0,1.0,1.0,1.0,1.0,1.0],"energies":[-277.5901529003325,-288.3308441489099,-310.46984199077855,-312.44984554477884,-313.25342230518095,-313.82205223785934,-313.85986995962514,-313.9721186083596,-313.97568661617714,-313.977143232434,-313.97727685573176,-313.9775670210599,-313.9790145477602,-313.9792595907694,-313.9793467102469,-313.97935051006294,-313.97935170965485,-313.97935270790356,-313.97935289797863,-313.97935291695364,-313.97935292079137,-313.9793529211017,-313.97935292111583,-313.9793529211099],"residuals":[588.5240869852007,630.6946815865764,209.2379847408284,130.04193300030292,102.34595433332026,47.623490178241134,41.790546977735815,10.627272198867141,5.664530032834733,3.782822942707339,3.9940633794441815,3.8556324789898415,1.6038419186905202,0.9618476137927118,0.1734223568229146,0.07258823180237435,0.08242250014445383,0.05048844217550151,0.01744472926641573,0.00716571242672543,0.0019655723809752935,0.00048157003238002657,0.00010651853311251756,0.00013250699672063155],"smearing":"DFTK.Smearing.Gaussian()","ndiag":[1,1,1,2,1,1,2,2,1,2,1,1,1,1,1,1,1,1,1,1,1,1,1,1],"fft_size":[50,50,50],"kwargs":"Base.Iterators.Pairs{Union{}, Union{}, Tuple{}, NamedTuple{(), Tuple{}}}()","n_kirred":280,"damping":"DFTK.AdaptiveDamping(0.125, 1.0, 0.8, 0.5, 1.1, 0.1)","type":"potmix"}