{"done":true,"kgrid":[13,13,13],"mixing":"KerkerMixing(0.8, 0.0)","temperature":0.01,"Ecut":45.0,"lattice":[[0.0,5.4065064425543286,5.4065064425543286],[5.4065064425543286,0.0,5.4065064425543286],[5.4065064425543286,5.4065064425543286,0.0]],"n_electr":49,"n_bands":59,"α":[0.8,0.8,0.8,0.5,0.5,0.5,0.13002340732621243,0.0760677209316421,0.05,0.0681631731140287,0.05,-0.05,0.2,-0.19,0.2,0.23423778204539367,0.6974665570799191,1.0,1.0,1.0,1.0,1.0,1.0,1.0,1.0,1.0,1.0,1.0,1.0,1.0],"energies":[-277.59015290033244,-288.33084445900136,-310.46984193193134,-312.44984567809905,-313.2534222925045,-313.82205214478705,-313.8598696876626,-313.9700181923977,-313.97049610350484,-313.9754811126704,-313.97550144010927,-313.97556001011833,-313.9766103451408,-313.97695452862985,-313.9788938947937,-313.97912577292874,-313.979271723127,-313.9793230392179,-313.9793469906159,-313.9793513890745,-313.97935269979206,-313.9793528932217,-313.97935292041245,-313.9793529208628,-313.97935292034947,-313.979352920906,-313.979352921085,-313.97935292109867,-313.97935292111356,-313.97935292111623],"residuals":[588.524086985201,630.694679201309,209.2379845288088,130.04192973377096,102.3459563496198,47.623504933762064,41.79059244643033,12.605907717481394,10.875866989488793,5.847629249928312,5.389230572629257,5.603135345351181,4.799648402084175,3.9712967351122104,1.384618371807048,0.9675651016896182,0.4334394059010273,0.5857020584172369,0.14061196354858643,0.06755343859763513,0.03351847027982141,0.015011602795796969,0.0024243726663730047,0.0016865689468953324,0.0003521329250336381,0.00035601621714132116,0.00018686087047193312,6.201776589574171e-5,3.0009706837028378e-5,2.121334327155498e-5],"smearing":"DFTK.Smearing.Gaussian()","ndiag":[1,1,1,2,1,1,2,2,2,2,2,2,1,2,1,1,1,1,1,1,1,1,1,1,1,1,1,1,1,1],"fft_size":[50,50,50],"kwargs":"Base.Iterators.Pairs{Union{}, Union{}, Tuple{}, NamedTuple{(), Tuple{}}}()","n_kirred":280,"damping":"DFTK.AdaptiveDamping(0.05, 1.0, 0.8, 0.2, 1.1, 0.1)","type":"potmix"}