{"done":true,"kgrid":[13,13,13],"mixing":"KerkerMixing(0.8, 0.0)","temperature":0.01,"Ecut":45.0,"lattice":[[0.0,5.4065064425543286,5.4065064425543286],[5.4065064425543286,0.0,5.4065064425543286],[5.4065064425543286,5.4065064425543286,0.0]],"n_electr":49,"n_bands":59,"α":[0.1,0.1,0.1,0.1,0.1,0.1,0.1,0.1,0.1,0.1,0.1,0.1,0.1,0.1,0.1,0.1,0.1,0.1,0.1,0.1,0.1,0.1,0.1,0.1,0.1,0.1,0.1,0.1,0.1,0.1,0.1,0.1,0.1,0.1,0.1,0.1,0.1,0.1,0.1,0.1,0.1,0.1,0.1,0.1,0.1,0.1,0.1,0.1,0.1,0.1,0.1,0.1,0.1,0.1,0.1,0.1,0.1,0.1,0.1,0.1,0.1,0.1,0.1,0.1,0.1,0.1,0.1,0.1,0.1,0.1,0.1,0.1,0.1,0.1,0.1,0.1,0.1,0.1,0.1,0.1,0.1,0.1,0.1,0.1,0.1,0.1,0.1,0.1,0.1,0.1,0.1,0.1,0.1,0.1,0.1,0.1,0.1,0.1,0.1],"energies":[-277.59015290033244,-284.7385907560268,-294.8265880403078,-306.9039736270363,-313.18537208190963,-313.6763160760841,-313.7770330685811,-313.72022653599674,-313.93753323178976,-313.9312909125438,-313.94332200132493,-313.9672364745228,-313.96757838987463,-313.9733421357779,-313.97373210515417,-313.9769798773367,-313.9781603372994,-313.9791456657846,-313.9792191905538,-313.9791200219509,-313.9792605574529,-313.97932454121866,-313.97933362631994,-313.9793355783883,-313.9783475409654,-313.97924556187536,-313.97925149618453,-313.97928776469877,-313.97931640208265,-313.9793274684827,-313.97933397778297,-313.97932263987315,-313.97932784334535,-313.9793372602799,-313.97933660200147,-313.9793394741229,-313.97933850605955,-313.9793342800594,-313.97933544195064,-313.9793355039531,-313.9793346907367,-313.97933858141437,-313.9793406443014,-313.9793403200025,-313.9793362305433,-313.97933986207613,-313.9793415548584,-313.979334916227,-313.9793378386016,-313.9793418795434,-313.9793424940375,-313.97933906801387,-313.9793429414555,-313.97934459525175,-313.9793430987318,-313.97934457682214,-313.9793444764677,-313.979344012008,-313.97934229697114,-313.9793437630204,-313.9793441635366,-313.97934232487023,-313.9793442714358,-313.9793135105166,-313.9793122070063,-313.9793132624328,-313.97933352050615,-313.9793332986599,-313.97934142409395,-313.9793409015351,-313.97933926213534,-313.97933998074996,-313.97934510489347,-313.9793451114998,-313.979346463459,-313.97934767566585,-313.97934708156413,-313.9793482412606,-313.9793479819084,-313.9793478278328,-313.9793472093901,-313.97934716608273,-313.97934794288454,-313.97934887425635,-313.9793488107879,-313.97934891548084,-313.97934858038826,-313.9793486787945,-313.9793489648745,-313.9793486632928,-313.9793488906678,-313.97934677208116,-313.9793473893753,-313.97934817872544,-313.97934821824424,-313.9793489931008,-313.97934961960914,-313.9793493706863,-313.9793488284235],"residuals":[588.524086985201,529.2893692380528,412.3221976610489,334.6514406696845,131.10738438458003,87.99364145104069,56.27620809307149,55.09490663097114,17.848205064063954,22.150486101400755,17.767912932847025,7.977784641640419,7.270487599259906,3.292713793088799,7.173699367306031,3.3928829060391634,2.612052341323657,1.0117402365021726,0.9477193073179975,1.6333722835048692,0.9141672758027845,0.34344985174903514,0.19442730771669298,0.15109164926551572,0.716656424851371,0.18789257976415383,0.17198223168670523,0.4655085981500277,0.39549185477473925,0.26771123491630194,0.2803527317395764,0.3665448187906072,0.32054697025949946,0.23546374421737626,0.1963596524777613,0.1483482778959669,0.18733447471028336,0.24226948167066922,0.2188982128293109,0.23470058015870712,0.25943616509300754,0.12501902293630912,0.10252204899027918,0.10610056519490615,0.12878684771623858,0.11795689538708314,0.21830350053866698,0.27175353290026727,0.15477362840791026,0.15160999672391187,0.20957205214227909,0.21111866827321457,0.15228424948708214,0.10295331056011156,0.14583038764341763,0.10124665203071756,0.12792312908523873,0.1336266107863841,0.21474728909970003,0.17124458388259683,0.17991871575732496,0.20036659213611224,0.16817907194191345,0.6407024758373544,0.6467543570152253,0.6256545581677364,0.384304937005897,0.40553147069951645,0.25994083284444314,0.19496124513849908,0.1220090940628297,0.2126490725626567,0.14113612964438496,0.15889342682512772,0.1678930010726789,0.06602036123718481,0.10718404222658941,0.08462025554182102,0.11123379498997298,0.11209773980748838,0.11515418951188376,0.12611363643078627,0.06328219763604317,0.05241703324124056,0.0650539515502448,0.06752930970052198,0.05902608702285614,0.08723339110289526,0.052978968497969035,0.07118550285335341,0.07699423056649797,0.12450818709737477,0.13177600572188136,0.11215243813966375,0.11284788930151748,0.07876850135436508,0.043006717986726443,0.04605999011957941,0.05612396795139491],"smearing":"DFTK.Smearing.Gaussian()","ndiag":[1,1,1,1,1,1,1,1,1,1,1,1,1,1,1,1,1,1,1,1,1,1,1,1,1,1,1,1,1,1,1,1,1,1,1,1,1,1,1,1,1,1,1,1,1,1,1,1,1,1,1,1,1,1,1,1,1,1,1,1,1,1,1,1,1,1,1,1,1,1,1,1,1,1,1,1,1,1,1,1,1,1,1,1,1,1,1,1,1,1,1,1,1,1,1,1,1,1,1],"fft_size":[50,50,50],"kwargs":"Base.Iterators.Pairs{Union{}, Union{}, Tuple{}, NamedTuple{(), Tuple{}}}()","n_kirred":280,"damping":"DFTK.FixedDamping(0.1)","type":"potmix"}