{"done":true,"kgrid":[13,13,13],"mixing":"KerkerMixing(0.8, 0.0)","temperature":0.01,"Ecut":45.0,"lattice":[[0.0,5.4065064425543286,5.4065064425543286],[5.4065064425543286,0.0,5.4065064425543286],[5.4065064425543286,5.4065064425543286,0.0]],"n_electr":49,"n_bands":59,"α":[0.9,0.9,0.9,0.9,0.9,0.9,0.9,0.9,0.9,0.9,0.9,0.9,0.9,0.9,0.9,0.9,0.9,0.9,0.9,0.9,0.9,0.9,0.9,0.9,0.9,0.9,0.9,0.9,0.9],"energies":[-277.59015290033244,-277.93214859575676,-308.0927427430967,-311.8011552546047,-312.7643778417907,-312.82314124039544,-311.67795689160204,-313.7709124527421,-313.9692931064992,-313.9709841712052,-313.9771960361133,-313.95773194727974,-313.9749351175161,-313.9787778405301,-313.9790159351187,-313.9790148972256,-313.97933972004756,-313.97934479892393,-313.97934223946714,-313.97935106081513,-313.9793529091831,-313.979352917622,-313.97935292032224,-313.97935292070207,-313.9793529202557,-313.979352921106,-313.97935292107974,-313.97935292111737,-313.979352921118],"residuals":[588.5240869852012,742.4787203457482,281.0939015637482,164.3431667221767,128.92598119282522,136.88562620077403,176.2403335899451,52.076917850577715,10.199056160367183,9.02763656116641,3.286565561981345,16.722939737645397,7.081362340736164,1.501881633571876,1.8448553283969027,2.1636107300409058,0.17872145309790233,0.2632052785172125,0.31602784386938476,0.13603765356237618,0.005438072220470304,0.00606766611172324,0.003269990979605264,0.0015676747102601608,0.0007887656859323728,0.00011709465978598312,0.00017391146499443172,3.170346909278989e-5,1.4377908051285523e-5],"smearing":"DFTK.Smearing.Gaussian()","ndiag":[1,1,1,1,1,1,1,1,1,1,1,1,1,1,1,1,1,1,1,1,1,1,1,1,1,1,1,1,1],"fft_size":[50,50,50],"kwargs":"Base.Iterators.Pairs{Union{}, Union{}, Tuple{}, NamedTuple{(), Tuple{}}}()","n_kirred":280,"damping":"DFTK.FixedDamping(0.9)","type":"potmix"}