{"done":true,"kgrid":[13,13,13],"mixing":"KerkerMixing(0.8, 0.0)","temperature":0.01,"Ecut":45.0,"lattice":[[0.0,5.4065064425543286,5.4065064425543286],[5.4065064425543286,0.0,5.4065064425543286],[5.4065064425543286,5.4065064425543286,0.0]],"n_electr":49,"n_bands":59,"α":[0.6,0.6,0.6,0.6,0.6,0.6,0.6,0.6,0.6,0.6,0.6,0.6,0.6,0.6,0.6,0.6,0.6,0.6,0.6,0.6,0.6,0.6,0.6,0.6,0.6,0.6,0.6,0.6,0.6,0.6,0.6,0.6,0.6],"energies":[-277.59015290033244,-300.56049664375155,-309.4972855381527,-309.87709387541054,-313.1678356470075,-312.5025342061092,-311.86347494708974,-313.8519049274236,-313.93131906355575,-313.93334636071114,-313.97497294996225,-313.9700887813256,-313.9774992882013,-313.9786959978071,-313.97900370679594,-313.9792678362664,-313.9793300793386,-313.97935007175136,-313.97935147476466,-313.9793523973202,-313.97935283280265,-313.9793529158777,-313.979352918555,-313.9793528507857,-313.97935291959635,-313.9793529183266,-313.9793529206469,-313.97935292089306,-313.97935292098265,-313.97935292103176,-313.9793529210703,-313.97935292105467,-313.97935292105353],"residuals":[588.524086985201,452.38699193075166,268.80454685756405,236.9860692442113,108.14623186152977,151.5844961422535,170.3936969949328,40.8348854420186,24.097548987375387,23.70788389806232,5.0442210876534315,10.144798278796687,3.573288740999072,0.895549085396381,1.3975520612047567,0.8668879275123204,0.3602178105689644,0.12050710392162188,0.11916911520028971,0.051712008312986724,0.027525625663949865,0.007690806091500757,0.003170405428715456,0.007918967597086043,0.0016521495295334138,0.0017302598875902078,0.00037405079034679735,0.00023629687935066673,0.00017998831237877146,0.00017560246483714644,0.00013592515970641336,0.00011686159956638571,6.622476759656888e-5],"smearing":"DFTK.Smearing.Gaussian()","ndiag":[1,1,1,1,1,1,1,1,1,1,1,1,1,1,1,1,1,1,1,1,1,1,1,1,1,1,1,1,1,1,1,1,1],"fft_size":[50,50,50],"kwargs":"Base.Iterators.Pairs{Union{}, Union{}, Tuple{}, NamedTuple{(), Tuple{}}}()","n_kirred":280,"damping":"DFTK.FixedDamping(0.6)","type":"potmix"}