{"done":true,"kgrid":[13,13,13],"mixing":"KerkerMixing(0.8, 0.0)","temperature":0.01,"Ecut":45.0,"lattice":[[0.0,5.4065064425543286,5.4065064425543286],[5.4065064425543286,0.0,5.4065064425543286],[5.4065064425543286,5.4065064425543286,0.0]],"n_electr":49,"n_bands":59,"α":[0.3,0.3,0.3,0.3,0.3,0.3,0.3,0.3,0.3,0.3,0.3,0.3,0.3,0.3,0.3,0.3,0.3,0.3,0.3,0.3,0.3,0.3,0.3,0.3,0.3,0.3,0.3,0.3,0.3,0.3,0.3,0.3,0.3,0.3,0.3,0.3,0.3,0.3,0.3,0.3,0.3,0.3,0.3,0.3,0.3,0.3,0.3,0.3,0.3,0.3,0.3,0.3,0.3,0.3,0.3,0.3,0.3,0.3],"energies":[-277.5901529003323,-303.9879920923925,-304.03714529867824,-313.07569300554223,-313.24658941586915,-313.34593235434426,-313.8801662851703,-313.70542275364727,-313.96813813695206,-313.9675046934011,-313.9730841138942,-313.97712351525047,-313.9781413332577,-313.978745214695,-313.9792193856216,-313.9792803486637,-313.9793038226119,-313.9793134334757,-313.9793374891428,-313.97934149587456,-313.97935083239696,-313.9793519131732,-313.97935286877834,-313.97935288617805,-313.97935265987235,-313.97935252614525,-313.9793527423772,-313.9793527073618,-313.97935278893124,-313.9793528516817,-313.97935289977454,-313.9793529041688,-313.97935289671426,-313.97935286750027,-313.97935290410544,-313.9793529145064,-313.97935291381674,-313.9793529163151,-313.9793529189918,-313.97935291929775,-313.979352919547,-313.97935291885454,-313.9793529194298,-313.979352917924,-313.9793529189343,-313.9793529198097,-313.9793529201443,-313.97935292045594,-313.9793529197307,-313.9793529200121,-313.9793529208831,-313.97935292068956,-313.97935292087925,-313.9793529208784,-313.9793529209125,-313.9793529209639,-313.9793529209457,-313.9793529209518],"residuals":[588.5240869852001,346.1369114598539,382.9834021857851,129.64742705468407,100.14899750474139,89.16264372974089,33.700747191615335,61.365002832306836,3.823669442216029,9.688242884763206,6.247042529469455,3.6182478856279263,1.6320363918576657,2.6018824067215434,0.4236950982848436,0.7604838470988144,0.5547795033403562,0.3351975499629591,0.28617519781474027,0.29314460362997113,0.06728432982151819,0.10491695902613758,0.020720921173322242,0.015177791121575936,0.006840958086039318,0.007831982366964557,0.011142553631861979,0.006819520535990072,0.002847504562632738,0.001750654953225549,0.003450763436867096,0.003524290330666183,0.00383760824771898,0.006879360315471855,0.0014594046596272748,0.0024228733685107006,0.004114625805629413,0.005406192394350805,0.0014469112975443032,0.0012214363315504234,0.0018516216885719637,0.003004315659908431,0.002095659581238713,0.0028324363548622596,0.001574734083028638,0.0006834430551062944,0.00044043252807638534,0.0001520803873249582,0.0003759565862968183,0.0007615695549159762,0.00024387458688296057,0.00025660937374991295,0.000795356453714183,0.0006860512708763962,0.0005067804731414533,0.00016914162972490635,0.0002594280011690046,0.00024008343018974522],"smearing":"DFTK.Smearing.Gaussian()","ndiag":[1,1,1,1,1,1,1,1,1,1,1,1,1,1,1,1,1,1,1,1,1,1,1,1,1,1,1,1,1,1,1,1,1,1,1,1,1,1,1,1,1,1,1,1,1,1,1,1,1,1,1,1,1,1,1,1,1,1],"fft_size":[50,50,50],"kwargs":"Base.Iterators.Pairs{Union{}, Union{}, Tuple{}, NamedTuple{(), Tuple{}}}()","n_kirred":280,"damping":"DFTK.FixedDamping(0.3)","type":"potmix"}