{"done":true,"kgrid":[13,13,13],"mixing":"KerkerMixing(0.8, 0.0)","temperature":0.01,"Ecut":45.0,"lattice":[[0.0,5.4065064425543286,5.4065064425543286],[5.4065064425543286,0.0,5.4065064425543286],[5.4065064425543286,5.4065064425543286,0.0]],"n_electr":49,"n_bands":59,"α":[1.0,1.0,1.0,1.0,1.0,1.0,1.0,1.0,1.0,1.0,1.0,1.0,1.0,1.0,1.0,1.0,1.0,1.0,1.0,1.0,1.0,1.0,1.0,1.0,1.0,1.0,1.0,1.0,1.0,1.0,1.0],"energies":[-277.59015290033244,-263.3064486840508,-307.8445951078155,-310.70036479649553,-311.9373811329339,-311.4817408071637,-308.5382181565978,-313.9475127676476,-313.9612356325163,-313.855597478007,-313.79654624897273,-313.75452656301536,-313.9659304583493,-313.9764472410482,-313.9781221689699,-313.9786516047333,-313.9791468726964,-313.9793350772629,-313.97934850571403,-313.9793514867811,-313.97935275834095,-313.979352819917,-313.97935291375694,-313.97935292072447,-313.9793529195604,-313.9793529199784,-313.9793529207586,-313.9793529210252,-313.97935292107445,-313.9793529210976,-313.97935292110753],"residuals":[588.524086985201,867.6310534775985,285.0798315083745,210.53846489737757,166.09722636560804,190.18563072124934,269.6679525635279,17.089556222946385,13.131326968346974,40.005414507783605,49.512845014502766,55.46030774635607,12.923954644562569,4.756358402024185,1.9243654235333378,1.4995170277586822,1.462736103470583,0.2517574584454798,0.16242005161820372,0.11263053338103397,0.02270922481496582,0.02286981516118179,0.004006420175069438,0.0011537828904511084,0.0002059762787655384,0.000481088254166024,0.0003822194297309382,0.0001193650190280254,0.00015827842332980101,6.995778407431565e-5,4.268336625735371e-5],"smearing":"DFTK.Smearing.Gaussian()","ndiag":[1,1,1,1,1,1,1,1,1,1,1,1,1,1,1,1,1,1,1,1,1,1,1,1,1,1,1,1,1,1,1],"fft_size":[50,50,50],"kwargs":"Base.Iterators.Pairs{Union{}, Union{}, Tuple{}, NamedTuple{(), Tuple{}}}()","n_kirred":280,"damping":"DFTK.FixedDamping(1.0)","type":"potmix"}