{"done":true,"kgrid":[13,13,13],"mixing":"KerkerMixing(0.8, 0.0)","temperature":0.01,"Ecut":45.0,"lattice":[[0.0,5.4065064425543286,5.4065064425543286],[5.4065064425543286,0.0,5.4065064425543286],[5.4065064425543286,5.4065064425543286,0.0]],"n_electr":49,"n_bands":59,"α":[0.4,0.4,0.4,0.4,0.4,0.4,0.4,0.4,0.4,0.4,0.4,0.4,0.4,0.4,0.4,0.4,0.4,0.4,0.4,0.4,0.4,0.4,0.4,0.4,0.4,0.4,0.4,0.4,0.4,0.4,0.4],"energies":[-277.59015290033244,-303.0159804862572,-303.82742820724803,-313.19800280871937,-309.4742990585702,-310.94133006320476,-313.77880842945336,-313.86184833431474,-313.8487655590346,-313.96862781819766,-313.96226492694285,-313.9746311006957,-313.9759121923601,-313.9787353280267,-313.97918605069106,-313.97927435673586,-313.9793265561756,-313.9793426238671,-313.9793468118261,-313.9793522570357,-313.9793524425745,-313.97935289477766,-313.9793529181679,-313.97935291824825,-313.9793529205596,-313.9793529202571,-313.9793529196187,-313.97935292070605,-313.979352921024,-313.9793529210668,-313.97935292107445],"residuals":[588.5240869852012,387.0056422148724,395.1339111720645,116.31250308702593,257.52355127362546,205.17096158957108,52.23395943807639,39.66757958587215,42.046915901843995,9.534171791627497,14.197756677669735,6.956362689969632,6.49974225677046,2.5203084926181467,0.4045216172756144,0.741337751233043,0.39145577271262066,0.15638392097891274,0.15773715889825088,0.08163280413626003,0.05995738108696125,0.014802981492125424,0.005438700628469147,0.003005045087631513,0.0007727492974642289,0.0010499097615432325,0.0004865489330124966,0.0004143670437495639,0.0002862211823438364,9.197419104151473e-5,0.00010415562631719352],"smearing":"DFTK.Smearing.Gaussian()","ndiag":[1,1,1,1,1,1,1,1,1,1,1,1,1,1,1,1,1,1,1,1,1,1,1,1,1,1,1,1,1,1,1],"fft_size":[50,50,50],"kwargs":"Base.Iterators.Pairs{Union{}, Union{}, Tuple{}, NamedTuple{(), Tuple{}}}()","n_kirred":280,"damping":"DFTK.FixedDamping(0.4)","type":"potmix"}