{"done":true,"kgrid":[13,13,13],"mixing":"KerkerMixing(0.8, 0.0)","temperature":0.01,"Ecut":45.0,"lattice":[[0.0,5.4065064425543286,5.4065064425543286],[5.4065064425543286,0.0,5.4065064425543286],[5.4065064425543286,5.4065064425543286,0.0]],"n_electr":49,"n_bands":59,"α":[0.8,0.8,0.8,0.8,0.8,0.8,0.8,0.8,0.8,0.8,0.8,0.8,0.8,0.8,0.8,0.8,0.8,0.8,0.8,0.8,0.8,0.8,0.8,0.8],"energies":[-277.5901529003325,-288.3308441532274,-310.46984192031346,-310.77944785052364,-313.38788890215176,-313.26157793764605,-313.4734628429595,-313.95123690945866,-313.9745656252825,-313.9711831437943,-313.9753190967446,-313.9760894038064,-313.9791146013693,-313.9793000013765,-313.9793303061492,-313.9793506995535,-313.9793525965906,-313.97935281846975,-313.97935291351604,-313.97935291925836,-313.9793529209284,-313.9793529211114,-313.9793529211011,-313.97935292110094],"residuals":[588.5240869852007,630.6946815561859,209.2379832824009,218.10526531461156,89.8861594586707,100.324480837875,85.92829976994845,19.07158468112018,6.573707729681795,9.899381670782422,6.643735549349196,6.305245588510407,1.5602309097453213,0.7181726178541671,0.49386856517135536,0.05976958602698606,0.02411771142908549,0.03576423490561028,0.00856504727958061,0.0046763542895103755,0.0009828463704592018,0.0002555374427447665,0.0002013827363778535,0.00023389140950863538],"smearing":"DFTK.Smearing.Gaussian()","ndiag":[1,1,1,1,1,1,1,1,1,1,1,1,1,1,1,1,1,1,1,1,1,1,1,1],"fft_size":[50,50,50],"kwargs":"Base.Iterators.Pairs{Union{}, Union{}, Tuple{}, NamedTuple{(), Tuple{}}}()","n_kirred":280,"damping":"DFTK.FixedDamping(0.8)","type":"potmix"}