{"done":true,"kgrid":[13,13,13],"mixing":"KerkerMixing(0.8, 0.0)","temperature":0.01,"Ecut":45.0,"lattice":[[0.0,5.4065064425543286,5.4065064425543286],[5.4065064425543286,0.0,5.4065064425543286],[5.4065064425543286,5.4065064425543286,0.0]],"n_electr":49,"n_bands":59,"α":[0.2,0.2,0.2,0.2,0.2,0.2,0.2,0.2,0.2,0.2,0.2,0.2,0.2,0.2,0.2,0.2,0.2,0.2,0.2,0.2,0.2,0.2,0.2,0.2,0.2,0.2,0.2,0.2,0.2,0.2,0.2,0.2,0.2,0.2,0.2,0.2,0.2,0.2,0.2,0.2,0.2,0.2,0.2,0.2,0.2,0.2,0.2,0.2,0.2,0.2,0.2,0.2,0.2,0.2,0.2,0.2,0.2,0.2,0.2,0.2,0.2,0.2,0.2,0.2,0.2,0.2,0.2,0.2,0.2,0.2,0.2,0.2,0.2,0.2,0.2,0.2,0.2,0.2,0.2,0.2,0.2,0.2,0.2,0.2,0.2,0.2,0.2,0.2,0.2,0.2,0.2,0.2,0.2,0.2,0.2,0.2,0.2,0.2,0.2],"energies":[-277.5901529003325,-296.0601745062104,-305.4424999277371,-312.8020410724601,-313.7823946238385,-313.6405199877032,-313.86660856755316,-313.9503032481858,-313.9628588856142,-313.9690987907538,-313.97423889437675,-313.97748888603275,-313.97857846276565,-313.9790330399954,-313.97889741541184,-313.9791997790425,-313.9792816151471,-313.97930389495747,-313.9793301534398,-313.9793426690025,-313.97934540933227,-313.97935176711354,-313.9793524463182,-313.97935225514203,-313.9793509416976,-313.9793514845851,-313.97935238669254,-313.9793524406696,-313.97935233877456,-313.9793526477791,-313.9793527201745,-313.9793527722594,-313.979352795579,-313.979352820394,-313.9793528066285,-313.97935279911803,-313.9793528239166,-313.97935283383816,-313.9793528442714,-313.9793528546752,-313.97935284303986,-313.9793528548495,-313.97935286844387,-313.97935286877293,-313.979352873214,-313.97935287500417,-313.97935287200545,-313.9793528759888,-313.9793528798005,-313.9793528786482,-313.9793528911873,-313.97935289616885,-313.9793528967655,-313.9793528968586,-313.97935290039,-313.9793528998441,-313.9793529024005,-313.97935290190884,-313.9793529026279,-313.97935290187695,-313.9793529012087,-313.97935290160007,-313.97935290474646,-313.9793529052481,-313.9793529058322,-313.9793529054715,-313.9793529043311,-313.9793528973861,-313.9793529079532,-313.97935290782993,-313.97935290726423,-313.9793529062078,-313.97935290692146,-313.97935290829037,-313.9793529064602,-313.9793529089097,-313.97935290921885,-313.97935291113066,-313.97935290936056,-313.9793529088391,-313.9793529099652,-313.97935291046815,-313.97935290996514,-313.97935291190925,-313.9793529110596,-313.9793529119336,-313.9793529098691,-313.97935291157154,-313.97935291265316,-313.97935291336177,-313.9793529130691,-313.979352909446,-313.979352910255,-313.9793529008219,-313.97935291130926,-313.97935291152925,-313.9793529105128,-313.97935291284216,-313.9793529122783],"residuals":[588.5240869852013,421.8324342331435,342.19218437672157,148.75418981918844,66.26067344663099,74.85041413578331,35.037182378515304,13.373586412914449,6.5233291915964235,7.852579906850737,3.1114092339007593,1.61996635207045,2.9260670810003684,1.27238174008015,2.3457207977649284,1.1281903412824847,0.47792344579846036,0.2780153411771594,0.3318878110437796,0.2252680742782562,0.27106823280186376,0.03618825696693303,0.042358944613336266,0.058917001072800165,0.026919225465046794,0.03920284117740659,0.005011835253730901,0.017681760219124276,0.01443653576763376,0.008871587471335656,0.009887758622761166,0.008666176855151945,0.007413371612200955,0.006736984674533968,0.008759539897265883,0.010644512654492561,0.011585812835440502,0.00913613119429445,0.008460247302422846,0.0036106841385668887,0.01327898138112733,0.006509301535422146,0.007463052202888497,0.004457836533715573,0.002396032535628472,0.0006724018019871758,0.002858683648613872,0.0027328849547330345,0.0018733580784047253,0.00041003116520614254,0.0018432831350836069,0.0025835729055430088,0.004331148265752117,0.002730841689161736,0.005011507327976341,0.004757594699726742,0.005085544691836778,0.004456700300345266,0.004038085417390128,0.004335014329972854,0.004235874964286461,0.003916137728495316,0.0027351954786080583,0.00282332451827095,0.0024493942504580654,0.003027966558615231,0.004155096432614997,0.007509519163334163,0.0023620304618966687,0.0024844863889791086,0.0026599181965679826,0.003552668186140303,0.0048155921017106855,0.005090698408745485,0.006742887800016062,0.005739033009964319,0.0019638412143085896,0.002940430734216796,0.0016775663884936985,0.0018287858932030919,0.00262586765610544,0.0015368429650473886,0.0045514870192404225,0.0024908278141964196,0.0025169071630996554,0.0014234595921736775,0.0026110798415678866,0.0038148171568091367,0.0009356984951455604,0.0021400449870084535,0.003484847292311898,0.006179221072100479,0.003455430744817731,0.005487831503599843,0.003158915175574507,0.0035911676028891654,0.00509996126133465,0.0037982426774714113,0.004187946416658405],"smearing":"DFTK.Smearing.Gaussian()","ndiag":[1,1,1,1,1,1,1,1,1,1,1,1,1,1,1,1,1,1,1,1,1,1,1,1,1,1,1,1,1,1,1,1,1,1,1,1,1,1,1,1,1,1,1,1,1,1,1,1,1,1,1,1,1,1,1,1,1,1,1,1,1,1,1,1,1,1,1,1,1,1,1,1,1,1,1,1,1,1,1,1,1,1,1,1,1,1,1,1,1,1,1,1,1,1,1,1,1,1,1],"fft_size":[50,50,50],"kwargs":"Base.Iterators.Pairs{Union{}, Union{}, Tuple{}, NamedTuple{(), Tuple{}}}()","n_kirred":280,"damping":"DFTK.FixedDamping(0.2)","type":"potmix"}