{"done":true,"kgrid":[13,13,13],"mixing":"KerkerMixing(0.8, 0.0)","temperature":0.01,"Ecut":45.0,"lattice":[[0.0,5.4065064425543286,5.4065064425543286],[5.4065064425543286,0.0,5.4065064425543286],[5.4065064425543286,5.4065064425543286,0.0]],"n_electr":49,"n_bands":59,"α":[0.7,0.7,0.7,0.7,0.7,0.7,0.7,0.7,0.7,0.7,0.7,0.7,0.7,0.7,0.7,0.7,0.7,0.7,0.7,0.7,0.7,0.7,0.7],"energies":[-277.59015290033244,-295.8962475615678,-312.9929048387383,-313.1173907128566,-313.9219720867785,-313.0967924530717,-313.69649081451195,-313.954005928718,-313.97797033304863,-313.97871874044364,-313.9779494991104,-313.9792642906722,-313.9793484493593,-313.97934994657413,-313.9793521265779,-313.9793526366579,-313.979352823242,-313.979352916461,-313.979352920495,-313.9793529210677,-313.97935292109463,-313.9793529211177,-313.9793529211158],"residuals":[588.5240869852012,529.6292139799783,101.96442579848774,115.33986723369134,33.7042112397788,116.15195901113589,60.88125445493173,18.151474824833095,2.450707484965212,0.6295102690629458,4.079853538759883,0.8220655899054496,0.13091470053578438,0.16784806272018424,0.06459572058630099,0.04065147287490267,0.02847336780283105,0.0035362080940114465,0.0028034866186305743,0.0004266544748380445,0.0005649843859811365,2.403529338404259e-5,4.415764104376028e-5],"smearing":"DFTK.Smearing.Gaussian()","ndiag":[1,1,1,1,1,1,1,1,1,1,1,1,1,1,1,1,1,1,1,1,1,1,1],"fft_size":[50,50,50],"kwargs":"Base.Iterators.Pairs{Union{}, Union{}, Tuple{}, NamedTuple{(), Tuple{}}}()","n_kirred":280,"damping":"DFTK.FixedDamping(0.7)","type":"potmix"}