{"done":true,"kgrid":[13,13,13],"mixing":"KerkerMixing(0.8, 0.0)","temperature":0.01,"Ecut":45.0,"lattice":[[0.0,5.4065064425543286,5.4065064425543286],[5.4065064425543286,0.0,5.4065064425543286],[5.4065064425543286,5.4065064425543286,0.0]],"n_electr":49,"n_bands":59,"α":[0.5,0.5,0.5,0.5,0.5,0.5,0.5,0.5,0.5,0.5,0.5,0.5,0.5,0.5,0.5,0.5,0.5,0.5,0.5,0.5,0.5,0.5,0.5,0.5,0.5,0.5,0.5,0.5,0.5,0.5,0.5],"energies":[-277.5901529003325,-301.5241762674348,-306.06846376825416,-313.71051646113256,-313.71615623202877,-313.76056980389666,-313.5392854577453,-313.84104572580446,-313.95501647416756,-313.9771673120772,-313.977786933898,-313.9788561404496,-313.9792234288643,-313.9793311449406,-313.9793370871596,-313.9793486375303,-313.97935147404615,-313.9793527640296,-313.97935283978103,-313.9793529139998,-313.979352920229,-313.97935292083747,-313.97935292050937,-313.9793529178213,-313.97935291960215,-313.97935292072765,-313.97935292079825,-313.97935292087055,-313.97935292092103,-313.9793529209484,-313.9793529209449],"residuals":[588.5240869852007,424.6050761051114,360.0994933883382,61.23300693905477,59.92991164691308,58.06359853590921,76.32664518591493,43.64727611343811,17.614798371310094,2.3709812530971752,3.214071316940468,1.654394996366738,1.1419102033073592,0.2973279271909486,0.34129225724683676,0.17376332443483716,0.05667251393496282,0.028588260213616774,0.013004463995647992,0.007305041681502189,0.002524473054045481,0.0015766292778212033,0.001126279553151596,0.002467204444297416,0.0005865194431237921,0.000610024257928809,0.0004820761619253905,0.0003510089760380626,0.0006931257646393229,0.0005455426573316612,0.0001609166477867377],"smearing":"DFTK.Smearing.Gaussian()","ndiag":[1,1,1,1,1,1,1,1,1,1,1,1,1,1,1,1,1,1,1,1,1,1,1,1,1,1,1,1,1,1,1],"fft_size":[50,50,50],"kwargs":"Base.Iterators.Pairs{Union{}, Union{}, Tuple{}, NamedTuple{(), Tuple{}}}()","n_kirred":280,"damping":"DFTK.FixedDamping(0.5)","type":"potmix"}