{"done":true,"kgrid":[7,7,4],"mixing":"KerkerMixing(0.8, 0.0)","temperature":0.001,"Ecut":20.0,"lattice":[[7.653390804734369,0.0,0.0],[0.0,7.653390804734369,0.0],[0.0,0.0,15.306781609468738]],"n_electr":24,"n_bands":16,"α":[0.8,0.8,1.0,1.0,1.0,1.0,1.0,1.0,1.0,1.0,1.0,1.0,1.0,1.0,1.0,1.0,1.0,1.0,1.0,1.0],"energies":[-16.198414991638394,-16.559160530704187,-16.586532416231222,-16.588260663676717,-16.588637626070874,-16.58875419915745,-16.588788663231902,-16.58879908542352,-16.588802215346647,-16.588803157957994,-16.588803441297767,-16.588803526628205,-16.58880355228536,-16.588803560012202,-16.58880356233609,-16.588803563036013,-16.588803563246536,-16.588803563309924,-16.58880356332898,-16.588803563334725],"residuals":[304.658002786716,62.144861078465354,3.512872706172138,1.747140614859507,0.971446564578296,0.5296002884757801,0.29106111388652395,0.15953500181375563,0.08754209204522469,0.04800138349447687,0.02634005751361036,0.01444482919139675,0.007926502558987962,0.004347314068399238,0.0023856321779291397,0.0013084110527978503,0.0007178844371594485,0.0003937150994340519,0.00021604383680416542,0.00011850668140928844],"smearing":"DFTK.Smearing.Gaussian()","ndiag":[1,1,1,1,1,1,1,1,1,1,1,1,1,1,1,1,1,1,1,1],"fft_size":[25,25,50],"kwargs":"Base.Iterators.Pairs{Symbol, DFTK.AndersonAcceleration, Tuple{Symbol}, NamedTuple{(:acceleration,), Tuple{DFTK.AndersonAcceleration}}}(:acceleration => DFTK.AndersonAcceleration(0, Any[], Any[], 1.0e6))","n_kirred":196,"damping":"DFTK.AdaptiveDamping(0.1, 1.0, 0.8, 0.4, 1.1, 0.1)","type":"potmix"}