{"done":true,"kgrid":[7,7,4],"mixing":"KerkerMixing(0.8, 0.0)","temperature":0.001,"Ecut":20.0,"lattice":[[7.653390804734369,0.0,0.0],[0.0,7.653390804734369,0.0],[0.0,0.0,15.306781609468738]],"n_electr":24,"n_bands":16,"α":[0.8,0.8,1.0,1.0,1.0,1.0,1.0,1.0,1.0,1.0,1.0,1.0,1.0,1.0,1.0,1.0,1.0,1.0,1.0,1.0],"energies":[-16.198414991638398,-16.559160590713322,-16.586532432594495,-16.588260659864964,-16.588637635527505,-16.588754207737175,-16.588788665887403,-16.588799085770837,-16.588802215350775,-16.588803157978443,-16.588803441299113,-16.5888035266228,-16.588803552283085,-16.588803560011577,-16.5888035623359,-16.588803563035952,-16.588803563246525,-16.588803563309916,-16.588803563328984,-16.588803563334725],"residuals":[304.65800278671594,62.14485955072686,3.512857601560072,1.7471461158938173,0.9714236162984645,0.5295550468081831,0.29103461559719646,0.15952799084441463,0.08754202755108602,0.048000216226492726,0.02633979723582954,0.014445839332039231,0.007927329336847198,0.0043477268502443555,0.0023858581150810647,0.0013085541955984241,0.0007179673032992516,0.0003937395991459281,0.00021605359409649502,0.00011851159765391708],"smearing":"DFTK.Smearing.Gaussian()","ndiag":[1,1,1,1,1,1,1,1,1,1,1,1,1,1,1,1,1,1,1,1],"fft_size":[25,25,50],"kwargs":"Base.Iterators.Pairs{Symbol, DFTK.AndersonAcceleration, Tuple{Symbol}, NamedTuple{(:acceleration,), Tuple{DFTK.AndersonAcceleration}}}(:acceleration => DFTK.AndersonAcceleration(0, Any[], Any[], 1.0e6))","n_kirred":196,"damping":"DFTK.AdaptiveDamping(0.15, 1.0, 0.8, 0.6, 1.1, 0.1)","type":"potmix"}