{"done":true,"kgrid":[7,7,4],"mixing":"KerkerMixing(0.8, 0.0)","temperature":0.001,"Ecut":20.0,"lattice":[[7.653390804734369,0.0,0.0],[0.0,7.653390804734369,0.0],[0.0,0.0,15.306781609468738]],"n_electr":24,"n_bands":16,"α":[0.8,0.8,1.0,1.0,1.0,1.0,1.0,1.0,1.0,1.0,1.0,1.0,1.0,1.0,1.0,1.0,1.0,1.0,1.0,1.0],"energies":[-16.198414991638394,-16.559160520740793,-16.586532396375098,-16.588260664333852,-16.588637638692813,-16.58875420783051,-16.58878866708107,-16.58879908668192,-16.58880221567755,-16.588803158065062,-16.588803441327872,-16.588803526634162,-16.58880355228678,-16.588803560012607,-16.588803562336217,-16.588803563036038,-16.58880356324654,-16.58880356330992,-16.588803563328984,-16.588803563334725],"residuals":[304.658002786716,62.144861421752424,3.512886533692698,1.7471422772927763,0.9714138918956762,0.5295552710130015,0.29102410442830107,0.1595122527813311,0.08753126297722479,0.047995087611228136,0.0263367274117323,0.014443644290293413,0.00792598382592807,0.004347052294628818,0.0023854806972861222,0.001308366195723975,0.0007178876985433593,0.0003937173317288591,0.00021603975207908337,0.00011850562811043797],"smearing":"DFTK.Smearing.Gaussian()","ndiag":[1,1,1,1,1,1,1,1,1,1,1,1,1,1,1,1,1,1,1,1],"fft_size":[25,25,50],"kwargs":"Base.Iterators.Pairs{Symbol, DFTK.AndersonAcceleration, Tuple{Symbol}, NamedTuple{(:acceleration,), Tuple{DFTK.AndersonAcceleration}}}(:acceleration => DFTK.AndersonAcceleration(0, Any[], Any[], 1.0e6))","n_kirred":196,"damping":"DFTK.AdaptiveDamping(0.05, 1.0, 0.8, 0.2, 1.1, 0.1)","type":"potmix"}