{"done":true,"kgrid":[7,7,4],"mixing":"KerkerMixing(0.8, 0.0)","temperature":0.001,"Ecut":20.0,"lattice":[[7.653390804734369,0.0,0.0],[0.0,7.653390804734369,0.0],[0.0,0.0,15.306781609468738]],"n_electr":24,"n_bands":16,"α":[0.8,0.8,1.0,1.0,1.0,1.0,1.0,1.0,1.0,1.0,1.0,1.0,1.0,1.0,1.0,1.0,1.0,1.0,1.0,1.0],"energies":[-16.198414991638398,-16.55916059590041,-16.5865324328026,-16.588260670079084,-16.588637641745667,-16.588754208473794,-16.58878866656754,-16.588799086223393,-16.588802215520904,-16.58880315800796,-16.588803441311676,-16.588803526631306,-16.588803552286407,-16.588803560012437,-16.588803562336107,-16.588803563036038,-16.588803563246547,-16.588803563309927,-16.588803563328987,-16.58880356333472],"residuals":[304.65800278671594,62.14485903209274,3.5128567512689473,1.747133470974503,0.9714045745197508,0.5295512491817507,0.2910285392485525,0.1595202294698714,0.08753634775652742,0.04799842464171347,0.026338533125286476,0.014444210353789445,0.007926133818599034,0.004347147353427544,0.0023856130830782448,0.001308365314651365,0.0007178657667214784,0.0003937168910745463,0.00021602681905367552,0.00011849234927238336],"smearing":"DFTK.Smearing.Gaussian()","ndiag":[1,1,1,1,1,1,1,1,1,1,1,1,1,1,1,1,1,1,1,1],"fft_size":[25,25,50],"kwargs":"Base.Iterators.Pairs{Symbol, DFTK.AndersonAcceleration, Tuple{Symbol}, NamedTuple{(:acceleration,), Tuple{DFTK.AndersonAcceleration}}}(:acceleration => DFTK.AndersonAcceleration(0, Any[], Any[], 1.0e6))","n_kirred":196,"damping":"DFTK.AdaptiveDamping(0.125, 1.0, 0.8, 0.5, 1.1, 0.1)","type":"potmix"}