{"done":true,"kgrid":[7,7,4],"mixing":"KerkerMixing(0.8, 0.0)","temperature":0.001,"Ecut":20.0,"lattice":[[7.653390804734369,0.0,0.0],[0.0,7.653390804734369,0.0],[0.0,0.0,15.306781609468738]],"n_electr":24,"n_bands":16,"α":[0.8,0.8,1.0,1.0,1.0,1.0,1.0,1.0,1.0,1.0,1.0,1.0,1.0,1.0,1.0,1.0,1.0,1.0,1.0,1.0],"energies":[-16.198414991638394,-16.55916055000181,-16.586532455285592,-16.588260672966076,-16.588637642693772,-16.58875421366427,-16.588788668364412,-16.588799086490095,-16.588802215447636,-16.588803157992437,-16.588803441307682,-16.58880352662579,-16.588803552284055,-16.58880356001176,-16.58880356233598,-16.588803563036002,-16.58880356324654,-16.588803563309927,-16.588803563328984,-16.588803563334725],"residuals":[304.65800278671594,62.14485982628145,3.512840101125942,1.7471228588240784,0.9714064179508978,0.529524016148317,0.29101081978465243,0.15951485291035186,0.0875385971049817,0.047999460925413094,0.026338873109237687,0.014445261646894351,0.007926968582693443,0.004347603001174916,0.0023857687378985833,0.001308436877580684,0.0007178800961525691,0.00039369112199614495,0.00021601730798936886,0.00011848631269750641],"smearing":"DFTK.Smearing.Gaussian()","ndiag":[1,1,1,1,1,1,1,1,1,1,1,1,1,1,1,1,1,1,1,1],"fft_size":[25,25,50],"kwargs":"Base.Iterators.Pairs{Symbol, DFTK.AndersonAcceleration, Tuple{Symbol}, NamedTuple{(:acceleration,), Tuple{DFTK.AndersonAcceleration}}}(:acceleration => DFTK.AndersonAcceleration(0, Any[], Any[], 1.0e6))","n_kirred":196,"damping":"DFTK.AdaptiveDamping(0.175, 1.0, 0.8, 0.7, 1.1, 0.1)","type":"potmix"}