{"done":true,"kgrid":[7,7,4],"mixing":"KerkerMixing(0.8, 0.0)","temperature":0.001,"Ecut":20.0,"lattice":[[7.653390804734369,0.0,0.0],[0.0,7.653390804734369,0.0],[0.0,0.0,15.306781609468738]],"n_electr":24,"n_bands":16,"α":[0.8,0.8,1.0,1.0,1.0,1.0,1.0,1.0,1.0,1.0,1.0,1.0,1.0,1.0,1.0,1.0,1.0,1.0,1.0,1.0],"energies":[-16.198414991638394,-16.559160517431778,-16.586532374941303,-16.588260628890083,-16.588637616703725,-16.588754200396227,-16.5887886646391,-16.588799085735847,-16.588802215304998,-16.588803157921916,-16.58880344127769,-16.588803526618186,-16.588803552281753,-16.588803560011012,-16.588803562335695,-16.588803563035892,-16.5888035632465,-16.588803563309913,-16.588803563328977,-16.58880356333472],"residuals":[304.658002786716,62.14486152164508,3.512902997717169,1.7471952717027308,0.9714762708163485,0.529594853843854,0.29104790473794623,0.15952876193723156,0.08754318875632285,0.04800341212570448,0.0263421179247713,0.014446756918606368,0.007927795146611499,0.004348085402459333,0.0023861027624002364,0.0013086747689313877,0.0007180344445316891,0.00039380565323128786,0.0002160960111109712,0.00011853163636318049],"smearing":"DFTK.Smearing.Gaussian()","ndiag":[1,1,1,1,1,1,1,1,1,1,1,1,1,1,1,1,1,1,1,1],"fft_size":[25,25,50],"kwargs":"Base.Iterators.Pairs{Symbol, DFTK.AndersonAcceleration, Tuple{Symbol}, NamedTuple{(:acceleration,), Tuple{DFTK.AndersonAcceleration}}}(:acceleration => DFTK.AndersonAcceleration(0, Any[], Any[], 1.0e6))","n_kirred":196,"damping":"DFTK.AdaptiveDamping(0.075, 1.0, 0.8, 0.3, 1.1, 0.1)","type":"potmix"}