{"done":true,"kgrid":[7,7,4],"mixing":"KerkerMixing(0.8, 0.0)","temperature":0.001,"Ecut":20.0,"lattice":[[7.653390804734369,0.0,0.0],[0.0,7.653390804734369,0.0],[0.0,0.0,15.306781609468738]],"n_electr":24,"n_bands":16,"α":[0.8,0.8,1.0,1.0,1.0,1.0,1.0,1.0,1.0,1.0,1.0,1.0,1.0,1.0,1.0,1.0,1.0,1.0,1.0,1.0],"energies":[-16.19841499163841,-16.559160618643084,-16.586532453837787,-16.58826064594532,-16.588637626015846,-16.588754206045483,-16.588788666059777,-16.588799086145066,-16.588802215570738,-16.58880315806101,-16.58880344131806,-16.588803526627917,-16.588803552284368,-16.588803560011645,-16.58880356233582,-16.588803563035917,-16.588803563246508,-16.58880356330991,-16.58880356332898,-16.58880356333472],"residuals":[304.6580027867158,62.144857695480766,3.5128366727323304,1.7471660325011544,0.971452667701397,0.529564470885751,0.2910337742811028,0.15952158364803337,0.0875351263519574,0.047995235067124754,0.02633772980255326,0.01444484229967722,0.007926857822835212,0.004347663534282088,0.00238594735169615,0.0013086160700787515,0.0007180176126154983,0.0003937927168532037,0.0002160846780465176,0.00011853273489196875],"smearing":"DFTK.Smearing.Gaussian()","ndiag":[1,1,1,1,1,1,1,1,1,1,1,1,1,1,1,1,1,1,1,1],"fft_size":[25,25,50],"kwargs":"Base.Iterators.Pairs{Symbol, DFTK.AndersonAcceleration, Tuple{Symbol}, NamedTuple{(:acceleration,), Tuple{DFTK.AndersonAcceleration}}}(:acceleration => DFTK.AndersonAcceleration(0, Any[], Any[], 1.0e6))","n_kirred":196,"damping":"DFTK.AdaptiveDamping(0.2, 1.0, 0.8, 0.8, 1.1, 0.1)","type":"potmix"}