{"done":true,"kgrid":[7,7,4],"mixing":"KerkerMixing(0.8, 0.0)","temperature":0.001,"Ecut":20.0,"lattice":[[7.653390804734369,0.0,0.0],[0.0,7.653390804734369,0.0],[0.0,0.0,15.306781609468738]],"n_electr":24,"n_bands":16,"α":[0.9,0.9,1.0218037547969927,1.0218037547969927,1.0218037547969927,1.0218037547969927,1.0218037547969927,1.0218037547969927,1.0218037547969927,1.0218037547969927,1.0218037547969927,1.0218037547969927,1.0218037547969927,1.0218037547969927,1.0218037547969927,1.0218037547969927,1.0218037547969927,1.0218037547969927,1.0218037547969927,1.0218037547969927,1.0218037547969927,1.0218037547969927],"energies":[-16.198414991638394,-16.56590337961955,-16.584330339309442,-16.58739427600724,-16.588321460870947,-16.588640827704968,-16.58874834006174,-16.58878484694018,-16.588797216963812,-16.588801411905344,-16.588802833758614,-16.5888033160356,-16.58880347945995,-16.588803534900023,-16.588803553689754,-16.58880356006611,-16.588803562227355,-16.58880356296088,-16.588803563209563,-16.588803563293922,-16.588803563322514,-16.588803563332217],"residuals":[304.65800278671594,32.715778919787866,5.054476992143169,2.8268762790983173,1.655752593967466,0.9617667497519586,0.5603069993598917,0.32617728286392417,0.189946900995688,0.11058517942357837,0.06440393793201045,0.037492503714793485,0.0218369908981185,0.012713777620490111,0.0074058197834248034,0.004312004686674092,0.0025118576171074903,0.001462560971689402,0.0008518213787481465,0.0004959481591642758,0.0002888651098365188,0.00016820651051269384],"smearing":"DFTK.Smearing.Gaussian()","ndiag":[1,1,1,1,1,1,1,1,1,1,1,1,1,1,1,1,1,1,1,1,1,1],"fft_size":[25,25,50],"kwargs":"Base.Iterators.Pairs{Symbol, DFTK.AndersonAcceleration, Tuple{Symbol}, NamedTuple{(:acceleration,), Tuple{DFTK.AndersonAcceleration}}}(:acceleration => DFTK.AndersonAcceleration(0, Any[], Any[], 1.0e6))","n_kirred":196,"damping":"DFTK.AdaptiveDamping(0.225, 1.125, 0.9, 0.9, 1.1, 0.1)","type":"potmix"}