{"done":true,"kgrid":[7,7,4],"mixing":"KerkerMixing(0.8, 0.0)","temperature":0.001,"Ecut":20.0,"lattice":[[7.653390804734369,0.0,0.0],[0.0,7.653390804734369,0.0],[0.0,0.0,15.306781609468738]],"n_electr":24,"n_bands":16,"α":[0.1,0.1,0.1,0.1,0.1,0.1,0.1,0.1,0.1,0.1,0.1,0.1,0.1,0.1,0.1,0.1,0.1,0.1,0.1,0.1,0.1,0.1,0.1,0.1,0.1,0.1,0.1,0.1,0.1,0.1,0.1,0.1,0.1,0.1,0.1,0.1,0.1,0.1,0.1,0.1,0.1,0.1,0.1,0.1,0.1,0.1,0.1,0.1,0.1,0.1,0.1,0.1,0.1,0.1,0.1,0.1,0.1,0.1,0.1,0.1,0.1,0.1,0.1,0.1,0.1,0.1,0.1,0.1,0.1,0.1,0.1,0.1,0.1,0.1,0.1,0.1,0.1,0.1,0.1,0.1,0.1,0.1,0.1,0.1,0.1,0.1,0.1,0.1,0.1,0.1,0.1,0.1,0.1,0.1,0.1,0.1,0.1,0.1,0.1],"energies":[-16.19841499163841,-16.27454671341294,-16.335824857931236,-16.38427237558073,-16.422911679984836,-16.453965629814082,-16.47873063649729,-16.498621772356135,-16.514797661460594,-16.52801097091857,-16.53882117839526,-16.54767632598553,-16.554938400366023,-16.56090034696676,-16.565799685283455,-16.569829180741433,-16.573145772168193,-16.57587733141347,-16.578128380460555,-16.579984385240916,-16.58151536927573,-16.582778771401507,-16.58382176165158,-16.584683091152122,-16.58539464494077,-16.585982639876864,-16.586468672122923,-16.586870531039388,-16.587202882032646,-16.587477814936257,-16.58770530168094,-16.587893573877178,-16.588049425839632,-16.588178467867888,-16.588285333521668,-16.588373851478188,-16.588447186567898,-16.588507953910053,-16.58855831715465,-16.588600065178927,-16.58863467815489,-16.588663380328004,-16.588687185432608,-16.58870693242212,-16.588723315804227,-16.58873691088264,-16.58874819402883,-16.58875755997259,-16.588765335698195,-16.58877179228446,-16.58877715436294,-16.58878160815378,-16.588785308129495,-16.58878838230576,-16.588790936939496,-16.58879306017006,-16.588794825108142,-16.588796292422323,-16.588797512487467,-16.58879852711091,-16.588799371021967,-16.588800073032857,-16.588800657094133,-16.588801143092507,-16.588801547547934,-16.58880188418919,-16.588802164424134,-16.588802397737506,-16.5888025920111,-16.58880275380029,-16.588802888554046,-16.588803000805,-16.588803094323513,-16.588803172245786,-16.588803237181704,-16.588803291302444,-16.58880333641469,-16.58880337402275,-16.58880340537903,-16.588803431526006,-16.588803453331924,-16.588803471519796,-16.58880348669162,-16.588803499349066,-16.588803509910143,-16.58880351872312,-16.588803526078195,-16.58880353221728,-16.588803537341978,-16.588803541620397,-16.588803545192693,-16.58880354817575,-16.588803550667038,-16.588803552747866,-16.58880355448603,-16.588803555938135,-16.58880355715138,-16.588803558165157,-16.588803559012362],"residuals":[304.6580027867159,274.2693018177696,246.90866171741683,222.28319007344587,200.1188511247311,180.1697007177509,162.21433462202202,146.05048141058202,131.49793859419347,118.39588087378314,106.59968565475867,95.97916254161966,86.41710614136755,77.80800060369143,70.05684954601604,63.078129299577824,56.79484252580768,51.13766985070614,46.04420210823954,41.45825323757953,37.32923866639317,33.6116172902835,30.264387895020764,27.250636316329274,24.537128764363537,22.093943926499385,19.894142882947804,17.91347227326458,16.13009612479279,14.524354970364529,13.078548667563691,11.776741344859854,10.604585346503095,9.549163008249685,8.59884411705719,7.743157464693873,6.972675380647652,6.27890982021464,5.6542184744512065,5.091720670903305,4.585221335503266,4.129142793898846,3.718463050709415,3.3486605205732634,3.0156641766375976,2.7158085852103584,2.4457935136599946,2.202647497849873,1.9836951069846036,1.7865274321425537,1.608975554564843,1.4490865601247147,1.3051020877118384,1.1754389379176582,1.0586715591835336,0.9535163900189667,0.858817710926207,0.7735348893394055,0.6967309157625735,0.6275620732879705,0.5652686918462863,0.5091666990143389,0.45864015885886494,0.41313443578507003,0.3721501100546813,0.3352374782030364,0.30199159932721614,0.27204783282792794,0.24507783664416358,0.22078592926326499,0.19890586911440622,0.17919790376651754,0.1614461221180741,0.1454561141884876,0.13105279488745059,0.11807850307348029,0.10639125414661173,0.09586319076695286,0.08637916636149547,0.0778354857135982,0.07013876737287668,0.0632049107806412,0.05695817717333315,0.05133035742165515,0.046260018644105,0.04169183740707881,0.037575986783463314,0.03386758874652588,0.03052622766988397,0.02751550058070251,0.02480261902714899,0.022358053726306195,0.020155207440541664,0.018170121403216437,0.01638121884995615,0.014769062028485845,0.013316143647305588,0.012006693679100186,0.01082650657242881],"smearing":"DFTK.Smearing.Gaussian()","ndiag":[1,1,1,1,1,1,1,1,1,1,1,1,1,1,1,1,1,1,1,1,1,1,1,1,1,1,1,1,1,1,1,1,1,1,1,1,1,1,1,1,1,1,1,1,1,1,1,1,1,1,1,1,1,1,1,1,1,1,1,1,1,1,1,1,1,1,1,1,1,1,1,1,1,1,1,1,1,1,1,1,1,1,1,1,1,1,1,1,1,1,1,1,1,1,1,1,1,1,1],"fft_size":[25,25,50],"kwargs":"Base.Iterators.Pairs{Symbol, DFTK.AndersonAcceleration, Tuple{Symbol}, NamedTuple{(:acceleration,), Tuple{DFTK.AndersonAcceleration}}}(:acceleration => DFTK.AndersonAcceleration(0, Any[], Any[], 1.0e6))","n_kirred":196,"damping":"DFTK.FixedDamping(0.1)","type":"potmix"}