{"done":true,"kgrid":[7,7,4],"mixing":"KerkerMixing(0.8, 0.0)","temperature":0.001,"Ecut":20.0,"lattice":[[7.653390804734369,0.0,0.0],[0.0,7.653390804734369,0.0],[0.0,0.0,15.306781609468738]],"n_electr":24,"n_bands":16,"α":[0.4,0.4,0.4,0.4,0.4,0.4,0.4,0.4,0.4,0.4,0.4,0.4,0.4,0.4,0.4,0.4,0.4,0.4,0.4,0.4,0.4,0.4,0.4,0.4,0.4,0.4,0.4,0.4,0.4,0.4],"energies":[-16.198414991638394,-16.450468599719525,-16.534577346854142,-16.56703696601855,-16.57997102020008,-16.585193638884835,-16.58731903301382,-16.588189682887318,-16.588548393962146,-16.588696983638243,-16.588758837431875,-16.588784710077146,-16.58879558219417,-16.588800171045076,-16.58880211585148,-16.58880294340428,-16.588803296900267,-16.588803448442018,-16.588803513632836,-16.58880354177127,-16.588803553953944,-16.588803559243754,-16.58880356154697,-16.588803562552457,-16.58880356299246,-16.588803563185447,-16.588803563270268,-16.588803563307625,-16.58880356332411,-16.58880356333139],"residuals":[304.65800278671594,183.11671370631134,110.14814664549328,66.26402731041983,39.868852408439835,23.99164579307884,14.440235105137207,8.693521402311832,5.235349650016303,3.153899571932333,1.9007710603607673,1.1461027395370222,0.6914604102364464,0.4174513174507749,0.2522272734776041,0.15254153767210366,0.09235676581262435,0.055991145883704345,0.03399686300138716,0.020679648759677042,0.012605566142196618,0.00770265062742239,0.0047199579487244665,0.002901528640071016,0.0017901347878693623,0.0011089005439914052,0.000689962389822061,0.00043135914501168135,0.0002710612914319658,0.00017124217522336666],"smearing":"DFTK.Smearing.Gaussian()","ndiag":[1,1,1,1,1,1,1,1,1,1,1,1,1,1,1,1,1,1,1,1,1,1,1,1,1,1,1,1,1,1],"fft_size":[25,25,50],"kwargs":"Base.Iterators.Pairs{Symbol, DFTK.AndersonAcceleration, Tuple{Symbol}, NamedTuple{(:acceleration,), Tuple{DFTK.AndersonAcceleration}}}(:acceleration => DFTK.AndersonAcceleration(0, Any[], Any[], 1.0e6))","n_kirred":196,"damping":"DFTK.FixedDamping(0.4)","type":"potmix"}