{"done":true,"kgrid":[7,7,4],"mixing":"KerkerMixing(0.8, 0.0)","temperature":0.001,"Ecut":20.0,"lattice":[[7.653390804734369,0.0,0.0],[0.0,7.653390804734369,0.0],[0.0,0.0,15.306781609468738]],"n_electr":24,"n_bands":16,"α":[0.6,0.6,0.6,0.6,0.6,0.6,0.6,0.6,0.6,0.6,0.6,0.6,0.6,0.6,0.6,0.6,0.6,0.6,0.6],"energies":[-16.198414991638394,-16.52142386564465,-16.57483975756997,-16.585835320761788,-16.588158746427407,-16.58866061625169,-16.58877127763272,-16.588796148910358,-16.58880183429643,-16.58880315469445,-16.588803465579737,-16.58880353970581,-16.588803557570746,-16.58880356191886,-16.588803562985866,-16.588803563249634,-16.58880356331526,-16.58880356333167,-16.588803563335798],"residuals":[304.65800278671594,122.46400605611588,49.2958256811508,19.856945085866304,8.008117820147516,3.2352174289862776,1.3102377791011561,0.5324954929834879,0.21748162790586287,0.08943864291315887,0.03713225743948104,0.015613857636606348,0.006673919212718254,0.0029102302687143973,0.0012980765760328438,0.0005929305482489847,0.0002771092978041269,0.000132186170027048,6.413141393160248e-5],"smearing":"DFTK.Smearing.Gaussian()","ndiag":[1,1,1,1,1,1,1,1,1,1,1,1,1,1,1,1,1,1,1],"fft_size":[25,25,50],"kwargs":"Base.Iterators.Pairs{Symbol, DFTK.AndersonAcceleration, Tuple{Symbol}, NamedTuple{(:acceleration,), Tuple{DFTK.AndersonAcceleration}}}(:acceleration => DFTK.AndersonAcceleration(0, Any[], Any[], 1.0e6))","n_kirred":196,"damping":"DFTK.FixedDamping(0.6)","type":"potmix"}