{"done":true,"kgrid":[7,7,4],"mixing":"KerkerMixing(0.8, 0.0)","temperature":0.001,"Ecut":20.0,"lattice":[[7.653390804734369,0.0,0.0],[0.0,7.653390804734369,0.0],[0.0,0.0,15.306781609468738]],"n_electr":24,"n_bands":16,"α":[0.2,0.2,0.2,0.2,0.2,0.2,0.2,0.2,0.2,0.2,0.2,0.2,0.2,0.2,0.2,0.2,0.2,0.2,0.2,0.2,0.2,0.2,0.2,0.2,0.2,0.2,0.2,0.2,0.2,0.2,0.2,0.2,0.2,0.2,0.2,0.2,0.2,0.2,0.2,0.2,0.2,0.2,0.2,0.2,0.2,0.2,0.2,0.2,0.2,0.2,0.2,0.2,0.2,0.2,0.2,0.2,0.2,0.2,0.2,0.2,0.2,0.2],"energies":[-16.19841499163841,-16.342729567486394,-16.43116102150873,-16.486141189509446,-16.521093974288917,-16.54394113619077,-16.55897650521124,-16.56891940733084,-16.575520174467414,-16.57991471192561,-16.58284689228745,-16.584806791727612,-16.586118794174595,-16.58699822285551,-16.58758840079506,-16.58798488200351,-16.58825150711229,-16.588430978002137,-16.58855189393826,-16.588633430568994,-16.588688459746546,-16.588725630118162,-16.588750757215674,-16.5887677562485,-16.588779265442255,-16.588787063481107,-16.58879235102819,-16.58879593886666,-16.588798375135134,-16.588800030590875,-16.588801156245577,-16.588801922176305,-16.588802443686998,-16.588802798998035,-16.588803041238396,-16.588803206494887,-16.588803319301647,-16.588803396352045,-16.588803449010687,-16.588803485020197,-16.588803509658756,-16.588803526526625,-16.588803538080782,-16.588803545999525,-16.588803551429613,-16.588803555155057,-16.588803557712282,-16.588803559468495,-16.588803560675178,-16.588803561504676,-16.588803562075157,-16.588803562467668,-16.588803562737862,-16.58880356292393,-16.588803563052114,-16.58880356314047,-16.58880356320139,-16.58880356324341,-16.588803563272407,-16.58880356329242,-16.588803563306243,-16.58880356331579],"residuals":[304.6580027867158,243.87308678782833,195.23584445488015,156.32219173082729,125.17170054670187,100.23055338841964,80.2606239985259,64.27078397489956,51.46758419541784,41.21579125111348,33.006829438695945,26.433522514028578,21.16986788380749,16.9548522072972,13.579492619189057,10.876464254283643,8.711794871235108,6.978214744706578,5.589834378061913,4.477882539796255,3.5872930795582954,2.8739735984041967,2.302617870265846,1.844954574127601,1.4783450141527905,1.1846606634135712,0.9493841739064858,0.7608899954013196,0.6098678087611856,0.48886142225565365,0.391899232716295,0.31419857094853154,0.2519288523424751,0.20202186243948872,0.16202006829277094,0.12995486972509773,0.10424930972921427,0.08364009186711065,0.06711514383512976,0.05386362322083726,0.04323587616011228,0.03471134978226747,0.027872921024119236,0.02238632006403187,0.017983660517959642,0.014450227405767275,0.011613927541532088,0.009336803636086636,0.007508258921500274,0.0060396227501926,0.0048597952599311045,0.003911758932784796,0.0031497829948103177,0.002537189302201906,0.002044552008969768,0.0016482618722833489,0.0013293732131634069,0.0010726808667531177,0.0008659794104845489,0.0006994695272665719,0.0005652814439124258,0.0004570949733999299],"smearing":"DFTK.Smearing.Gaussian()","ndiag":[1,1,1,1,1,1,1,1,1,1,1,1,1,1,1,1,1,1,1,1,1,1,1,1,1,1,1,1,1,1,1,1,1,1,1,1,1,1,1,1,1,1,1,1,1,1,1,1,1,1,1,1,1,1,1,1,1,1,1,1,1,1],"fft_size":[25,25,50],"kwargs":"Base.Iterators.Pairs{Symbol, DFTK.AndersonAcceleration, Tuple{Symbol}, NamedTuple{(:acceleration,), Tuple{DFTK.AndersonAcceleration}}}(:acceleration => DFTK.AndersonAcceleration(0, Any[], Any[], 1.0e6))","n_kirred":196,"damping":"DFTK.FixedDamping(0.2)","type":"potmix"}