{"done":true,"kgrid":[7,7,4],"mixing":"KerkerMixing(0.8, 0.0)","temperature":0.001,"Ecut":20.0,"lattice":[[7.653390804734369,0.0,0.0],[0.0,7.653390804734369,0.0],[0.0,0.0,15.306781609468738]],"n_electr":24,"n_bands":16,"α":[0.7,0.7,0.7,0.7,0.7,0.7,0.7,0.7,0.7,0.7,0.7,0.7,0.7,0.7,0.7,0.7],"energies":[-16.19841499163841,-16.54435988351206,-16.58293231709246,-16.587972287455752,-16.588680302149264,-16.58878464178057,-16.588800568107725,-16.588803076900614,-16.58880348266478,-16.588803549721174,-16.588803561005353,-16.588803562933194,-16.588803563266513,-16.58880356332472,-16.588803563334977,-16.5888035633368],"residuals":[304.6580027867158,92.22009143488422,27.94906154266345,8.494206453524487,2.5936541642857476,0.7978476418350761,0.24846980457954898,0.07891059008386438,0.02581449418748493,0.00879405936999143,0.0031447069971898035,0.0011809698923723538,0.00046242709124186417,0.00018686893515099549,7.711797245186483e-5,3.226863024033408e-5],"smearing":"DFTK.Smearing.Gaussian()","ndiag":[1,1,1,1,1,1,1,1,1,1,1,1,1,1,1,1],"fft_size":[25,25,50],"kwargs":"Base.Iterators.Pairs{Symbol, DFTK.AndersonAcceleration, Tuple{Symbol}, NamedTuple{(:acceleration,), Tuple{DFTK.AndersonAcceleration}}}(:acceleration => DFTK.AndersonAcceleration(0, Any[], Any[], 1.0e6))","n_kirred":196,"damping":"DFTK.FixedDamping(0.7)","type":"potmix"}