{"done":true,"kgrid":[7,7,4],"mixing":"KerkerMixing(0.8, 0.0)","temperature":0.001,"Ecut":20.0,"lattice":[[7.653390804734369,0.0,0.0],[0.0,7.653390804734369,0.0],[0.0,0.0,15.306781609468738]],"n_electr":24,"n_bands":16,"α":[0.3,0.3,0.3,0.3,0.3,0.3,0.3,0.3,0.3,0.3,0.3,0.3,0.3,0.3,0.3,0.3,0.3,0.3,0.3,0.3,0.3,0.3,0.3,0.3,0.3,0.3,0.3,0.3,0.3,0.3,0.3,0.3,0.3,0.3,0.3,0.3,0.3,0.3,0.3,0.3,0.3],"energies":[-16.198414991638394,-16.401345749301047,-16.49410708334167,-16.539623977324908,-16.563020286054705,-16.575203644358155,-16.581599071222044,-16.58497399442147,-16.586761994249468,-16.58771232070721,-16.58821884395296,-16.58848952740787,-16.58863452313894,-16.588712374353435,-16.588754268546033,-16.588776861737237,-16.58878907173744,-16.588795683346348,-16.58879927056305,-16.588801220564676,-16.588802282559413,-16.588802861959596,-16.5888031786225,-16.588803351979106,-16.588803447041876,-16.588803499254546,-16.588803527975465,-16.588803543797074,-16.588803552525594,-16.588803557347408,-16.588803560014764,-16.588803561492135,-16.588803562311423,-16.588803562766298,-16.588803563019134,-16.58880356315982,-16.58880356323818,-16.58880356328187,-16.588803563306257,-16.588803563319875,-16.588803563327495],"residuals":[304.65800278671594,213.48493574663635,149.65808299523755,104.92931364673797,73.57263444996947,51.58933111933191,36.17684522099587,25.370694887547856,17.79382583783412,12.480915104562971,8.755255667889486,6.142455957570864,4.309948885286973,3.0245839188230756,2.1229016223563133,1.490297131333697,1.0464139958048928,0.7349062259189161,0.5162607428869835,0.36276671504356844,0.2549887783749672,0.1792939389915868,0.12611833950055082,0.08875203010971089,0.06248665333701153,0.044017897041188754,0.03102633737944181,0.02188365514428744,0.015446465420039482,0.010911717593493185,0.0077152411615444075,0.005460578859533188,0.0038690475967867156,0.002744678742831989,0.0019496179037287117,0.0013868444922699773,0.0009880472197628313,0.0007050998237075441,0.0005040786730967571,0.000361051619534348,0.00025912640688619947],"smearing":"DFTK.Smearing.Gaussian()","ndiag":[1,1,1,1,1,1,1,1,1,1,1,1,1,1,1,1,1,1,1,1,1,1,1,1,1,1,1,1,1,1,1,1,1,1,1,1,1,1,1,1,1],"fft_size":[25,25,50],"kwargs":"Base.Iterators.Pairs{Symbol, DFTK.AndersonAcceleration, Tuple{Symbol}, NamedTuple{(:acceleration,), Tuple{DFTK.AndersonAcceleration}}}(:acceleration => DFTK.AndersonAcceleration(0, Any[], Any[], 1.0e6))","n_kirred":196,"damping":"DFTK.FixedDamping(0.3)","type":"potmix"}