{"done":true,"kgrid":[7,7,4],"mixing":"KerkerMixing(0.8, 0.0)","temperature":0.001,"Ecut":20.0,"lattice":[[7.653390804734369,0.0,0.0],[0.0,7.653390804734369,0.0],[0.0,0.0,15.306781609468738]],"n_electr":24,"n_bands":16,"α":[1.0,1.0,1.0,1.0,1.0,1.0,1.0,1.0,1.0,1.0,1.0,1.0,1.0,1.0,1.0,1.0,1.0,1.0,1.0,1.0,1.0],"energies":[-16.1984149916384,-16.564625084439385,-16.5823049045325,-16.586939339846396,-16.58823858228835,-16.5886342867135,-16.58875258975741,-16.58878823302562,-16.588798950426973,-16.58880217561792,-16.588803145618993,-16.58880343769727,-16.58880352552468,-16.588803551964812,-16.588803559914375,-16.588803562307795,-16.58880356302735,-16.58880356324398,-16.588803563309135,-16.588803563328753,-16.588803563334654],"residuals":[304.658002786716,11.409862836822956,6.065342465018982,3.2523388569007445,1.792342923110411,0.9808965792572818,0.5383109094009542,0.2951973257770893,0.16193914432512457,0.08881241414315241,0.04873183143174694,0.026723018166987304,0.014661924464268375,0.00803992712391847,0.004411248231651557,0.0024189418163034007,0.001327190251495101,0.0007279176256283553,0.00039941246038300616,0.0002190654177278355,0.00012019782894340338],"smearing":"DFTK.Smearing.Gaussian()","ndiag":[1,1,1,1,1,1,1,1,1,1,1,1,1,1,1,1,1,1,1,1,1],"fft_size":[25,25,50],"kwargs":"Base.Iterators.Pairs{Symbol, DFTK.AndersonAcceleration, Tuple{Symbol}, NamedTuple{(:acceleration,), Tuple{DFTK.AndersonAcceleration}}}(:acceleration => DFTK.AndersonAcceleration(0, Any[], Any[], 1.0e6))","n_kirred":196,"damping":"DFTK.FixedDamping(1.0)","type":"potmix"}