{"done":true,"kgrid":[7,7,4],"mixing":"KerkerMixing(0.8, 0.0)","temperature":0.001,"Ecut":20.0,"lattice":[[7.653390804734369,0.0,0.0],[0.0,7.653390804734369,0.0],[0.0,0.0,15.306781609468738]],"n_electr":24,"n_bands":16,"α":[0.5,0.5,0.5,0.5,0.5,0.5,0.5,0.5,0.5,0.5,0.5,0.5,0.5,0.5,0.5,0.5,0.5,0.5,0.5,0.5,0.5,0.5,0.5],"energies":[-16.19841499163841,-16.490250443857462,-16.55990045720919,-16.580152036043682,-16.586180463964094,-16.587999185023815,-16.58855425351121,-16.588725526464096,-16.588778912632858,-16.588795708481587,-16.588801040124928,-16.588802746756656,-16.588803297203345,-16.58880347604806,-16.588803534536126,-16.588803553782807,-16.588803560152208,-16.588803562270687,-16.588803562978615,-16.588803563216196,-16.588803563296228,-16.58880356332328,-16.58880356333246],"residuals":[304.6580027867158,152.77445765870073,76.69522590082465,38.51050309390944,19.34404509406065,9.721596327474069,4.8889936478148135,2.460796328581356,1.239961843499255,0.6256729251468771,0.31626976518597766,0.1602315948859165,0.0814105115325166,0.041512690242475975,0.021263790842845454,0.010952603130684593,0.00567979163844119,0.00296911699407952,0.001566559281970001,0.0008351486621369164,0.00045021967926145326,0.00024553239632512763,0.0001354502062811383],"smearing":"DFTK.Smearing.Gaussian()","ndiag":[1,1,1,1,1,1,1,1,1,1,1,1,1,1,1,1,1,1,1,1,1,1,1],"fft_size":[25,25,50],"kwargs":"Base.Iterators.Pairs{Symbol, DFTK.AndersonAcceleration, Tuple{Symbol}, NamedTuple{(:acceleration,), Tuple{DFTK.AndersonAcceleration}}}(:acceleration => DFTK.AndersonAcceleration(0, Any[], Any[], 1.0e6))","n_kirred":196,"damping":"DFTK.FixedDamping(0.5)","type":"potmix"}