{"done":true,"kgrid":[13,13,13],"mixing":"KerkerMixing(0.8, 0.0)","temperature":0.01,"Ecut":45.0,"lattice":[[0.0,5.4065064425543286,5.4065064425543286],[5.4065064425543286,0.0,5.4065064425543286],[5.4065064425543286,5.4065064425543286,0.0]],"n_electr":49,"n_bands":59,"α":[0.8,0.8,0.8,0.5,0.5,0.5,0.9767939427909554,0.9767939427909554,1.0,1.0,1.0,1.0,0.2252758680445586,0.5,0.5,0.5,0.5,0.5162264696236959,0.5162264696236959,0.6867370818317828,1.0,1.0,1.0,1.0,1.0,1.0,1.0,1.0],"energies":[-277.69658915628014,-288.2479387229124,-310.3005353642729,-312.512062056095,-313.1948297006574,-313.81256990097097,-313.79629843144994,-313.9378714764249,-313.9420447097958,-313.9769349004739,-313.97744778265695,-313.9775062983297,-313.9776169732522,-313.9785527956228,-313.9792358548889,-313.97929637603994,-313.97935244504356,-313.9793524744251,-313.9793528869828,-313.9793529069796,-313.9793528442163,-313.9793528864251,-313.97935292093,-313.97935292101386,-313.9793529210491,-313.9793529210751,-313.9793529210888,-313.9793529210896],"residuals":[587.5959800689925,631.4474640955076,215.76694886990344,124.75132482867791,106.29575033891598,48.7793477735725,49.793908788721275,24.038587461065628,22.20454882470695,2.8388780016145927,1.3044047811091968,1.2407012676872116,1.4507873121180912,3.205232963522271,0.3288277129998312,0.5048931845693498,0.05771378927844673,0.06341182997482477,0.02206851469174568,0.012108720761446923,0.002825644030095234,0.0068529716072904595,0.000361196659487836,0.00042008992923156,0.0001961282135333489,0.00014475626015471806,0.00014118326626220368,0.0002005342270063662],"smearing":"DFTK.Smearing.Gaussian()","ndiag":[1,1,1,2,1,1,1,1,1,1,1,1,2,1,1,1,1,1,1,1,1,1,1,1,1,1,1,1],"fft_size":[50,50,50],"kwargs":"Base.Iterators.Pairs{Union{}, Union{}, Tuple{}, NamedTuple{(), Tuple{}}}()","n_kirred":168,"damping":"DFTK.AdaptiveDamping(0.125, 1.0, 0.8, 0.5, 1.1, 0.1)","type":"potmix"}