{"done":true,"kgrid":[13,13,13],"mixing":"KerkerMixing(0.8, 0.0)","temperature":0.01,"Ecut":45.0,"lattice":[[0.0,5.4065064425543286,5.4065064425543286],[5.4065064425543286,0.0,5.4065064425543286],[5.4065064425543286,5.4065064425543286,0.0]],"n_electr":49,"n_bands":59,"α":[0.8,0.8,0.8,0.5,0.5,0.5,0.9767943998223005,0.9767943998223005,1.0,1.0,1.0,1.0,0.22473153026733655,0.4,0.4,0.4,0.4,0.1463365441804376,0.4,0.2,0.1,0.4,0.4,0.4,0.4,0.4,0.4],"energies":[-277.6965891562799,-288.2479390891008,-310.3005349260182,-312.51206235036085,-313.19482992165473,-313.81256973234434,-313.79629788075687,-313.9378717519268,-313.9420445279176,-313.97693471833975,-313.9774477776729,-313.97750632132886,-313.97761657686505,-313.97857968531133,-313.9792162435952,-313.97934444761125,-313.97935278193046,-313.97935286255915,-313.9793528913846,-313.9793528544862,-313.9793527044406,-313.9793527183671,-313.9793529159756,-313.97935291870107,-313.97935292008583,-313.9793529205026,-313.97935292049493],"residuals":[587.5959800689941,631.4474620363272,215.76695805252487,124.75131584935211,106.29573472657704,48.77936615224795,49.79398013457082,24.038505206091212,22.204605296735004,2.8393362657893393,1.3044417181093297,1.2407144909463745,1.4495085890468058,3.158748930761257,0.27345527370915673,0.32642782101328216,0.03316847427867125,0.024364150766951646,0.02007223511030254,0.018906045911377834,0.011743875426474532,0.021560570434770446,0.002538865507047602,0.0020638388621948204,0.0005905098920658843,0.0007431976275165752,0.0005056088528132035],"smearing":"DFTK.Smearing.Gaussian()","ndiag":[1,1,1,2,1,1,1,1,1,1,1,1,2,1,1,1,1,2,1,2,3,1,1,1,1,1,1],"fft_size":[50,50,50],"kwargs":"Base.Iterators.Pairs{Union{}, Union{}, Tuple{}, NamedTuple{(), Tuple{}}}()","n_kirred":168,"damping":"DFTK.AdaptiveDamping(0.1, 1.0, 0.8, 0.4, 1.1, 0.1)","type":"potmix"}