{"done":true,"kgrid":[13,13,13],"mixing":"KerkerMixing(0.8, 0.0)","temperature":0.01,"Ecut":45.0,"lattice":[[0.0,5.4065064425543286,5.4065064425543286],[5.4065064425543286,0.0,5.4065064425543286],[5.4065064425543286,5.4065064425543286,0.0]],"n_electr":49,"n_bands":59,"α":[0.8,0.8,0.8,0.5,0.5,0.5,0.9767955160852674,0.9767955160852674,1.0,1.0,1.0,1.0,0.22609651848268283,0.22609651848268283,0.22609651848268283,0.22609651848268283,0.5667800940755853,0.3917774538504646,0.3917774538504646,0.3917774538504646,0.8450263247294176,0.8450263247294176,0.8450263247294176,0.8450263247294176,-0.8027750084929467,0.20069375212323667,0.05017343803080917,0.05,0.2,-0.95,-0.9025,-0.05,0.05,0.2,0.2,0.13684362246506607,0.05,0.2,0.2,0.2,0.05,0.2,0.2,0.2,0.2,0.1,0.05,0.05,0.2,0.2,0.05,0.05,0.2,0.2,0.2,0.2,0.1,0.2,0.05,0.2,0.2,0.2,0.2,0.2,0.2,0.2,0.05,0.2,0.2,0.2,0.05,0.2,0.05,0.2,0.1,0.2,0.2,-0.080789944205853,0.05,0.2,0.05,0.2,0.2,0.2,0.2,0.2,0.1,0.2,0.2,0.2,0.2,0.05,0.05,0.2,0.2,0.2,0.2,0.2,0.2],"energies":[-277.69658915627997,-288.24793862025376,-310.30053514127127,-312.51206225237223,-313.19482989534623,-313.8125691772842,-313.79629834198164,-313.9378716398578,-313.9420444104645,-313.9769348451622,-313.977447776516,-313.9775062456478,-313.9776175407533,-313.9786089829576,-313.979173982351,-313.9792166892757,-313.97928008544073,-313.97929667458897,-313.9792884415538,-313.979338253072,-313.97932744744577,-313.97933952293624,-313.9793498926163,-313.9793503585372,-313.97935076618455,-313.97935067573036,-313.97935058242706,-313.97935036237726,-313.9793509079594,-313.9793514903263,-313.9793521801242,-313.97935215653035,-313.9793520024495,-313.9793520469331,-313.9793521305482,-313.97935212778077,-313.97935211915626,-313.979352203525,-313.97935223948826,-313.9793522492615,-313.9793522467875,-313.9793522568205,-313.97935226586657,-313.97935225978136,-313.9793523678586,-313.97935234168256,-313.9793523238463,-313.97935230362583,-313.9793523498173,-313.97935252460013,-313.9793525099623,-313.9793524889798,-313.9793525168134,-313.979352646309,-313.9793522126208,-313.97935277897847,-313.97935278187606,-313.9793527703552,-313.97935276978654,-313.9793527737731,-313.9793528062297,-313.9793528214806,-313.9793528374326,-313.97935285377827,-313.97935285873234,-313.9793528603977,-313.9793528594072,-313.97935280700517,-313.97935280142616,-313.9793528320997,-313.97935283125787,-313.9793528435094,-313.9793528411162,-313.97935285395886,-313.9793528348444,-313.9793528552341,-313.9793528717638,-313.97935287818984,-313.97935287001843,-313.9793528435823,-313.9793528368792,-313.9793528164073,-313.97935283242214,-313.97935283238394,-313.97935283536873,-313.9793528952251,-313.9793528884623,-313.9793529028824,-313.97935290380946,-313.97935290670284,-313.9793529084981,-313.97935290782084,-313.97935290722455,-313.9793529096978,-313.97935290974954,-313.97935291100214,-313.9793529119192,-313.9793529143133,-313.9793529144134],"residuals":[587.5959800689935,631.4474634044783,215.76696009950527,124.7513131981532,106.29574212996026,48.77944566438407,49.793908871473576,24.038538778556255,22.2046452559241,2.8390205609556407,1.3044347010590824,1.2407890690949417,1.452411297831521,3.1050057340149713,0.2518208350656522,0.41225952080641237,0.7728851586193327,0.8918588687379178,0.7590130439352033,0.38319780004695164,0.0856817697745088,0.03535977701893674,0.037374030686740944,0.03207293421677706,0.02732635036181611,0.029599492888618593,0.030890505168061813,0.032321648973940235,0.02972895679793341,0.030875651600883052,0.041999356734814836,0.04412024950912434,0.03507819456366352,0.028051087210423667,0.022273089215308118,0.02520658538729614,0.02721361153220245,0.020443820096286893,0.010983708882849068,0.012454626878042128,0.009061331920131891,0.008937603744650772,0.0031423590717826466,0.003097231699918323,0.0016747649095809295,0.0008556294170864916,0.0013943863616116203,0.0015017008247541351,0.0012153556734063402,0.004828812076508633,0.00641227150870643,0.009777567255224337,0.013162573699359515,0.017934893370996897,0.0082504922347699,0.015870727557128674,0.016354896016678267,0.015045240020705593,0.015161040434511115,0.011029779378174726,0.016423720405006156,0.01351068342735947,0.013231941342930547,0.012784216420886675,0.016527593432081173,0.016410063056928017,0.018604290338988375,0.017444806188933668,0.016025792162535874,0.017889004404383502,0.01785532464996064,0.0155053558599867,0.015686244646347925,0.015806147635784345,0.015342557115405973,0.010579603601477692,0.005188646721678383,0.0012300271468164159,0.00321799613736324,0.0021209777247316567,0.0017386810149675551,0.0016510603148398584,0.0031201962094947154,0.0028802663300807603,0.0022560024761190465,0.002056148992862454,0.0010407900250311046,0.001207156407243402,0.002379212887397038,0.0024934376891407534,0.0037166422035626178,0.004330304246314355,0.004866547258740589,0.005653877317560692,0.003676669663088115,0.005135108276888559,0.005071082867331581,0.004261778575658917,0.0047446659788336985],"smearing":"DFTK.Smearing.Gaussian()","ndiag":[1,1,1,2,1,1,1,1,1,1,1,1,2,1,1,1,1,2,1,1,1,1,1,1,2,3,3,3,1,2,2,2,2,1,1,3,3,1,1,1,2,1,1,1,1,2,3,3,1,1,3,3,1,1,1,1,2,1,3,1,1,1,1,1,1,1,3,1,1,1,3,1,3,1,2,1,1,2,3,1,3,1,1,1,1,1,2,1,1,1,1,3,3,1,1,1,1,1,1],"fft_size":[50,50,50],"kwargs":"Base.Iterators.Pairs{Union{}, Union{}, Tuple{}, NamedTuple{(), Tuple{}}}()","n_kirred":168,"damping":"DFTK.AdaptiveDamping(0.05, 1.0, 0.8, 0.2, 1.1, 0.1)","type":"potmix"}