{"done":true,"kgrid":[13,13,13],"mixing":"KerkerMixing(0.8, 0.0)","temperature":0.01,"Ecut":45.0,"lattice":[[0.0,5.4065064425543286,5.4065064425543286],[5.4065064425543286,0.0,5.4065064425543286],[5.4065064425543286,5.4065064425543286,0.0]],"n_electr":49,"n_bands":59,"α":[0.8,0.8,0.8,0.5,0.5,0.5,0.9767939112844506,0.9767939112844506,1.0,1.0,1.0,1.0,0.22514569499610557,0.3,0.3,0.3,0.662218198684463,0.662218198684463,0.662218198684463,0.13605295108136534,0.075,0.3,0.3,0.3,0.3,0.3,0.3,0.3,0.15],"energies":[-277.69658915628014,-288.2479387368535,-310.3005352745704,-312.51206236629594,-313.19482990421096,-313.8125699301888,-313.7962974579039,-313.93787171124444,-313.9420444237214,-313.9769349300413,-313.97744778068966,-313.97750634669416,-313.97761692673225,-313.97860185696567,-313.9791923702865,-313.97930764018946,-313.9793454171973,-313.9793467962777,-313.97935290665544,-313.9793529145129,-313.97935290676037,-313.97935268957025,-313.9793529019813,-313.9793529125072,-313.9793529170606,-313.97935291947346,-313.97935291907646,-313.9793529192662,-313.97935291926785],"residuals":[587.5959800689925,631.4474640250857,215.7669507642245,124.75131914032963,106.29573635188248,48.77933826303535,49.794040281367955,24.038519660202006,22.2046378370611,2.8388061981756603,1.3044027321218934,1.2406456564130397,1.4505435589868207,3.11841495193076,0.24770849931132993,0.29497038821608795,0.16501823682298097,0.22023501739770254,0.012627978707279611,0.008503211142345982,0.009259947436694834,0.004633293594951593,0.004522442428956932,0.002157513612912649,0.0007855401489292751,0.002022828601281471,0.0015684122289205988,0.0017828851204316524,0.0018185764776069446],"smearing":"DFTK.Smearing.Gaussian()","ndiag":[1,1,1,2,1,1,1,1,1,1,1,1,2,1,1,1,1,1,1,2,3,1,1,1,1,1,1,1,2],"fft_size":[50,50,50],"kwargs":"Base.Iterators.Pairs{Union{}, Union{}, Tuple{}, NamedTuple{(), Tuple{}}}()","n_kirred":168,"damping":"DFTK.AdaptiveDamping(0.075, 1.0, 0.8, 0.3, 1.1, 0.1)","type":"potmix"}