{"done":true,"kgrid":[13,13,13],"mixing":"KerkerMixing(0.8, 0.0)","temperature":0.01,"Ecut":45.0,"lattice":[[0.0,5.4065064425543286,5.4065064425543286],[5.4065064425543286,0.0,5.4065064425543286],[5.4065064425543286,5.4065064425543286,0.0]],"n_electr":49,"n_bands":59,"α":[0.8,0.8,0.8,0.5,0.6,0.6,0.6,0.6,0.6,0.15,0.15,-0.15,0.6,0.6,1.0,1.0,1.0,0.18332271552713414,0.2866991616052281,0.6,0.6222208491928845,0.6222208491928845,0.6222208491928845,0.6222208491928845],"energies":[-277.6965891562799,-288.2479391006424,-310.3005352080315,-312.5120620970033,-313.21317855508516,-313.8788148960193,-313.9053572935014,-313.9753670830709,-313.9770460249507,-313.9769036363281,-313.9772143999454,-313.9769671319259,-313.9785729101136,-313.9790965050453,-313.9793110639736,-313.97934638334783,-313.9793528549097,-313.97935287074506,-313.9793529001863,-313.9793529182598,-313.97935292084355,-313.9793529205724,-313.97935292108934,-313.97935292109895],"residuals":[587.5959800689941,631.4474619717854,215.76695163015592,124.7513239331694,104.68416443282622,37.72569550327372,30.925928122797195,4.715703002928642,1.1613555849370705,2.087112010093969,1.5513656538766813,1.2253099681092408,3.1918542322493666,1.7912263193641815,0.2335672350471558,0.29660421667008874,0.02119842894294259,0.013663074897703452,0.013957673872853934,0.005305532322284601,0.0016520917450498853,0.0009236243719539118,0.00028813496243900664,0.00011661171387980912],"smearing":"DFTK.Smearing.Gaussian()","ndiag":[1,1,1,2,1,1,1,1,1,2,2,2,1,1,1,1,1,2,2,1,1,1,1,1],"fft_size":[50,50,50],"kwargs":"Base.Iterators.Pairs{Union{}, Union{}, Tuple{}, NamedTuple{(), Tuple{}}}()","n_kirred":168,"damping":"DFTK.AdaptiveDamping(0.15, 1.0, 0.8, 0.6, 1.1, 0.1)","type":"potmix"}