{"done":true,"kgrid":[13,13,13],"mixing":"KerkerMixing(0.8, 0.0)","temperature":0.01,"Ecut":45.0,"lattice":[[0.0,5.4065064425543286,5.4065064425543286],[5.4065064425543286,0.0,5.4065064425543286],[5.4065064425543286,5.4065064425543286,0.0]],"n_electr":49,"n_bands":59,"α":[0.6,0.6,0.6,0.6,0.6,0.6,0.6,0.6,0.6,0.6,0.6,0.6,0.6,0.6,0.6,0.6,0.6,0.6,0.6,0.6,0.6,0.6,0.6,0.6,0.6,0.6,0.6,0.6,0.6,0.6],"energies":[-277.6965891562801,-300.7777913451445,-309.5840861906693,-309.7124363441406,-313.3306582233043,-311.31522898877495,-313.8483560646765,-313.92360091527325,-313.93142913093266,-313.96424666151,-313.96613404415075,-313.97786814387445,-313.97599169069156,-313.978130440716,-313.9749811754778,-313.9790321369343,-313.9793456573938,-313.97933976042015,-313.9793490764933,-313.9793499794933,-313.97935281955,-313.9793528624912,-313.97935283605676,-313.97935290906315,-313.97935291918213,-313.97935292046657,-313.9793529209148,-313.97935292093626,-313.97935292096577,-313.9793529209678],"residuals":[587.5959800689935,447.8925104167549,264.911440160645,242.01918000911084,96.16306079086054,191.37298510436977,41.108500355709204,25.798208345582136,24.102565871164337,12.434031571542755,12.312216644847023,1.1916904051245245,4.750515691127372,1.0410854538100027,6.445643773747561,1.9567176100471215,0.2359032761487747,0.3508228637602807,0.1537329108068304,0.07725904903386681,0.03277307522248872,0.017288744964897913,0.0036821864979515373,0.003395462153010412,0.0014258169319555814,0.0008901941716899089,0.00036246534802061875,0.0003836049384659996,0.0003352539962831674,0.0003781377542546156],"smearing":"DFTK.Smearing.Gaussian()","ndiag":[1,1,1,1,1,1,1,1,1,1,1,1,1,1,1,1,1,1,1,1,1,1,1,1,1,1,1,1,1,1],"fft_size":[50,50,50],"kwargs":"Base.Iterators.Pairs{Union{}, Union{}, Tuple{}, NamedTuple{(), Tuple{}}}()","n_kirred":168,"damping":"DFTK.FixedDamping(0.6)","type":"potmix"}