{"done":true,"kgrid":[13,13,13],"mixing":"KerkerMixing(0.8, 0.0)","temperature":0.01,"Ecut":45.0,"lattice":[[0.0,5.4065064425543286,5.4065064425543286],[5.4065064425543286,0.0,5.4065064425543286],[5.4065064425543286,5.4065064425543286,0.0]],"n_electr":49,"n_bands":59,"α":[0.3,0.3,0.3,0.3,0.3,0.3,0.3,0.3,0.3,0.3,0.3,0.3,0.3,0.3,0.3,0.3,0.3,0.3,0.3,0.3,0.3,0.3,0.3,0.3,0.3,0.3,0.3,0.3,0.3,0.3,0.3,0.3,0.3,0.3,0.3,0.3,0.3,0.3,0.3,0.3,0.3,0.3,0.3,0.3,0.3,0.3,0.3,0.3,0.3,0.3,0.3,0.3,0.3,0.3,0.3,0.3,0.3,0.3,0.3,0.3,0.3,0.3,0.3,0.3,0.3,0.3,0.3,0.3,0.3,0.3,0.3,0.3,0.3,0.3,0.3,0.3,0.3,0.3,0.3,0.3,0.3,0.3,0.3,0.3,0.3,0.3,0.3,0.3,0.3,0.3,0.3,0.3,0.3,0.3,0.3,0.3,0.3,0.3,0.3],"energies":[-277.6965891562801,-304.2160720366687,-304.06112153432485,-313.0306342163956,-312.3136666571481,-313.6169562952469,-313.31613431364735,-313.9493236045174,-313.9630653436702,-313.96005990582876,-313.9702863121313,-313.97567172691157,-313.97661377107687,-313.97638501948745,-313.97762494136117,-313.9778994894168,-313.9779197773291,-313.97827196678674,-313.97749023345926,-313.97751423387547,-313.9783663597924,-313.9793010883952,-313.9793323401106,-313.9793453864878,-313.979340775038,-313.97930749954867,-313.9793214728945,-313.97932298776874,-313.9793210051184,-313.9793251964379,-313.97932803905144,-313.97931843946253,-313.9793386432038,-313.9793430485853,-313.97934848052796,-313.97932628738266,-313.97933115131246,-313.97933483894093,-313.97934320505266,-313.97934133453026,-313.97933587264686,-313.9793482867511,-313.9793489472151,-313.97934789825035,-313.97934839052823,-313.9793507513915,-313.97935117542704,-313.9793506605041,-313.97935101261305,-313.9793517296739,-313.97935101354744,-313.97935090350484,-313.97935101780894,-313.97935119469633,-313.9793510273453,-313.9793521403429,-313.97935165167723,-313.9793516858443,-313.97935144643304,-313.9793510962622,-313.9793519939476,-313.9793519812413,-313.97935203766036,-313.9793511873882,-313.97935063753096,-313.979351661338,-313.9793512861856,-313.97935139582006,-313.9793507039066,-313.97935092020634,-313.97935142158576,-313.97934845463595,-313.9793508386558,-313.9793521014871,-313.9793523486224,-313.9793523005821,-313.97935236419,-313.97935231207157,-313.9793524355824,-313.9793524584825,-313.979352465892,-313.979352395253,-313.97935243298787,-313.9793523233856,-313.97935250303937,-313.97935246643874,-313.97935250366174,-313.97935256289736,-313.9793524512454,-313.97935243246155,-313.9793526009268,-313.9793520198072,-313.97935152236465,-313.9793506204763,-313.97935246632596,-313.97935228988706,-313.97935248963245,-313.9793524838316,-313.9793526480615],"residuals":[587.5959800689935,340.3427053678597,383.49331089863296,131.0001081922296,145.83812863137453,67.52006648921416,95.75603821658308,12.812405295381692,6.364376430657308,13.388179408939532,8.047739867968398,1.9125520599640404,2.038102446276733,2.550827622846541,1.599090582145652,1.691046546259767,1.6627584281370638,1.4652926759138822,4.820723941466667,4.807354609202904,3.403894732808412,0.803180349789369,0.5115968934784808,0.09771778616476368,0.06638999351085692,0.2775002126758352,0.13988696014048246,0.1808992221310141,0.15119865220722678,0.16730092982537403,0.1620170135386498,0.20812786650498133,0.12056506546589185,0.08538797490060557,0.044457460921662924,0.11963761856222915,0.10742414361043597,0.11523553069083778,0.061904063862166896,0.06854854602425108,0.011855425748667476,0.040024240188011845,0.04192043995466405,0.04050271364450141,0.04829042203758186,0.026248802033782905,0.02368104587430506,0.013608925001413245,0.007644952374976961,0.016369818770502715,0.03649122071025355,0.035657412474478394,0.03368354923569853,0.020824885833679065,0.03477276128105905,0.039532212243276146,0.06599350269374477,0.03571178908175583,0.0640144694592659,0.0653395006720163,0.019426703479693587,0.02141914291386922,0.018646288471400155,0.044471669362178425,0.06004481753243965,0.0553657096450872,0.03313732331337792,0.09341954619275514,0.09190519517533952,0.1286477962196168,0.08435525205334811,0.1420154850024827,0.05798321917008231,0.04381208490544254,0.00771908621289729,0.002171213393428256,0.017623029488965724,0.015926440657658473,0.014380546388126294,0.001751620657586858,0.006655803809091176,0.0022182450175796085,0.015241201507246071,0.020543463950459983,0.01964101980775952,0.019040892369840252,0.015092362815531984,0.016679760230616156,0.03906789964873648,0.04283750862681543,0.012727519329253709,0.07586516328649563,0.10208910033875504,0.14053319126094094,0.012937394587695702,0.04233530396098437,0.029098901254427264,0.032732069291125265,0.011524705601047335],"smearing":"DFTK.Smearing.Gaussian()","ndiag":[1,1,1,1,1,1,1,1,1,1,1,1,1,1,1,1,1,1,1,1,1,1,1,1,1,1,1,1,1,1,1,1,1,1,1,1,1,1,1,1,1,1,1,1,1,1,1,1,1,1,1,1,1,1,1,1,1,1,1,1,1,1,1,1,1,1,1,1,1,1,1,1,1,1,1,1,1,1,1,1,1,1,1,1,1,1,1,1,1,1,1,1,1,1,1,1,1,1,1],"fft_size":[50,50,50],"kwargs":"Base.Iterators.Pairs{Union{}, Union{}, Tuple{}, NamedTuple{(), Tuple{}}}()","n_kirred":168,"damping":"DFTK.FixedDamping(0.3)","type":"potmix"}