{"done":true,"kgrid":[13,13,13],"mixing":"KerkerMixing(0.8, 0.0)","temperature":0.01,"Ecut":45.0,"lattice":[[0.0,5.4065064425543286,5.4065064425543286],[5.4065064425543286,0.0,5.4065064425543286],[5.4065064425543286,5.4065064425543286,0.0]],"n_electr":49,"n_bands":59,"α":[0.4,0.4,0.4,0.4,0.4,0.4,0.4,0.4,0.4,0.4,0.4,0.4,0.4,0.4,0.4,0.4,0.4,0.4,0.4,0.4,0.4,0.4,0.4,0.4,0.4,0.4,0.4,0.4,0.4,0.4,0.4,0.4,0.4,0.4,0.4,0.4,0.4,0.4,0.4,0.4,0.4,0.4,0.4,0.4,0.4,0.4,0.4,0.4,0.4,0.4,0.4,0.4,0.4,0.4,0.4,0.4,0.4,0.4,0.4,0.4,0.4,0.4,0.4,0.4,0.4,0.4,0.4,0.4,0.4,0.4,0.4,0.4,0.4,0.4,0.4,0.4,0.4,0.4,0.4,0.4,0.4,0.4,0.4,0.4,0.4,0.4,0.4,0.4,0.4,0.4,0.4,0.4,0.4,0.4,0.4,0.4,0.4,0.4,0.4],"energies":[-277.6965891562801,-303.33122811419105,-303.7460408473724,-313.15034852356393,-308.23558187514936,-313.13703508390444,-313.9675185677685,-313.97183929848046,-313.97435847826483,-313.97255578853816,-313.9624131248026,-313.9766689460386,-313.9774120982749,-313.9768628078138,-313.97864112866694,-313.97865507728113,-313.9788684287463,-313.9769955041928,-313.9775086104888,-313.9793233480257,-313.9783233954748,-313.97875661191017,-313.97657293103583,-313.97932837218264,-313.9793336573667,-313.97932562407954,-313.9793151318172,-313.9793113419324,-313.9792756718517,-313.9792976054203,-313.9792866691916,-313.97929998059016,-313.9793139447249,-313.979346130918,-313.9793459825427,-313.97934678889527,-313.9793467691787,-313.9793471353083,-313.9793472700437,-313.97934689698405,-313.9793468448833,-313.9793465748,-313.979346681365,-313.97934697209206,-313.97934712644303,-313.97934782935334,-313.97934676466974,-313.9793491152088,-313.9793489792538,-313.9793492923506,-313.9793492677387,-313.97934918807533,-313.9793490479714,-313.9793488343908,-313.9793491849676,-313.9793490506693,-313.9793489259763,-313.97934979551854,-313.97935036325435,-313.9793503431534,-313.9793503824544,-313.9793503699324,-313.9793505087104,-313.9793506476232,-313.97935094919916,-313.9793507766157,-313.9793507565805,-313.9793509015235,-313.97935084615136,-313.9793510090162,-313.97935080454346,-313.97935086811543,-313.97935079191706,-313.97935056126465,-313.9793505362817,-313.9793509528125,-313.9793510226857,-313.9793509017619,-313.97935080252995,-313.979351109436,-313.9793508675276,-313.97935135240806,-313.9793503011286,-313.9793473704519,-313.9793479462908,-313.979347186596,-313.9793310009676,-313.97934927869505,-313.97933527218544,-313.9793338023467,-313.9793474979725,-313.9793516550402,-313.9793520857769,-313.9793435235505,-313.979342643111,-313.9793505424276,-313.97935197760665,-313.97935181085546,-313.97935114690284],"residuals":[587.5959800689935,380.75053680629264,396.66943295296744,118.70680246469443,282.4076122318984,109.05324099016468,7.107447660627851,6.427384051941953,3.273868263330027,7.23417979102927,14.013665016419438,1.1649732694117692,1.5071447318512299,1.973081806013526,2.7500061474952777,2.6336966394093553,2.6636779826479824,4.710849736259933,4.801165442527112,0.5135548481754035,2.4448106419869493,1.7953245900147312,1.3226088911867142,0.12094607247784035,0.08069199974712045,0.03494237796418616,0.08982712739461038,0.2859753106813767,0.37653052487983546,0.31246072929441804,0.3090508216222366,0.30304945097672,0.2120025548617467,0.05271095887297899,0.09053936626362952,0.06857015915670937,0.0643003501978716,0.06989381143162812,0.08539675563346429,0.09109176626740871,0.09163903265092821,0.09089272386478255,0.07444479886992388,0.08326416058520482,0.05958724062371606,0.067400476922422,0.07459216667166615,0.09616025445176968,0.10703245612836096,0.09540449844895965,0.09379641981409417,0.07927598906014297,0.08702037212056742,0.10543373359543749,0.07571252261645711,0.08658052302515878,0.11608259277065967,0.0152678793167153,0.02779332390842892,0.036338932661074984,0.03416114296045042,0.03783848022229159,0.02639522522350228,0.026050558715994064,0.01168254861612854,0.006816848428252963,0.010324653730014852,0.035116354873705326,0.05812609075069453,0.04034812767616583,0.06757178489725703,0.06257824113846691,0.06824715571855192,0.08566262173903634,0.09437480095476984,0.06082173192381937,0.05519657505214974,0.06917143655912569,0.0738206412566716,0.05579148095180972,0.06859303882510115,0.03792178457691297,0.10021665785085106,0.18382427672685306,0.16725369976918378,0.19568350495391307,0.4253087362720113,0.13641391400321756,0.37188020367784214,0.38787652877031326,0.17933710788909077,0.03642017561322641,0.021127140413170355,0.24497678607022302,0.26391545608483713,0.0865921092912851,0.08086619469008645,0.021614306555851413,0.06247434604655646],"smearing":"DFTK.Smearing.Gaussian()","ndiag":[1,1,1,1,1,1,1,1,1,1,1,1,1,1,1,1,1,1,1,1,1,1,1,1,1,1,1,1,1,1,1,1,1,1,1,1,1,1,1,1,1,1,1,1,1,1,1,1,1,1,1,1,1,1,1,1,1,1,1,1,1,1,1,1,1,1,1,1,1,1,1,1,1,1,1,1,1,1,1,1,1,1,1,1,1,1,1,1,1,1,1,1,1,1,1,1,1,1,1],"fft_size":[50,50,50],"kwargs":"Base.Iterators.Pairs{Union{}, Union{}, Tuple{}, NamedTuple{(), Tuple{}}}()","n_kirred":168,"damping":"DFTK.FixedDamping(0.4)","type":"potmix"}