{"done":true,"kgrid":[13,13,13],"mixing":"KerkerMixing(0.8, 0.0)","temperature":0.01,"Ecut":45.0,"lattice":[[0.0,5.4065064425543286,5.4065064425543286],[5.4065064425543286,0.0,5.4065064425543286],[5.4065064425543286,5.4065064425543286,0.0]],"n_electr":49,"n_bands":59,"α":[1.0,1.0,1.0,1.0,1.0,1.0,1.0,1.0,1.0,1.0,1.0,1.0,1.0,1.0,1.0,1.0,1.0,1.0,1.0,1.0,1.0,1.0,1.0,1.0,1.0,1.0,1.0,1.0,1.0],"energies":[-277.69658915628,-263.60049710323,-307.8719981713419,-310.63361533980367,-312.0206312487443,-307.764671110519,-313.9228768749961,-313.9535015260014,-313.9422174887656,-313.8461927920823,-313.7658716741712,-313.9421848364136,-313.9702574659205,-313.9725026247552,-313.97698776775854,-313.9776716897982,-313.9779238625075,-313.9793085409393,-313.9793040469038,-313.9793526316347,-313.97935243844125,-313.9793528154385,-313.97935286223594,-313.9793529098956,-313.9793529128935,-313.97935291899876,-313.9793529207601,-313.979352920743,-313.97935292073436],"residuals":[587.5959800689923,866.201019162512,284.47617020886577,213.36088537547977,162.44098051453656,288.0482437151679,27.11049052655622,16.60005975574674,20.679145347247495,42.26533062159821,54.084925855467986,22.12461434833231,10.168005525559344,8.520280769284323,3.8564645539140128,3.242837626847543,3.298176154913863,0.6688346940787386,0.6541761669607129,0.027623119186952812,0.045858532151736665,0.028992596137252833,0.018524079567682025,0.004798401616883416,0.001488674664095348,0.0005680984741944143,0.000213210512756223,0.0007358242752063772,0.0006347080446771476],"smearing":"DFTK.Smearing.Gaussian()","ndiag":[1,1,1,1,1,1,1,1,1,1,1,1,1,1,1,1,1,1,1,1,1,1,1,1,1,1,1,1,1],"fft_size":[50,50,50],"kwargs":"Base.Iterators.Pairs{Union{}, Union{}, Tuple{}, NamedTuple{(), Tuple{}}}()","n_kirred":168,"damping":"DFTK.FixedDamping(1.0)","type":"potmix"}