{"done":true,"kgrid":[13,13,13],"mixing":"KerkerMixing(0.8, 0.0)","temperature":0.01,"Ecut":45.0,"lattice":[[0.0,5.4065064425543286,5.4065064425543286],[5.4065064425543286,0.0,5.4065064425543286],[5.4065064425543286,5.4065064425543286,0.0]],"n_electr":49,"n_bands":59,"α":[0.2,0.2,0.2,0.2,0.2,0.2,0.2,0.2,0.2,0.2,0.2,0.2,0.2,0.2,0.2,0.2,0.2,0.2,0.2,0.2,0.2,0.2,0.2,0.2,0.2,0.2,0.2,0.2,0.2,0.2,0.2,0.2,0.2,0.2,0.2,0.2,0.2,0.2,0.2,0.2,0.2,0.2,0.2,0.2,0.2,0.2,0.2,0.2,0.2,0.2,0.2,0.2,0.2,0.2,0.2,0.2,0.2,0.2,0.2,0.2,0.2,0.2,0.2,0.2,0.2,0.2,0.2,0.2,0.2,0.2,0.2,0.2,0.2,0.2,0.2,0.2,0.2,0.2,0.2,0.2,0.2,0.2,0.2,0.2,0.2,0.2,0.2,0.2,0.2,0.2,0.2,0.2,0.2,0.2,0.2,0.2,0.2,0.2,0.2],"energies":[-277.6965891562801,-296.266110490052,-304.9028706575733,-312.7360665895166,-313.783870035185,-313.69632027668024,-313.9059829877557,-313.9487249625203,-313.95758421352394,-313.97060265218596,-313.97317980824596,-313.9754689005063,-313.97599144251603,-313.97668074985756,-313.9766762951734,-313.9775114359196,-313.9776727173519,-313.9777771413408,-313.978777140355,-313.97875801538765,-313.9788575653071,-313.9788234505078,-313.978674561857,-313.97773815212764,-313.9779259264037,-313.9781420116503,-313.9782514676718,-313.9783862944322,-313.97833852327267,-313.9782240918202,-313.97841462897236,-313.9785158980719,-313.97863652834656,-313.97868934846286,-313.9786766901656,-313.9787392958124,-313.9787449279267,-313.97871960370594,-313.978758702324,-313.9787302808901,-313.97868710981896,-313.97874750103176,-313.97867340029046,-313.9787590648998,-313.97876189869413,-313.9788438792213,-313.97879653711766,-313.9789191860891,-313.9788677731661,-313.9788595967475,-313.97891897558213,-313.9789237783655,-313.9789369982364,-313.9789350165976,-313.97893885549456,-313.9789462081871,-313.9789644520403,-313.9789592741162,-313.97896304506105,-313.978967098438,-313.9789664427414,-313.9790240832692,-313.9790266059867,-313.97903435262236,-313.9790179590009,-313.97898425451297,-313.9790262531916,-313.9790509840783,-313.9790795357766,-313.9790605542094,-313.97904966789247,-313.9790884051379,-313.9790599016606,-313.9790859984203,-313.97909859412056,-313.97910676329013,-313.97909718477774,-313.9791192134593,-313.9791290083169,-313.97914200897,-313.9791375270193,-313.97913649224444,-313.9791429620168,-313.9791394658111,-313.979147277642,-313.9791726238913,-313.97917033318686,-313.97917846907853,-313.9791966170468,-313.97918119802307,-313.9791732640164,-313.979193304182,-313.979237155102,-313.9792382677103,-313.9792446562578,-313.97923693472353,-313.9792336508881,-313.97923761322744,-313.9792447397864],"residuals":[587.5959800689935,419.5262972185619,352.99603563766414,149.58405634161548,63.10230867337186,64.35724265998067,24.857755630935205,8.720518473360675,12.480082244469992,4.046668837827894,3.712644783477523,1.6585126934440952,1.1466299939874594,1.7301132323478798,1.7658692019735984,1.5010637556681732,1.2358717775929495,1.1452328490005965,1.7532429497434316,1.908747931989081,2.119537467319807,0.3076322525440889,0.3521140618053303,0.7918796183618594,0.5445745001617398,0.19374476236711535,0.05298723682055081,0.1685818639000961,0.11550942490829487,0.08606183479507415,0.1426989532118376,0.2225517854296583,0.2894360765376404,0.323769643758924,0.3103803416895454,0.3480193454899136,0.40408323411433156,0.39847275848099406,0.39140966504814095,0.4080717212495671,0.4315456896883581,0.3874086820638135,0.46649970761374715,0.382501799802775,0.38069418971140834,0.26041031532939785,0.38977478974296986,0.10222233430492939,0.2406238976041078,0.26268928777591727,0.10260568287367178,0.03790345608919964,0.026338719074821357,0.023314938108612564,0.04197428784572535,0.007659991304548409,0.014854090324411763,0.035455193819202424,0.018205808203334468,0.017859548801306906,0.015281488066112832,0.05790557621800776,0.039876264969945584,0.09065401256871887,0.07942765189476804,0.010104184228284482,0.06400302715264962,0.08325376346749133,0.11659679077615037,0.10559872372409065,0.13165964057862778,0.1650020600593187,0.10907481956207256,0.12434961404582283,0.2268711228174252,0.21733254089179876,0.2077444548002647,0.24853146241763627,0.22785593114017252,0.3106484515456934,0.3679313451049183,0.3631038317539791,0.29740574192740743,0.3201561271180767,0.3111394713432608,0.2590206383567783,0.2767032250922791,0.2519966998248194,0.18874536292169738,0.23216851577249814,0.2982258357777467,0.26240297249163613,0.09630565703945367,0.08163812435078203,0.10441080580700664,0.08745095561445836,0.10303105561422937,0.18475413987427108,0.09284258111883424],"smearing":"DFTK.Smearing.Gaussian()","ndiag":[1,1,1,1,1,1,1,1,1,1,1,1,1,1,1,1,1,1,1,1,1,1,1,1,1,1,1,1,1,1,1,1,1,1,1,1,1,1,1,1,1,1,1,1,1,1,1,1,1,1,1,1,1,1,1,1,1,1,1,1,1,1,1,1,1,1,1,1,1,1,1,1,1,1,1,1,1,1,1,1,1,1,1,1,1,1,1,1,1,1,1,1,1,1,1,1,1,1,1],"fft_size":[50,50,50],"kwargs":"Base.Iterators.Pairs{Union{}, Union{}, Tuple{}, NamedTuple{(), Tuple{}}}()","n_kirred":168,"damping":"DFTK.FixedDamping(0.2)","type":"potmix"}