{"done":true,"kgrid":[13,13,13],"mixing":"KerkerMixing(0.8, 0.0)","temperature":0.01,"Ecut":45.0,"lattice":[[0.0,5.4065064425543286,5.4065064425543286],[5.4065064425543286,0.0,5.4065064425543286],[5.4065064425543286,5.4065064425543286,0.0]],"n_electr":49,"n_bands":59,"α":[0.1,0.1,0.1,0.1,0.1,0.1,0.1,0.1,0.1,0.1,0.1,0.1,0.1,0.1,0.1,0.1,0.1,0.1,0.1,0.1,0.1,0.1,0.1,0.1,0.1,0.1,0.1,0.1,0.1,0.1,0.1,0.1,0.1,0.1,0.1,0.1,0.1,0.1,0.1,0.1,0.1,0.1,0.1,0.1,0.1,0.1,0.1,0.1,0.1,0.1,0.1,0.1,0.1,0.1,0.1,0.1,0.1,0.1,0.1,0.1,0.1,0.1,0.1,0.1,0.1,0.1,0.1,0.1,0.1,0.1,0.1,0.1,0.1,0.1,0.1,0.1,0.1,0.1,0.1,0.1,0.1,0.1,0.1,0.1,0.1,0.1,0.1,0.1,0.1,0.1,0.1,0.1,0.1,0.1,0.1,0.1,0.1,0.1,0.1],"energies":[-277.6965891562799,-284.88737757544135,-295.2232320377223,-306.2431577725544,-312.9439204415285,-313.7247182755245,-313.1592948240715,-313.8818251444984,-313.9484932868472,-313.94465034970887,-313.9615332450193,-313.96743278631277,-313.96940724376003,-313.97193601900074,-313.97438204345826,-313.9758646379481,-313.9761245241438,-313.97663592848585,-313.97678379022585,-313.97727882143926,-313.97725069393675,-313.9780689329505,-313.9775696841903,-313.97815059938506,-313.97894104749713,-313.9785103566966,-313.9784219704789,-313.97864331770177,-313.9784365711128,-313.9778011299774,-313.9780504938478,-313.9774761180851,-313.977869230372,-313.9780440079125,-313.97814070274774,-313.9782934711839,-313.9784589691064,-313.97850991090803,-313.978503063934,-313.9785200956369,-313.97845546580754,-313.9785020265218,-313.97856683400306,-313.9785517871336,-313.9785872183244,-313.9785383009945,-313.9784847848142,-313.9786718517841,-313.9786961247142,-313.97872729743494,-313.97869920549317,-313.97868734027145,-313.97873973277336,-313.97868479248234,-313.9786576698132,-313.9786010033077,-313.97867010936943,-313.978843081586,-313.97884327145556,-313.9788533868289,-313.97886624407147,-313.9788607379151,-313.97883595448764,-313.9788372997468,-313.97883582064446,-313.97888739913543,-313.9788837997119,-313.97889877789737,-313.978901626046,-313.9789144167269,-313.9789231623079,-313.9789484052343,-313.9789589527288,-313.9789701528766,-313.9789656630154,-313.9789603979557,-313.97899576536645,-313.97895607899784,-313.9789749502889,-313.97902525919176,-313.97903014667776,-313.97900523937386,-313.9790168096743,-313.9790176195482,-313.9790276101107,-313.9790292010412,-313.97901718409906,-313.97905879999524,-313.97905311106877,-313.9790657955678,-313.9790911873267,-313.9790403419652,-313.9790642940782,-313.9790566894292,-313.9791066270148,-313.9790943840067,-313.9790597261489,-313.9790892454044,-313.9791113438707],"residuals":[587.5959800689924,527.509645713004,407.01719170169,348.5966111984195,143.23484264657714,78.2005554627241,110.69769420318792,30.469081018817814,9.873541247751973,13.222086530712355,9.959474223137368,5.921613602995903,5.434068876417791,3.967864351484203,2.5639397274039304,0.9983227462232792,0.9398963720366075,1.4928982673304285,0.9892355760992928,1.7012973405078533,0.6978043139637017,0.6274683424586267,4.960943081403911,3.873625805980234,1.0528780466868328,0.4516496384928959,0.931858850892355,1.2046554916733558,0.7305777049943472,0.9020255752296515,0.7554625419449531,0.6424345586758913,0.9633555381512328,0.6958014564661872,0.7448181823264834,0.44386591177556595,0.26971510070084703,0.11700802596525185,0.14442029056422864,0.15584011275211154,0.19149254838108165,0.09412317043851795,0.40588939953608777,0.38569452006433685,0.24372652811683845,0.5984156328976353,0.2639353971148228,0.44179749135738666,0.4295531280285495,0.3973194269176946,0.39615999313753203,0.23977463118262896,0.34360236654163157,0.14274216616529067,0.14931763566828077,0.12289456977987497,0.15744180676959388,0.29029118091516926,0.2671811915797082,0.1823211313678512,0.27236001500777207,0.3481163862402005,0.3347115505410581,0.11307529140886398,0.12029147386331052,0.16536034631174215,0.15111029778518625,0.15097726847935722,0.18286594529029387,0.11840809823979917,0.14049913718125534,0.17310842190143683,0.22375003328793525,0.26123323007627375,0.06205881463170448,0.18909140969858348,0.23206676245679883,0.1193241475086814,0.1368018167395909,0.10596808900971047,0.15715217499623355,0.17234961001762122,0.11075535872349919,0.18711171310626465,0.19808718737629505,0.2839126127691821,0.2476392610117115,0.2977361000387895,0.29451645779831326,0.23766053864289796,0.2734044911072179,0.2063252460041742,0.24447021787821013,0.24904064559271766,0.3721570719582723,0.39270670711450456,0.3346952185053857,0.35696139560003054,0.41108332347789184],"smearing":"DFTK.Smearing.Gaussian()","ndiag":[1,1,1,1,1,1,1,1,1,1,1,1,1,1,1,1,1,1,1,1,1,1,1,1,1,1,1,1,1,1,1,1,1,1,1,1,1,1,1,1,1,1,1,1,1,1,1,1,1,1,1,1,1,1,1,1,1,1,1,1,1,1,1,1,1,1,1,1,1,1,1,1,1,1,1,1,1,1,1,1,1,1,1,1,1,1,1,1,1,1,1,1,1,1,1,1,1,1,1],"fft_size":[50,50,50],"kwargs":"Base.Iterators.Pairs{Union{}, Union{}, Tuple{}, NamedTuple{(), Tuple{}}}()","n_kirred":168,"damping":"DFTK.FixedDamping(0.1)","type":"potmix"}