{"done":true,"kgrid":[13,13,13],"mixing":"KerkerMixing(0.8, 0.0)","temperature":0.01,"Ecut":45.0,"lattice":[[0.0,5.4065064425543286,5.4065064425543286],[5.4065064425543286,0.0,5.4065064425543286],[5.4065064425543286,5.4065064425543286,0.0]],"n_electr":49,"n_bands":59,"α":[0.7,0.7,0.7,0.7,0.7,0.7,0.7,0.7,0.7,0.7,0.7,0.7,0.7,0.7,0.7,0.7,0.7,0.7,0.7,0.7,0.7,0.7,0.7,0.7],"energies":[-277.6965891562801,-295.8668346192173,-313.01912889448676,-313.93832061486205,-312.5263664506906,-313.84765006566425,-313.9422505271481,-313.9755114356386,-313.975382116535,-313.97751719250556,-313.97846152292294,-313.97847127856943,-313.9791899092305,-313.9792433917509,-313.9793226266428,-313.9793511376999,-313.97935291454957,-313.9793529199337,-313.9793529205207,-313.97935292101505,-313.97935292054245,-313.97935292110316,-313.9793529211177,-313.97935292111777],"residuals":[587.5959800689935,529.3029036028778,99.27800610272692,29.663966755977384,141.04342588578015,40.70232952277467,21.742776632525796,5.121967479729234,5.6269243166775915,2.6378647098860633,0.3693442495139965,3.500827080037609,1.2240999300240667,1.0713664933704787,0.592217263902681,0.10820025332422369,0.006044539431722653,0.0009836605134988347,0.0019036309276239572,0.0005083161399611137,0.00043468386044387213,0.00018280683699905742,3.306204977683258e-5,9.875768969514867e-6],"smearing":"DFTK.Smearing.Gaussian()","ndiag":[1,1,1,1,1,1,1,1,1,1,1,1,1,1,1,1,1,1,1,1,1,1,1,1],"fft_size":[50,50,50],"kwargs":"Base.Iterators.Pairs{Union{}, Union{}, Tuple{}, NamedTuple{(), Tuple{}}}()","n_kirred":168,"damping":"DFTK.FixedDamping(0.7)","type":"potmix"}