{"done":true,"kgrid":[13,13,13],"mixing":"KerkerMixing(0.8, 0.0)","temperature":0.01,"Ecut":45.0,"lattice":[[0.0,5.4065064425543286,5.4065064425543286],[5.4065064425543286,0.0,5.4065064425543286],[5.4065064425543286,5.4065064425543286,0.0]],"n_electr":49,"n_bands":59,"α":[0.9,0.9,0.9,0.9,0.9,0.9,0.9,0.9,0.9,0.9,0.9,0.9,0.9,0.9,0.9,0.9,0.9,0.9,0.9,0.9,0.9,0.9,0.9,0.9,0.9,0.9,0.9,0.9,0.9,0.9,0.9,0.9,0.9,0.9,0.9,0.9,0.9,0.9],"energies":[-277.69658915628,-277.94784436671574,-308.0713279773441,-311.7059812161943,-312.7585889846514,-310.77548029099376,-313.77365056849277,-313.96986236524236,-313.95247559117934,-313.9752692008936,-313.9535925670795,-313.95971771040223,-313.97365653578595,-313.9778138582889,-313.97732621457817,-313.9786501996141,-313.97932664661187,-313.9793376116629,-313.97935193095725,-313.97935183575913,-313.97935075483485,-313.97935030709954,-313.9793527064604,-313.97935290335226,-313.97935291694637,-313.9793529169384,-313.9793529192933,-313.9793529194363,-313.97935291957714,-313.97935291987585,-313.9793529199733,-313.97935292026375,-313.9793529205172,-313.97935292049175,-313.97935292037175,-313.9793529205397,-313.97935292045787,-313.9793529204577],"residuals":[587.5959800689923,742.687753038915,281.99557154367875,169.03787875727681,129.08419641299187,207.54438904144396,51.45598642022424,8.969762459844475,17.70176554452138,4.748763197843151,18.1100617776156,15.68761750432761,7.590243403092352,1.701731928966341,3.486714877350666,2.499233275141758,0.589093394346449,0.4513252554376117,0.06920511464863162,0.03071605300236222,0.105152033972587,0.07242932739176587,0.0318892808345342,0.0049681765326807376,0.001468289445853465,0.0007312539358237017,0.001014795798497833,0.0010557855461444752,0.0012205727370780907,0.0010162593053471309,0.0008502536872768188,0.0008334387720716935,0.0007786472876875504,0.0009698771431953788,0.001569027120858714,0.0012414455925095315,0.0012278709530938864,0.001241622985117661],"smearing":"DFTK.Smearing.Gaussian()","ndiag":[1,1,1,1,1,1,1,1,1,1,1,1,1,1,1,1,1,1,1,1,1,1,1,1,1,1,1,1,1,1,1,1,1,1,1,1,1,1],"fft_size":[50,50,50],"kwargs":"Base.Iterators.Pairs{Union{}, Union{}, Tuple{}, NamedTuple{(), Tuple{}}}()","n_kirred":168,"damping":"DFTK.FixedDamping(0.9)","type":"potmix"}