{"done":true,"kgrid":[13,13,13],"mixing":"KerkerMixing(0.8, 0.0)","temperature":0.01,"Ecut":45.0,"lattice":[[0.0,5.4065064425543286,5.4065064425543286],[5.4065064425543286,0.0,5.4065064425543286],[5.4065064425543286,5.4065064425543286,0.0]],"n_electr":49,"n_bands":59,"α":[0.8,0.8,0.8,0.8,0.8,0.8,0.8,0.8,0.8,0.8,0.8,0.8,0.8,0.8,0.8,0.8,0.8,0.8,0.8,0.8,0.8,0.8,0.8],"energies":[-277.6965891562801,-288.2479377523656,-310.30053562244353,-310.94457559685134,-313.3517744005381,-313.22433599157415,-313.95395705311665,-313.97113897800705,-313.96825896344427,-313.97715785237415,-313.9731187293365,-313.97923075598715,-313.9789022703888,-313.97932775074725,-313.97935031497497,-313.9793528822053,-313.9793528627675,-313.97935292029297,-313.9793529194933,-313.97935292110657,-313.9793529209664,-313.9793529211169,-313.9793529211183],"residuals":[587.5959800689935,631.4474703669382,215.76694396907436,211.1492284496833,92.74845066817028,101.99417678725085,17.78648744450685,8.957025087949848,11.296447080938071,3.085359540302361,8.538534377981216,0.8606731360106362,2.4566695573171864,0.5806042638899858,0.19062770522275174,0.018358898686548216,0.0131195139404527,0.0017165289162118394,0.0026211631129455706,0.0001456801228083507,0.0002760580334239992,3.728499919613498e-5,1.1814670298734377e-5],"smearing":"DFTK.Smearing.Gaussian()","ndiag":[1,1,1,1,1,1,1,1,1,1,1,1,1,1,1,1,1,1,1,1,1,1,1],"fft_size":[50,50,50],"kwargs":"Base.Iterators.Pairs{Union{}, Union{}, Tuple{}, NamedTuple{(), Tuple{}}}()","n_kirred":168,"damping":"DFTK.FixedDamping(0.8)","type":"potmix"}