{"done":true,"kgrid":[13,13,13],"mixing":"KerkerMixing(0.8, 0.0)","temperature":0.01,"Ecut":45.0,"lattice":[[0.0,5.4065064425543286,5.4065064425543286],[5.4065064425543286,0.0,5.4065064425543286],[5.4065064425543286,5.4065064425543286,0.0]],"n_electr":49,"n_bands":59,"α":[0.5,0.5,0.5,0.5,0.5,0.5,0.5,0.5,0.5,0.5,0.5,0.5,0.5,0.5,0.5,0.5,0.5,0.5,0.5,0.5,0.5,0.5,0.5,0.5,0.5,0.5,0.5],"energies":[-277.6965891562801,-301.9373225209001,-305.9595363753358,-313.66813887647146,-313.63513942343906,-311.8503176335409,-313.905114666121,-313.9747632701678,-313.9463362234718,-313.9732951920511,-313.97198513598585,-313.9771593728981,-313.97669527505616,-313.97932363977594,-313.9788043889325,-313.9792534608025,-313.979344590465,-313.9793459249701,-313.9793510057421,-313.97935263696064,-313.979352902423,-313.97935291455184,-313.9793529198248,-313.9793529208325,-313.97935292088664,-313.9793529210272,-313.9793529210366],"residuals":[587.5959800689935,417.02304188960636,361.69775132437917,64.7368564376026,68.27024045374348,171.8600916196647,31.028483833181784,4.878328628374853,20.470244089169626,7.20342057507119,8.480509589794572,3.07905491571166,5.199990284804119,0.5498849378052145,1.0997324589851352,0.8894229323393084,0.2656597490688677,0.22427081080473782,0.11523444996536154,0.04926229398153914,0.012723979349777382,0.0022054917557427513,0.0017323877302703112,0.0005625894489501018,0.0003931701317051569,0.00019868727900749272,0.0001362585631412282],"smearing":"DFTK.Smearing.Gaussian()","ndiag":[1,1,1,1,1,1,1,1,1,1,1,1,1,1,1,1,1,1,1,1,1,1,1,1,1,1,1],"fft_size":[50,50,50],"kwargs":"Base.Iterators.Pairs{Union{}, Union{}, Tuple{}, NamedTuple{(), Tuple{}}}()","n_kirred":168,"damping":"DFTK.FixedDamping(0.5)","type":"potmix"}