{"done":true,"kgrid":[11,11,11],"mixing":"KerkerMixing(0.8, 0.0)","temperature":0.01,"Ecut":45.0,"lattice":[[4.759558703788696,2.747932498866716,8.305031363313166],[-4.759558703788696,2.747932498866716,8.305031363313166],[-0.0,-5.495864997733432,8.305031363313166]],"n_electr":76,"n_bands":92,"α":[0.8,0.8,0.8,0.8249317822731737,1.0,1.0,1.0,1.0,1.0,1.0,1.0,1.0,1.0,-0.95,0.95,0.95,1.0,1.0,1.0,1.0,1.0,1.0,1.0,1.0],"energies":[-365.3440297385078,-374.6330526169668,-422.23471080262703,-426.55799700917754,-427.2068879804633,-428.5976896766321,-431.11493563073486,-431.72896623693066,-431.86716300598573,-431.98903846559176,-431.99366215839285,-431.9973873522663,-431.9983781546187,-431.99917551573236,-431.99927527780744,-432.00007791415214,-432.0003747213634,-432.00038659689767,-432.0003870055866,-432.0003870543947,-432.00038706097155,-432.00038706149786,-432.00038706163457,-432.00038706163963],"residuals":[923.1487863501912,984.5905718559684,475.5783564352096,346.33482622576105,316.8892442034398,270.48967393117846,134.93138007126234,75.26954181315337,52.91661811547206,14.381917251371043,10.555884818830762,6.409822147801471,6.83549607874397,5.010751442806416,5.1498811559043824,2.680277978046567,0.43579583001115124,0.08368790414074177,0.032528378522140286,0.009693216120167757,0.0017352390091378688,0.001493541650305985,0.0003021483637588775,0.00012627762372853464],"smearing":"DFTK.Smearing.Gaussian()","ndiag":[1,1,1,1,1,1,1,1,1,1,1,1,1,2,1,1,1,1,1,1,1,1,1,1],"fft_size":[64,64,64],"kwargs":"Base.Iterators.Pairs{Union{}, Union{}, Tuple{}, NamedTuple{(), Tuple{}}}()","n_kirred":452,"damping":"DFTK.AdaptiveDamping(0.125, 1.0, 0.8, 0.5, 1.1, 0.1)","type":"potmix"}