{"done":true,"kgrid":[11,11,11],"mixing":"KerkerMixing(0.8, 0.0)","temperature":0.01,"Ecut":45.0,"lattice":[[4.759558703788696,2.747932498866716,8.305031363313166],[-4.759558703788696,2.747932498866716,8.305031363313166],[-0.0,-5.495864997733432,8.305031363313166]],"n_electr":76,"n_bands":92,"α":[0.8,0.8,0.8,0.824931792536352,1.0,1.0,1.0,1.0,1.0,1.0,1.0,1.0,1.0,-0.95,0.95,0.95,1.0,1.0,1.0,1.0,1.0,1.0,1.0,1.0],"energies":[-365.3440297385078,-374.6330528061884,-422.2347109115892,-426.55799706680637,-427.2068859942996,-428.5976892394992,-431.1149341880126,-431.72896657435416,-431.8671626756388,-431.9890385734494,-431.99366210743955,-431.9973879099352,-431.9983779024159,-431.9991752718075,-431.9992754853401,-432.00007796292624,-432.00037472707555,-432.00038659660373,-432.0003870056325,-432.0003870543992,-432.00038706097126,-432.0003870614981,-432.0003870616347,-432.0003870616399],"residuals":[923.1487863501912,984.5905717332123,475.5783530253023,346.33482200649087,316.8893133647875,270.4896927079201,134.93149264963967,75.26949426567391,52.91667772850678,14.381844857711538,10.555938067517125,6.409037085701734,6.835904131540036,5.011440463498133,5.149359177291396,2.6800610774123923,0.43569362409258994,0.08373621952843674,0.03251223751856351,0.009689415296643937,0.0017349429595461489,0.0014918521939923722,0.0003038935092243479,0.0001268110543057073],"smearing":"DFTK.Smearing.Gaussian()","ndiag":[1,1,1,1,1,1,1,1,1,1,1,1,1,2,1,1,1,1,1,1,1,1,1,1],"fft_size":[64,64,64],"kwargs":"Base.Iterators.Pairs{Union{}, Union{}, Tuple{}, NamedTuple{(), Tuple{}}}()","n_kirred":452,"damping":"DFTK.AdaptiveDamping(0.05, 1.0, 0.8, 0.2, 1.1, 0.1)","type":"potmix"}