{"done":true,"kgrid":[11,11,11],"mixing":"KerkerMixing(0.8, 0.0)","temperature":0.01,"Ecut":45.0,"lattice":[[4.759558703788696,2.747932498866716,8.305031363313166],[-4.759558703788696,2.747932498866716,8.305031363313166],[-0.0,-5.495864997733432,8.305031363313166]],"n_electr":76,"n_bands":92,"α":[0.5,0.5,0.20494512325108802,0.20494512325108802,0.05529954373966967,0.2,0.05,0.2,0.34477968899188854,0.05885627223200252,0.2,0.2,0.2698114201188763,0.2698114201188763,0.35918509534953647,0.5320579977431631,0.5320579977431631,-0.22090950278390675,-0.08447969898532917,0.1,0.2,0.2915034048992071,0.2915034048992071,0.3434495325227774,0.3434495325227774,0.2137561407693081,0.2137561407693081,1.0,1.0,1.0,1.0,1.0,0.25,0.25,0.25,0.25,1.0,-0.95,0.95,-0.95,-0.45125,0.1128125,0.05,-0.095,-0.095,0.05,-0.095,0.1,-0.095,0.05,-0.095,0.05,-0.095,0.05,-0.095,0.05,-0.19,0.05,-0.095,0.1,-0.095,0.05,0.05,-0.095,-0.095,0.05,-0.095,0.1,-0.095,-0.095,0.1,-0.19,-0.19,0.2,0.2,1.0,-0.95,0.2375,0.059375,0.05,0.05,-0.19,0.2,0.46463462469038425,0.11615865617259606,-0.095,0.05,0.2,0.6787801556924229,0.6787801556924229,0.6787801556924229,0.6787801556924229,0.16969503892310572,0.05,0.2,0.2,0.2,-0.5197467305312227,0.5197467305312227],"energies":[-365.3440297385078,-418.07198024304034,-427.62453059799446,-430.0723067581633,-431.42097733878484,-431.85890157908057,-431.7643134715453,-431.89149890320607,-431.96366278211804,-431.96676210294453,-431.98200904920407,-431.99086329007156,-431.9922935266081,-431.9929110931943,-431.9929644709132,-431.99297274556443,-431.9932075900208,-431.99322909546896,-431.99325039545863,-431.99314664296685,-431.9931616730863,-431.99288419863217,-431.9930514940447,-431.9930674826867,-431.9932604743118,-431.9932639137746,-431.9936670280727,-431.9933695641767,-431.9934322780659,-431.9935179980914,-431.99342399961773,-431.9930826868444,-431.9929195576418,-431.9941944574803,-431.99353343361815,-431.9935125213151,-431.99314396254067,-431.9931631365594,-431.9932198031729,-431.9932858833925,-431.9934329241491,-431.99323738001294,-431.99309475540656,-431.9932323331145,-431.9934599645273,-431.9933156921633,-431.9935337694227,-431.99321633201566,-431.99336973250854,-431.9932291602308,-431.9934203226217,-431.9932718667658,-431.99349909315185,-431.9933163025274,-431.9935040930536,-431.9933484007039,-431.9935176245767,-431.99340446716343,-431.9936271028607,-431.993364132384,-431.9936006239055,-431.9933770369802,-431.99322022435604,-431.9933765145468,-431.9935552108903,-431.99340272621066,-431.9936031973586,-431.99329521668136,-431.99345133230344,-431.99365476063,-431.9932891970868,-431.9935292310094,-431.9938982274145,-431.99313250599175,-431.9931199554995,-431.9931487576664,-431.9932736927861,-431.9931248781927,-431.9930039006166,-431.99266758266896,-431.9923919316238,-431.99265428893403,-431.99288957792095,-431.99254335857336,-431.9922168635738,-431.9926069737632,-431.9922702202786,-431.9921299339449,-431.9936379321603,-431.9949709005358,-431.99432833603765,-431.9934060301088,-431.9932644800286,-431.99280543064503,-431.9939439634555,-431.99389032271836,-431.99494717503245,-431.99524752698966,-431.99400842143274],"residuals":[923.1487863501912,546.4507281095041,257.80005752953906,169.68563584205143,75.28502091774679,53.11225750335582,68.97787798661034,48.16338141426167,22.146573582541563,20.91329837176044,15.560017914682394,5.908060555294847,3.338452101764297,0.6870032539540543,0.6501439346594753,2.3663637869740493,1.1518576589692227,0.5605078140802258,0.5011668062303687,0.35331581179911786,0.5618211669669317,0.4630058774606311,0.39279739428588656,0.8958699614307721,0.5507242028788472,0.8094189269566544,0.46473759163713724,0.4969959226639712,0.32139314094641674,0.5976203481175042,0.5416809940783492,0.27577506785155054,0.34640488089169624,1.585022046929613,0.7425089207214886,0.6731320982714792,0.5934301020936668,0.530401178857637,0.6676303554725453,0.5745473674452769,0.4832379277252766,0.5812911088714557,0.723137604587592,0.6020054436836613,0.5218416499202784,0.5315365913991247,0.5435842832303257,0.5739774148912246,0.4822113218326911,0.5552401680314514,0.46210331219836076,0.5239379352633726,0.4618610422647165,0.4990939143196596,0.437213307373708,0.48420496139281743,0.3292870124327486,0.3525264289876445,0.3611284369135412,0.4637076922933011,0.42528508044524654,0.4284230258976673,0.5238715934833034,0.3723242755019347,0.3402906587645011,0.3422443395376534,0.3678882769328783,0.4450653127353533,0.3310545375895996,0.40117355655229325,0.39260923022954625,0.43177482750751395,1.1941601381533908,0.9657309839136764,0.9402731021452867,1.0969885586848915,1.123296162310288,1.1122123140724287,1.144601229902199,1.26441925487201,1.3235317017118573,1.248410568253287,1.2563659321452891,1.124695157097972,1.0899240803608705,1.1337394730702726,1.0964808830659531,0.9096992299520563,0.658973808951621,3.0872871358130465,1.7028685796750385,0.6750379963683543,0.6803196769781549,1.0042219722193084,1.12887972679824,1.1230117881357253,8.229574644315775,7.320121323881552,1.6983707535628243],"smearing":"DFTK.Smearing.Gaussian()","ndiag":[1,1,2,1,2,1,2,1,1,2,1,1,1,1,1,1,1,2,2,2,1,1,1,2,1,2,1,1,1,1,1,1,3,1,1,1,1,2,1,2,3,3,3,3,3,3,3,2,3,3,3,3,3,3,3,3,2,3,3,2,3,3,3,3,3,3,3,2,3,3,2,2,2,1,1,1,2,3,3,3,3,2,1,2,3,3,3,1,1,1,1,1,3,3,1,1,1,2,1],"fft_size":[64,64,64],"kwargs":"Base.Iterators.Pairs{Union{}, Union{}, Tuple{}, NamedTuple{(), Tuple{}}}()","n_kirred":452,"damping":"DFTK.AdaptiveDamping(0.05, 1.0, 0.5, 0.2, 1.1, 0.1)","type":"potmix"}