{"done":true,"kgrid":[11,11,11],"mixing":"KerkerMixing(0.8, 0.0)","temperature":0.01,"Ecut":45.0,"lattice":[[4.759558703788696,2.747932498866716,8.305031363313166],[-4.759558703788696,2.747932498866716,8.305031363313166],[-0.0,-5.495864997733432,8.305031363313166]],"n_electr":76,"n_bands":92,"α":[0.6,0.6,0.6,0.6,0.6,0.6,0.6,0.6,0.6,0.6,0.6,0.6,0.6,0.6,0.6,0.6,0.6,0.6,0.6,0.6,0.6,0.6,0.6,0.6,0.6,0.6,0.6,0.6,0.6,0.6,0.6,0.6,0.6,0.6,0.6,0.6,0.6,0.6,0.6,0.6,0.6,0.6,0.6,0.6,0.6,0.6,0.6,0.6,0.6,0.6,0.6,0.6,0.6,0.6,0.6,0.6,0.6,0.6,0.6,0.6,0.6,0.6,0.6,0.6,0.6,0.6,0.6,0.6,0.6,0.6,0.6,0.6,0.6,0.6,0.6,0.6,0.6,0.6,0.6,0.6,0.6,0.6,0.6,0.6,0.6,0.6,0.6,0.6,0.6,0.6,0.6,0.6,0.6,0.6,0.6,0.6,0.6,0.6,0.6],"energies":[-365.3440297385078,-397.3046191637414,-424.54727043998275,-426.7368923428865,-414.57491885199596,-417.6864192819788,-429.02375995899524,-429.63782043469683,-431.5913299408491,-431.7948046126725,-431.78120671132024,-431.8087224718225,-431.97628576486744,-431.955961705305,-431.5705662128409,-431.9882229112873,-431.9899556019161,-431.9849333449337,-431.98564985202313,-431.9900015366222,-431.9910120455707,-431.99280097943256,-431.99644374948247,-431.99596536302806,-431.994110226347,-431.9958819128427,-431.99555970474387,-431.9968713532714,-431.99615580477086,-431.99052496088586,-431.9858148497881,-431.99404225079127,-431.99530490173436,-431.9961934006679,-431.9954166847174,-431.99241891013406,-431.9927288602409,-431.9927061675625,-431.9929778570255,-431.9915132427161,-431.9912107347544,-431.9916632729945,-431.99046212253035,-431.99089401026464,-431.9921161967126,-431.9921545377486,-431.9927250939152,-431.99275346746066,-431.99307192957815,-431.9935176810818,-431.99333005969214,-431.9932274388126,-431.9932645162242,-431.9932898633083,-431.9923284617216,-431.99431101738344,-431.99442150086566,-431.99346919844476,-431.99448422947677,-431.99469584907035,-431.9940423403916,-431.9935975177718,-431.9937037450134,-431.9937440486235,-431.99411938946275,-431.99285287987163,-431.99294155738164,-431.9929592220703,-431.99302084433094,-431.99309997059237,-431.99299798080125,-431.9928050141824,-431.99270190755124,-431.9926842466371,-431.99269334392716,-431.9926972381448,-431.9935922537054,-431.9945046762428,-431.9928687307713,-431.99206571136267,-431.9927493507602,-431.99273076539305,-431.99293180803534,-431.9929576173229,-431.99323660154243,-431.9929139284451,-431.99243447986214,-431.9925470665309,-431.99320267815455,-431.9934267425144,-431.99337860635535,-431.99335792587163,-431.9932283307602,-431.99293502418516,-431.99296148147255,-431.9935308904969,-431.99374585086576,-431.9934153298864,-431.99376164347296],"residuals":[923.1487863501912,730.8533368291925,411.72616019794947,337.87668797323545,634.3742429166418,567.2797785831629,253.64789274395986,225.4922109487026,90.19876774393384,61.813857838896276,64.01522506525053,60.199899592114654,13.540870136484079,17.898895926641146,94.6392672472862,16.605938185608903,12.614170340794123,14.306818679137384,13.72055686634502,4.626326430374518,7.556801371687258,3.4259118455758797,2.7617811778372667,2.6647489163129614,3.9078188098136404,2.7189757123925355,3.6244446854459595,3.3995383450774455,1.1537319698822113,8.462865826146889,12.73357654999427,3.705947619143541,4.373182909494803,2.880156790921851,1.1739887094448047,4.518951909130922,3.1889809547558365,3.0309066844060912,3.18410652949416,2.5294151970043264,2.112935406286628,1.5448066275195362,3.4885143385037045,2.797904917179638,1.503185831566879,1.902290157152392,2.545527442850948,2.4300597961410038,1.4207024397235604,0.8619792728740371,1.0220136132217081,0.9048875723866519,0.7770955354014886,0.7824800414043176,0.6870846402286758,1.3928006990522876,1.547681882650597,0.7199272500824424,2.0900796662964303,2.519925543537355,1.6674882133824642,1.3123968700672979,1.339958357196198,1.397074186526427,2.171539359923834,2.0381001438334763,2.02038189431772,1.9325547816120612,1.9523692810047524,1.8501576249343228,1.3576403564929027,1.3636155209918965,1.4534428666271766,1.4306303785874515,1.4288817401562834,0.7919706919416286,0.46790770356586764,1.8712486979974787,1.0940813529905975,1.5966274131939424,1.1230932451239162,1.094477333949397,0.669143072377787,0.5234274141222622,0.35071366226347295,0.4376427618083628,0.7611676446220259,0.8566003559257559,0.31384175033408324,0.30837789446271147,0.30372813849866886,0.38834028408913535,0.35619943030379775,0.48573438135399527,0.4672178492313843,0.4798890893286358,0.7081313249772416,0.48631396807471716,1.019780774480642],"smearing":"DFTK.Smearing.Gaussian()","ndiag":[1,1,1,1,1,1,1,1,1,1,1,1,1,1,1,1,1,1,1,1,1,1,1,1,1,1,1,1,1,1,1,1,1,1,1,1,1,1,1,1,1,1,1,1,1,1,1,1,1,1,1,1,1,1,1,1,1,1,1,1,1,1,1,1,1,1,1,1,1,1,1,1,1,1,1,1,1,1,1,1,1,1,1,1,1,1,1,1,1,1,1,1,1,1,1,1,1,1,1],"fft_size":[64,64,64],"kwargs":"Base.Iterators.Pairs{Union{}, Union{}, Tuple{}, NamedTuple{(), Tuple{}}}()","n_kirred":452,"damping":"DFTK.FixedDamping(0.6)","type":"potmix"}