{"done":true,"kgrid":[11,11,11],"mixing":"KerkerMixing(0.8, 0.0)","temperature":0.01,"Ecut":45.0,"lattice":[[4.759558703788696,2.747932498866716,8.305031363313166],[-4.759558703788696,2.747932498866716,8.305031363313166],[-0.0,-5.495864997733432,8.305031363313166]],"n_electr":76,"n_bands":92,"α":[0.3,0.3,0.3,0.3,0.3,0.3,0.3,0.3,0.3,0.3,0.3,0.3,0.3,0.3,0.3,0.3,0.3,0.3,0.3,0.3,0.3,0.3,0.3,0.3,0.3,0.3,0.3,0.3,0.3,0.3,0.3,0.3,0.3,0.3,0.3,0.3,0.3,0.3,0.3,0.3,0.3,0.3,0.3,0.3,0.3,0.3,0.3,0.3,0.3,0.3,0.3,0.3,0.3,0.3,0.3,0.3,0.3,0.3,0.3,0.3,0.3,0.3,0.3,0.3,0.3,0.3,0.3,0.3,0.3,0.3,0.3,0.3,0.3,0.3,0.3,0.3,0.3,0.3,0.3,0.3,0.3,0.3,0.3,0.3,0.3,0.3,0.3,0.3,0.3,0.3,0.3,0.3,0.3,0.3,0.3,0.3,0.3,0.3,0.3],"energies":[-365.3440297385078,-423.09692807457236,-423.7080442994887,-426.09948005660425,-431.5841298078609,-429.0852386312988,-430.47844751691605,-431.3403993149925,-431.8258905184699,-431.840693344735,-431.96221766350624,-431.9814109345399,-431.9855997549744,-431.98979808711454,-431.99282030096316,-431.9924525716602,-431.9929797128434,-431.9930571382163,-431.99307966071774,-431.99306699851354,-431.9931095045894,-431.9922315566824,-431.99376423526496,-431.9943674202144,-431.9941237835014,-431.9931836304303,-431.99300186208967,-431.99252128685094,-431.99398578113636,-431.9948974329349,-431.9938538380607,-431.9941773886892,-431.99324983625604,-431.9926943320917,-431.99263017001687,-431.99234513011646,-431.9925573504269,-431.9924883326027,-431.9928910609434,-431.99389323392387,-431.9922334697842,-431.99088757140066,-431.98938582732103,-431.9889773649998,-431.98532471158074,-431.96958286875036,-431.95393433541847,-431.9639204205991,-431.9892977585656,-431.9884707361426,-431.98698874848156,-431.9938151649847,-431.9931038526779,-431.99289231980947,-431.99165086724213,-431.99132676820045,-431.99162141208166,-431.99175587532375,-431.9919261543023,-431.99173488181737,-431.9919112037775,-431.9918877627255,-431.99214778803764,-431.9920813361125,-431.99318121005814,-431.99384421000303,-431.99515561692044,-431.9934398660939,-431.9936006977266,-431.99310233159355,-431.99327824884267,-431.9930419483338,-431.9929756658378,-431.99285415664133,-431.9929673381456,-431.9929747150777,-431.993016216518,-431.9937661122481,-431.99407474983303,-431.99400883880395,-431.99331597063417,-431.9936594436988,-431.99365000829175,-431.9933026385376,-431.993274805973,-431.9932743402919,-431.99316732734167,-431.99330068421204,-431.99310643288806,-431.99312860713405,-431.99319334407096,-431.9932471811266,-431.99290223077026,-431.99331495534324,-431.9950993242572,-431.99239971711876,-431.99257416965935,-431.9916051090406,-431.98952547302395],"residuals":[923.1487863501912,332.6352251695769,417.5635265960981,362.3515489134713,74.5695095432169,246.2473832566898,182.48718871979239,119.19554804759078,61.768637511346384,59.13386580128315,28.09706487677444,17.183616826282048,13.477638515770899,8.440791390121186,2.1658151197382045,3.594084500709423,1.7067354883329946,0.9581820488780972,0.6177521533229428,1.0557843019311723,1.0756268703731584,3.147372714792852,1.2548527821394795,3.6128959067521933,3.1018063875156936,1.4380572069370086,1.1769518213324865,1.4798436385170575,1.075437068743374,8.148876750827569,2.3048960115384967,4.4229359105346795,5.068395439347068,3.6580423336351697,3.4778363085095068,3.6257486497967686,3.491460190895234,3.5163065757797605,3.388714612964253,6.150502491399248,3.314401296055043,1.8249005507296114,3.7827448960711023,4.481071987115869,9.154280774750243,19.784925293668955,26.697640302221373,22.481775499672626,3.7511603188993563,5.217090520112048,7.294283900689816,1.0994464117269922,12.099046103012666,2.80617643645283,4.384522842246917,4.53685175564729,4.337721203419266,4.219152849024073,4.145517077852943,4.5266817138932565,4.297157344922638,4.257085215305504,3.8572258629105085,3.73420469737829,0.27780126170650704,0.7174712763372011,2.462230266243428,0.8614949208095917,1.2311490949305548,1.6848685563052355,1.1734083327425875,1.3973776747915856,1.4767689026195099,1.5851934394077385,1.471260095439774,1.4799314012171854,1.4126038793985072,1.4014564943103722,1.3512073215714406,1.6837277928244851,1.2373202802967038,1.4476358270229186,1.3743096465113427,1.1795822947107182,1.153751874461725,1.1547208038715293,1.2013860218048429,1.1838242126349803,1.169863787556117,1.1809378942264663,1.1123668540456078,1.047884803512796,1.0432119546241405,0.8887271636250866,4.500818174296473,1.76274438047833,1.6842014738528168,1.7326821006886717,3.6835278111634273],"smearing":"DFTK.Smearing.Gaussian()","ndiag":[1,1,1,1,1,1,1,1,1,1,1,1,1,1,1,1,1,1,1,1,1,1,1,1,1,1,1,1,1,1,1,1,1,1,1,1,1,1,1,1,1,1,1,1,1,1,1,1,1,1,1,1,1,1,1,1,1,1,1,1,1,1,1,1,1,1,1,1,1,1,1,1,1,1,1,1,1,1,1,1,1,1,1,1,1,1,1,1,1,1,1,1,1,1,1,1,1,1,1],"fft_size":[64,64,64],"kwargs":"Base.Iterators.Pairs{Union{}, Union{}, Tuple{}, NamedTuple{(), Tuple{}}}()","n_kirred":452,"damping":"DFTK.FixedDamping(0.3)","type":"potmix"}