{"done":true,"kgrid":[11,11,11],"mixing":"KerkerMixing(0.8, 0.0)","temperature":0.01,"Ecut":45.0,"lattice":[[4.759558703788696,2.747932498866716,8.305031363313166],[-4.759558703788696,2.747932498866716,8.305031363313166],[-0.0,-5.495864997733432,8.305031363313166]],"n_electr":76,"n_bands":92,"α":[0.7,0.7,0.7,0.7,0.7,0.7,0.7,0.7,0.7,0.7,0.7,0.7,0.7,0.7,0.7,0.7,0.7,0.7,0.7,0.7,0.7,0.7,0.7,0.7,0.7,0.7,0.7,0.7,0.7,0.7,0.7,0.7,0.7,0.7,0.7,0.7,0.7,0.7,0.7,0.7,0.7,0.7,0.7,0.7,0.7,0.7,0.7,0.7,0.7,0.7,0.7,0.7,0.7,0.7,0.7,0.7,0.7,0.7,0.7,0.7,0.7,0.7,0.7,0.7,0.7,0.7,0.7,0.7,0.7,0.7,0.7,0.7,0.7,0.7,0.7,0.7,0.7,0.7,0.7,0.7,0.7,0.7,0.7,0.7,0.7,0.7,0.7,0.7,0.7,0.7,0.7,0.7,0.7,0.7,0.7,0.7,0.7,0.7,0.7],"energies":[-365.3440297385078,-387.0251846906276,-424.017475698589,-426.54338298067194,-415.5318206000631,-420.0763555451035,-426.3991100841105,-431.45662683008413,-431.8267931485019,-431.2739421448503,-431.33466088638954,-431.98932685216243,-431.9866407150698,-431.92844181871124,-431.97978549742515,-431.9761213678514,-431.98320343943664,-431.9882101515333,-431.98234856084144,-431.9763625074236,-431.9870465026874,-431.9884763702274,-431.99384182251123,-431.9923012438325,-431.9925572822433,-431.99246518656014,-431.9933565080582,-431.99367323826255,-431.9924551214298,-431.99176200241067,-431.99124475149654,-431.99145702124036,-431.99236956067864,-431.99318771039384,-431.9931391015776,-431.992995389046,-431.99310711894384,-431.9933533343894,-431.9932469168842,-431.9931264691547,-431.9931849372929,-431.9931989423442,-431.9931584731614,-431.99303804602806,-431.9934526526238,-431.93146350948024,-431.94002265662414,-431.9335690423453,-431.9752959300478,-431.919681137492,-431.9884831789947,-431.9870463693221,-431.9904370416533,-431.99467234860543,-431.9935265689405,-431.99313210719896,-431.9926914155685,-431.9926863833711,-431.99266201037705,-431.9928507046213,-431.9932004707151,-431.99325907524764,-431.9939134986241,-431.9939999297669,-431.99372376762,-431.99372712123886,-431.9934788980394,-431.9934684873,-431.9934813390772,-431.9931908314272,-431.9935727824749,-431.9918429936541,-431.99265754735086,-431.99187238802034,-431.992844512548,-431.9929917320409,-431.99368906834314,-431.9939094656229,-431.99389051022814,-431.99363925921307,-431.99361564013947,-431.992669799618,-431.9924461166131,-431.99269443071915,-431.9923815155837,-431.99274796316644,-431.9927237275606,-431.9927442139189,-431.99294925588515,-431.99308061037306,-431.99393145723457,-431.9939830841979,-431.99392322641046,-431.9927329078029,-431.9916696050173,-431.9929972108799,-431.9942371199832,-431.9942769735987,-431.9926887975451],"residuals":[923.1487863501912,859.9744555934087,435.3589461994821,350.1883216641859,622.6151401170632,517.3368028210305,358.78963818951775,104.85478273414816,53.966658315459384,123.96814447586864,119.08475382621975,6.712097114584715,7.8041365498395585,38.54329815866343,13.96658977293425,20.13417932451693,15.993865125952759,12.155033634898453,16.84383506919592,20.13759689693326,12.92489744583274,11.021020740513656,0.7906048833686034,5.009804529025966,4.0854939175360805,2.3322072152777436,2.5547736176557576,9.587431569298559,3.6262138612493895,2.856395811783273,3.213737999799172,2.256691678670699,1.2546013760827326,0.774853754679144,0.5645928834933409,0.3940929350154995,0.3518701426568632,0.5603660014518276,0.4443699225536468,0.3543749484407636,0.36898932893616543,0.3728273711321288,0.39089155735774317,0.36052942115931125,0.7228432871947029,39.09192038719144,36.77795345253458,38.534366127246074,24.256808503331786,42.03955517297641,16.20452241453609,17.26059301204148,14.470912211959115,3.250727856741023,0.9394057912970973,0.9382160345308599,1.4485393720596038,1.4715867385679802,1.4773169659204797,1.0128783659231861,0.7815058594274942,1.2056842107028218,1.0162851745634216,1.0787828007063167,1.3889624175963435,1.4818963849753768,1.245912539468701,1.236855236514544,0.9241159378813224,1.2045188473688595,1.4754776284095146,1.2771515447636779,0.6337165697790597,0.9993580789248498,0.4937728678851469,0.35084170981343515,0.4188733499201342,0.5840985364564816,0.575130631280734,0.4695135542025507,0.47076501604445325,1.334445258549856,1.5250391091345905,1.3654486132569905,1.6806849472937415,0.8357805160096026,0.8380485846103877,0.7755663423611711,0.585515749948415,0.33482465144138435,0.753254445605124,0.8804670814799053,0.7857514894338342,0.6956820475831281,1.1315889229684526,0.46947609260355844,1.1676828299918471,1.2142449116531497,0.8007634651263883],"smearing":"DFTK.Smearing.Gaussian()","ndiag":[1,1,1,1,1,1,1,1,1,1,1,1,1,1,1,1,1,1,1,1,1,1,1,1,1,1,1,1,1,1,1,1,1,1,1,1,1,1,1,1,1,1,1,1,1,1,1,1,1,1,1,1,1,1,1,1,1,1,1,1,1,1,1,1,1,1,1,1,1,1,1,1,1,1,1,1,1,1,1,1,1,1,1,1,1,1,1,1,1,1,1,1,1,1,1,1,1,1,1],"fft_size":[64,64,64],"kwargs":"Base.Iterators.Pairs{Union{}, Union{}, Tuple{}, NamedTuple{(), Tuple{}}}()","n_kirred":452,"damping":"DFTK.FixedDamping(0.7)","type":"potmix"}