{"done":true,"kgrid":[11,11,11],"mixing":"KerkerMixing(0.8, 0.0)","temperature":0.01,"Ecut":45.0,"lattice":[[4.759558703788696,2.747932498866716,8.305031363313166],[-4.759558703788696,2.747932498866716,8.305031363313166],[-0.0,-5.495864997733432,8.305031363313166]],"n_electr":76,"n_bands":92,"α":[0.8,0.8,0.8,0.8,0.8,0.8,0.8,0.8,0.8,0.8,0.8,0.8,0.8,0.8,0.8,0.8,0.8,0.8,0.8,0.8,0.8,0.8,0.8,0.8,0.8],"energies":[-365.3440297385078,-374.6330526169668,-422.23471080262703,-426.43821284880136,-426.4159420957726,-428.14259388392753,-428.0948204923523,-431.97154420040704,-431.9857454468561,-431.99164398181165,-431.99900616953806,-431.9916785031683,-431.9946756611354,-431.9988186558901,-431.99961071426367,-432.000097860639,-432.00036742574804,-432.0003804115479,-432.00038704079634,-432.0003870548702,-432.0003870603299,-432.00038706138093,-432.0003870616165,-432.0003870616389,-432.0003870616404],"residuals":[923.1487863501912,984.5905718559684,475.5783564352096,350.5900068253637,342.8054859371829,288.2615731296754,288.05303913966316,14.098236500867936,6.638902826767215,5.428479722812117,3.545296822012052,13.193441742181625,11.420811667245797,6.123159101935164,4.203772703578111,2.4616091482741926,0.6645125639789854,0.38774328953303416,0.018143780090100627,0.010384515343049308,0.003953648275351754,0.0018702539595584272,0.0004553574823007552,6.589353890345901e-5,6.993489248796996e-5],"smearing":"DFTK.Smearing.Gaussian()","ndiag":[1,1,1,1,1,1,1,1,1,1,1,1,1,1,1,1,1,1,1,1,1,1,1,1,1],"fft_size":[64,64,64],"kwargs":"Base.Iterators.Pairs{Union{}, Union{}, Tuple{}, NamedTuple{(), Tuple{}}}()","n_kirred":452,"damping":"DFTK.FixedDamping(0.8)","type":"potmix"}