{"done":true,"kgrid":[11,11,11],"mixing":"KerkerMixing(0.8, 0.0)","temperature":0.01,"Ecut":45.0,"lattice":[[4.759558703788696,2.747932498866716,8.305031363313166],[-4.759558703788696,2.747932498866716,8.305031363313166],[-0.0,-5.495864997733432,8.305031363313166]],"n_electr":76,"n_bands":92,"α":[0.4,0.4,0.4,0.4,0.4,0.4,0.4,0.4,0.4,0.4,0.4,0.4,0.4,0.4,0.4,0.4,0.4,0.4,0.4,0.4,0.4,0.4,0.4,0.4,0.4,0.4,0.4,0.4,0.4,0.4,0.4,0.4,0.4,0.4,0.4,0.4,0.4,0.4,0.4,0.4,0.4,0.4,0.4,0.4,0.4,0.4,0.4,0.4,0.4,0.4,0.4,0.4,0.4,0.4,0.4,0.4,0.4,0.4,0.4,0.4,0.4,0.4,0.4,0.4,0.4,0.4,0.4,0.4,0.4,0.4,0.4,0.4,0.4,0.4,0.4,0.4,0.4,0.4,0.4,0.4,0.4,0.4,0.4,0.4,0.4,0.4,0.4,0.4,0.4,0.4,0.4,0.4,0.4,0.4,0.4,0.4,0.4,0.4,0.4],"energies":[-365.3440297385078,-422.2993691098687,-413.75312461184456,-428.9691964442565,-422.82353979277246,-427.3084020077548,-428.49464133413176,-431.9253692153255,-431.76534357819304,-431.4951349928116,-431.578623822363,-431.8881135190085,-431.9136402059124,-431.97854247865246,-431.97408096127083,-431.9523175078166,-431.9902363859075,-431.9933281558992,-431.99345883424434,-431.99363597775385,-431.99333835855583,-431.9931921421944,-431.9932663294839,-431.99341014640936,-431.99345516842885,-431.9931931509396,-431.99326766427845,-431.99288609485745,-431.99394682185704,-431.99299593659896,-431.9922971489795,-431.99407121045874,-431.992301915224,-431.9952647336746,-431.9958299239569,-431.9957142410056,-431.99578474024935,-431.99179757452754,-431.9946813566938,-431.9956704570979,-431.99280982116176,-431.9909176003771,-431.9908386596739,-431.9914599103194,-431.9916941442598,-431.99304043809195,-431.99293908909476,-431.99187336632843,-431.9906663684094,-431.9907524135042,-431.99093542768657,-431.990985822271,-431.9927897433606,-431.993158396415,-431.9933567596444,-431.99361027683415,-431.9937731569852,-431.9930855637746,-431.99305033486934,-431.9929943959444,-431.9930757723477,-431.99399624917146,-431.9948472189766,-431.99217206030767,-431.9907388789043,-431.99215140279256,-431.99215605277726,-431.9927487123574,-431.99317056327726,-431.9934205675507,-431.9934315134528,-431.9935132370643,-431.99348593697493,-431.993444474062,-431.99347996013904,-431.99354813804405,-431.9938393641409,-431.9945806018083,-431.9928564413788,-431.9920476534667,-431.99307500224404,-431.9930601773001,-431.99268090211524,-431.9927323098928,-431.99276830921383,-431.9930291445547,-431.9929244597074,-431.99350358143994,-431.9940581895701,-431.9932700942821,-431.99284676699637,-431.9926257989987,-431.9928128272118,-431.9931345537194,-431.99347928073536,-431.99375098212704,-431.99455882037586,-431.99429627034596,-431.99403022788005],"residuals":[923.1487863501912,447.6897049242531,642.6407669426086,249.19659283512775,446.06422575068285,322.42708786489584,275.30590947041,28.855988497676275,67.15459292374562,102.44373866590375,93.33742410817406,45.811860349544,39.20482249577168,13.505699559207567,19.72399056361193,30.651287342122977,7.3130121459577735,1.73852631077454,0.3965685059228657,0.8911598654268793,2.713645862856604,3.355451166604954,2.521939946136193,0.7034465222801767,0.4850870680136018,1.0928356024754569,1.903988114628181,1.3889369843788513,0.9159850987669633,0.290344351770993,0.7359053793949079,0.5823507687142522,12.895447072939598,8.809718204449904,6.878832455892504,5.744284167556276,6.717629089149491,13.223741366141036,6.440515706278596,6.95474137406759,7.134000431811293,7.759573165417517,7.277675918305871,6.555074483987546,6.081102008267143,2.614498304325617,1.0354912888820258,2.0899888261087516,1.9967703766953662,1.7220128104515235,2.1751006489948006,1.6960888639648786,0.46590505400590654,1.0273948549354381,0.8058002113391397,0.7978615990940346,0.7466700323074598,0.3932403459443463,0.4269952837414202,0.4098455771028284,0.5335764707236403,0.7800098470346873,0.8043164934906294,2.5285451392151987,1.930201775071876,1.7124114524946954,1.5793884008119534,0.8703916167953579,0.3380087025827991,0.46638677356749153,0.41600450550809615,0.46704559715476596,0.4920393962798174,0.5056145289164093,0.6533280120052848,0.6433122402859711,0.6005852645167333,1.5694288984793225,1.2065745857679697,1.6471332674306325,0.7963147530637033,0.8540490708977861,1.476702312505888,1.3951503622513814,1.282222084032634,0.9099031956312882,1.0550523813826818,0.708187994040776,1.1071697423890314,0.7161723565631292,1.0440984506937583,1.2543353143098321,1.067802986702994,0.7778545080758933,0.6211007454046297,0.7926707948729085,1.9761543970875919,1.4852804626403786,1.108181664841607],"smearing":"DFTK.Smearing.Gaussian()","ndiag":[1,1,1,1,1,1,1,1,1,1,1,1,1,1,1,1,1,1,1,1,1,1,1,1,1,1,1,1,1,1,1,1,1,1,1,1,1,1,1,1,1,1,1,1,1,1,1,1,1,1,1,1,1,1,1,1,1,1,1,1,1,1,1,1,1,1,1,1,1,1,1,1,1,1,1,1,1,1,1,1,1,1,1,1,1,1,1,1,1,1,1,1,1,1,1,1,1,1,1],"fft_size":[64,64,64],"kwargs":"Base.Iterators.Pairs{Union{}, Union{}, Tuple{}, NamedTuple{(), Tuple{}}}()","n_kirred":452,"damping":"DFTK.FixedDamping(0.4)","type":"potmix"}