{"done":true,"kgrid":[11,11,11],"mixing":"KerkerMixing(0.8, 0.0)","temperature":0.01,"Ecut":45.0,"lattice":[[4.759558703788696,2.747932498866716,8.305031363313166],[-4.759558703788696,2.747932498866716,8.305031363313166],[-0.0,-5.495864997733432,8.305031363313166]],"n_electr":76,"n_bands":92,"α":[0.5,0.5,0.5,0.5,0.5,0.5,0.5,0.5,0.5,0.5,0.5,0.5,0.5,0.5,0.5,0.5,0.5,0.5,0.5,0.5,0.5,0.5,0.5,0.5,0.5,0.5,0.5,0.5,0.5,0.5,0.5,0.5,0.5,0.5,0.5,0.5,0.5,0.5,0.5,0.5,0.5,0.5,0.5,0.5,0.5,0.5,0.5,0.5,0.5,0.5,0.5,0.5,0.5,0.5,0.5,0.5,0.5,0.5,0.5,0.5,0.5,0.5,0.5,0.5,0.5,0.5,0.5,0.5,0.5,0.5,0.5,0.5,0.5,0.5,0.5,0.5,0.5,0.5,0.5,0.5,0.5,0.5,0.5,0.5,0.5,0.5,0.5,0.5,0.5,0.5,0.5,0.5,0.5,0.5,0.5,0.5,0.5,0.5,0.5],"energies":[-365.3440297385078,-418.0719802430338,-405.9203826620512,-426.917894734213,-424.16664078669106,-427.1914741210928,-430.75804501714504,-431.19833698402715,-431.73972001764304,-431.88497857405395,-431.8535170596027,-431.9708814180404,-431.98007675131925,-431.9929288923888,-431.99329551766016,-431.99353484849377,-431.99358991039765,-431.9933817260709,-431.99296008541046,-431.99290147324143,-431.99345192244937,-431.98159173378826,-431.93360486570685,-431.99410219331355,-431.9949443330323,-431.9945954745427,-431.9944572421755,-431.9943059575893,-431.9939588236233,-431.99405025392,-431.9941846959958,-431.9935569129344,-431.9932261118638,-431.9928296267387,-431.9929820791405,-431.9925758598827,-431.993633552496,-431.99505219706873,-431.9953990097192,-431.9947073415833,-431.99314240992004,-431.99253877447336,-431.9908313605152,-431.9913356393022,-431.9916160394865,-431.99047781252017,-431.990511806943,-431.99082969931914,-431.9905508500803,-431.9892441515662,-431.9910624547896,-431.9932948664029,-431.99362700836497,-431.9940756163832,-431.997205660024,-431.9969084942253,-431.9951493062918,-431.99370295797695,-431.9940178514574,-431.9939404597978,-431.99386814073017,-431.99378931718434,-431.99294836642355,-431.9925344245313,-431.99320363147854,-431.9934799177268,-431.9935378813634,-431.9936122197379,-431.99481904537214,-431.99502105704073,-431.9950465126617,-431.99400860835357,-431.99482550509964,-431.9954403693776,-431.99461784396686,-431.9928665856657,-431.9927042054538,-431.9925993064474,-431.9925606480943,-431.99249493967676,-431.99265174243385,-431.99257826285316,-431.9925237747232,-431.9930048278995,-431.9928818991538,-431.9928842647882,-431.993845714802,-431.9945807388036,-431.9923404197542,-431.9925904028501,-431.9924358174609,-431.9923600865475,-431.992454824604,-431.99247227856335,-431.99122487767033,-431.9912347745136,-431.98980181443056,-431.9897224300621,-431.9895444309078],"residuals":[923.1487863501912,546.4507281063534,775.4379302341802,323.38316707057936,409.52982629741257,323.3986867169525,161.65031424542508,129.388958537501,71.51959354249013,47.17791964414551,54.815622562895406,22.715893918097766,17.642741879684568,2.7079573026708084,1.231574074280702,0.8140356043145094,1.0384204572859828,0.5242995581355177,1.9426727911408084,0.32983454216382635,0.32999025971245116,20.87915560114087,38.51222124475177,1.906997383452129,0.8488286084438658,0.9742598845007946,0.706237641314178,0.8626292874954652,1.1714949843192237,1.4301610942911873,1.0324114443001855,1.3789263309031357,1.2528607441736532,0.8873879592286161,1.3627708114216663,1.681889403344164,0.7728523920236481,3.569002236856676,4.961113749310084,0.9298454265217673,0.5937481053118597,1.4752875016665539,1.724937957846771,1.6740964218698378,1.7181765317706725,1.9987776428928152,1.8854815634936186,1.6080190024651804,1.861304840859363,3.6086334002132756,3.0226073141128666,0.5022509753408038,1.206699669212986,1.4553912928463855,1.558758783381432,1.1613118498981336,1.4631560733143658,1.0207897687469185,0.5651143167140452,0.4767006730778401,0.41006957317135617,0.5350471859131881,1.34336103008124,1.8340985436914152,1.200061978125289,1.1513726816270886,1.1532255417179986,1.1557908509138335,3.275338748322081,3.8412819568119216,4.556237541108218,1.934998688556856,2.2931747431800913,5.772737317733619,2.6086380441748016,2.4629955037552405,2.8606618595426174,2.955222680609529,3.0224813248205913,3.1393901221878733,2.5911612629667635,2.316038173623826,2.340478071563331,1.4773632698454677,1.606229206286809,0.968463755248548,0.841448339393173,2.1475482024103876,1.5676872689073842,1.3592623111434938,1.467927117758512,1.5817597488048751,1.5209709990076004,1.5193826290619619,1.5191633659489507,1.5417885176394786,3.2944218463978867,3.4067810567706887,3.8372343453360336],"smearing":"DFTK.Smearing.Gaussian()","ndiag":[1,1,1,1,1,1,1,1,1,1,1,1,1,1,1,1,1,1,1,1,1,1,1,1,1,1,1,1,1,1,1,1,1,1,1,1,1,1,1,1,1,1,1,1,1,1,1,1,1,1,1,1,1,1,1,1,1,1,1,1,1,1,1,1,1,1,1,1,1,1,1,1,1,1,1,1,1,1,1,1,1,1,1,1,1,1,1,1,1,1,1,1,1,1,1,1,1,1,1],"fft_size":[64,64,64],"kwargs":"Base.Iterators.Pairs{Union{}, Union{}, Tuple{}, NamedTuple{(), Tuple{}}}()","n_kirred":452,"damping":"DFTK.FixedDamping(0.5)","type":"potmix"}