{"done":true,"kgrid":[11,11,11],"mixing":"KerkerMixing(0.8, 0.0)","temperature":0.01,"Ecut":45.0,"lattice":[[4.759558703788696,2.747932498866716,8.305031363313166],[-4.759558703788696,2.747932498866716,8.305031363313166],[-0.0,-5.495864997733432,8.305031363313166]],"n_electr":76,"n_bands":92,"α":[0.9,0.9,0.9,0.9,0.9,0.9,0.9,0.9,0.9,0.9,0.9,0.9,0.9,0.9,0.9,0.9,0.9,0.9,0.9,0.9,0.9,0.9,0.9],"energies":[-365.3440297385078,-353.4533449760123,-422.07134783390995,-427.1934396997339,-431.5304779439203,-430.7696060821071,-430.94503015287006,-431.7981194100845,-431.9669234404622,-431.99408100012107,-431.99822880613317,-431.997191672098,-431.9991468511307,-432.00007089686824,-432.0001674886147,-432.00035967269633,-432.00037688879354,-432.0003867715853,-432.00038704097295,-432.000387059233,-432.00038706154015,-432.00038706163065,-432.0003870616404],"residuals":[923.1487863501912,1143.8639016109805,470.57913131939455,313.5747027079744,79.68800924035325,161.45381289867242,147.8870650180378,64.71059839324434,24.781673877299855,8.40836443196846,3.0472657814420545,8.253210114218817,5.432806533256282,2.4203491097437912,2.2354088693666534,0.7864412024609045,0.4816842730395797,0.07571004243199049,0.020658843715067668,0.006393384923897983,0.0009032852131176597,0.00017894047834816324,3.048195917165595e-5],"smearing":"DFTK.Smearing.Gaussian()","ndiag":[1,1,1,1,1,1,1,1,1,1,1,1,1,1,1,1,1,1,1,1,1,1,1],"fft_size":[64,64,64],"kwargs":"Base.Iterators.Pairs{Union{}, Union{}, Tuple{}, NamedTuple{(), Tuple{}}}()","n_kirred":452,"damping":"DFTK.FixedDamping(0.9)","type":"potmix"}