{"done":true,"kgrid":[11,11,11],"mixing":"KerkerMixing(0.8, 0.0)","temperature":0.01,"Ecut":45.0,"lattice":[[4.759558703788696,2.747932498866716,8.305031363313166],[-4.759558703788696,2.747932498866716,8.305031363313166],[-0.0,-5.495864997733432,8.305031363313166]],"n_electr":76,"n_bands":92,"α":[0.1,0.1,0.1,0.1,0.1,0.1,0.1,0.1,0.1,0.1,0.1,0.1,0.1,0.1,0.1,0.1,0.1,0.1,0.1,0.1,0.1,0.1,0.1,0.1,0.1,0.1,0.1,0.1,0.1,0.1,0.1,0.1,0.1,0.1,0.1,0.1,0.1,0.1,0.1,0.1,0.1,0.1,0.1,0.1,0.1,0.1,0.1,0.1,0.1,0.1,0.1,0.1,0.1,0.1,0.1,0.1,0.1,0.1,0.1,0.1,0.1,0.1,0.1,0.1,0.1,0.1,0.1,0.1,0.1,0.1,0.1,0.1,0.1,0.1,0.1,0.1,0.1,0.1,0.1,0.1,0.1,0.1,0.1,0.1,0.1,0.1,0.1,0.1,0.1,0.1,0.1,0.1,0.1,0.1,0.1,0.1,0.1,0.1,0.1],"energies":[-365.3440297385078,-387.19331988998385,-418.45668228649686,-418.92730291276325,-415.7275908348257,-403.9233600152453,-411.85769138760224,-413.9161415254641,-424.4986133986089,-425.9926590275571,-426.35980463655176,-430.7320344315959,-431.79763720833023,-430.29700804392394,-427.53756682599385,-430.1422120654548,-431.69152123688485,-431.02470546794365,-431.7903974195357,-431.67636890232154,-431.89423948753927,-431.8873210432731,-431.93242027787886,-431.9848561577915,-431.98710852560595,-431.98691303133364,-431.98774963997073,-431.99270675547297,-431.9927142940413,-431.99306568745806,-431.99320111369923,-431.99333753262886,-431.9931679298184,-431.99334569704143,-431.99339965884394,-431.99343149658455,-431.9934670713485,-431.9934750268349,-431.9932046131585,-431.9934227606012,-431.9934467967005,-431.9934134549435,-431.9933563990313,-431.99331710819735,-431.9931541531572,-431.9933459122334,-431.99332716854684,-431.9933112033248,-431.9932582894949,-431.99326707410313,-431.993339677771,-431.9932510016181,-431.99339061500694,-431.9932418082362,-431.9933968592466,-431.9932356348544,-431.9931533226351,-431.99325862146566,-431.9934009347633,-431.9928486415025,-431.99317262143387,-431.99329430963934,-431.9932820046634,-431.9932870106971,-431.9933036135133,-431.9932750040723,-431.993227649612,-431.9932818313233,-431.99329902898023,-431.9934338779337,-431.992943061576,-431.993182614184,-431.99324397275984,-431.99352810711116,-431.9931762519646,-431.9936162264282,-431.9929342674286,-431.9928728369976,-431.99270963764036,-431.99381362482853,-431.99391827250355,-431.9933499828219,-431.99314892202204,-431.9943410232599,-431.99253167381954,-431.9934978145089,-431.9934300868834,-431.99350225980066,-431.9935644571994,-431.9933180582843,-431.9933576879084,-431.99356829415694,-431.995226480488,-431.992465104505,-431.99573027460065,-431.99551074698826,-431.994167104671,-431.993906602411,-431.9944982179106],"residuals":[923.1487863501912,742.2452498982146,546.8588550608886,536.1567506375056,622.8704870451958,809.0428782987437,686.4063935354286,649.4512240527522,414.6510223146695,357.36704136738723,344.5851734303104,166.08802391856477,65.775544152812,193.99991554759325,314.3544177210182,202.26240599829114,75.05198237952965,142.11592055086538,61.79409824244661,83.163596227288,44.45264560321207,46.26539606183083,35.32157490917077,13.235150647339365,11.6218775518043,11.741068898336579,11.132755294722395,2.3780216592500705,2.647425316458477,1.4745074767311637,0.6237078050881052,0.7361214204406781,1.8431334351843387,0.9472019311156777,1.2390668082401899,1.0516651039500522,0.40492766870732766,0.32198258845999755,2.0950639013727566,0.3808541465314161,0.3906786186382441,0.36024447390875763,0.43490747936601676,0.38593659268632546,0.3403621458292145,0.2967378167639833,0.25546712765350427,0.29895779343455303,0.323828662284431,0.3621948618075253,0.3218809816694319,0.2974387058592378,0.2779972680516796,0.2694523451687256,0.3049680666709114,0.2903955789981039,0.30086086126837436,0.3003430962643466,0.2739310381350916,0.34295307065795316,0.452566984817797,0.4265098566910272,0.4080675299176909,0.41949090829004854,0.4160636750231246,0.42297162882848643,0.4382668831489563,0.42178804956746957,0.4369034555538515,0.2844858945867465,0.49991487530226125,0.28643399744274,0.4720736540671019,0.3628118927879686,0.4905223549413317,0.3352222241484838,0.7918660568419266,0.8098139422709261,0.92350491568338,0.36637785378837473,0.4398593826019194,0.28418926130357974,0.44893749514932135,1.1639388896938516,1.1568832188606948,0.3352725396480043,0.36519567070305947,0.3364549718923149,0.5884694265696512,0.4004293482633528,0.5958494259893617,0.7860044693189683,6.324360375361467,12.60674466321009,5.602925035912235,7.225016575190306,0.7156275565760826,0.3962720968624568,1.0465682157672402],"smearing":"DFTK.Smearing.Gaussian()","ndiag":[1,1,1,1,1,1,1,1,1,1,1,1,1,1,1,1,1,1,1,1,1,1,1,1,1,1,1,1,1,1,1,1,1,1,1,1,1,1,1,1,1,1,1,1,1,1,1,1,1,1,1,1,1,1,1,1,1,1,1,1,1,1,1,1,1,1,1,1,1,1,1,1,1,1,1,1,1,1,1,1,1,1,1,1,1,1,1,1,1,1,1,1,1,1,1,1,1,1,1],"fft_size":[64,64,64],"kwargs":"Base.Iterators.Pairs{Union{}, Union{}, Tuple{}, NamedTuple{(), Tuple{}}}()","n_kirred":452,"damping":"DFTK.FixedDamping(0.1)","type":"potmix"}