{"done":true,"kgrid":[11,11,11],"mixing":"KerkerMixing(0.8, 0.0)","temperature":0.01,"Ecut":45.0,"lattice":[[4.759558703788696,2.747932498866716,8.305031363313166],[-4.759558703788696,2.747932498866716,8.305031363313166],[-0.0,-5.495864997733432,8.305031363313166]],"n_electr":76,"n_bands":92,"α":[0.2,0.2,0.2,0.2,0.2,0.2,0.2,0.2,0.2,0.2,0.2,0.2,0.2,0.2,0.2,0.2,0.2,0.2,0.2,0.2,0.2,0.2,0.2,0.2,0.2,0.2,0.2,0.2,0.2,0.2,0.2,0.2,0.2,0.2,0.2,0.2,0.2,0.2,0.2,0.2,0.2,0.2,0.2,0.2,0.2,0.2,0.2,0.2,0.2,0.2,0.2,0.2,0.2,0.2,0.2,0.2,0.2,0.2,0.2,0.2,0.2,0.2,0.2,0.2,0.2,0.2,0.2,0.2,0.2,0.2,0.2,0.2,0.2,0.2,0.2,0.2,0.2,0.2,0.2,0.2,0.2,0.2,0.2,0.2,0.2,0.2,0.2,0.2,0.2,0.2,0.2,0.2,0.2,0.2,0.2,0.2,0.2,0.2,0.2],"energies":[-365.3440297385078,-403.0943856619314,-418.0866273179885,-419.6485215177911,-418.59195795617984,-412.4477428238355,-414.0927631031482,-415.468906440113,-416.83707874091425,-430.900600034772,-430.18941247829713,-430.1219079347272,-427.9385392778742,-429.7514183794776,-426.92553225945875,-426.4146726737869,-426.92301599496506,-429.75865393184193,-429.8165068187357,-429.7473067658352,-430.4734140118514,-430.36551311569553,-431.87176330032764,-431.46834814043103,-431.6173816600131,-431.32324731590285,-431.7757392688166,-431.75127301835397,-431.9039982664482,-431.9752245473616,-431.97645375424094,-431.97772821124306,-431.94487556648494,-431.97591279725674,-431.9815481560938,-431.9819684957612,-431.9910800574024,-431.9844927479323,-431.96891249660575,-431.9342967947656,-431.95293500355365,-431.9777401436433,-431.99044233896086,-431.98649990296553,-431.99254061081444,-431.99248238832774,-431.99294704755243,-431.99324953586523,-431.9942300061891,-431.99390271135076,-431.9935061284929,-431.9939209488011,-431.99354846495396,-431.9924696843884,-431.9924900664397,-431.9929440825642,-431.99285282556605,-431.99292207453783,-431.992974486866,-431.9934150408805,-431.99343081513666,-431.99329002392096,-431.993639875723,-431.9915088522115,-431.9946964200708,-431.99453072758433,-431.99420787623313,-431.9929180182216,-431.9947805374523,-431.99379162789563,-431.99375709566993,-431.9962439519743,-431.99640167971046,-431.9958524104908,-431.99607830392387,-431.9932218021026,-431.99287601724893,-431.99197822593953,-431.99265186000696,-431.9925948428453,-431.9925061739575,-431.992215025592,-431.99277230056987,-431.99234279141433,-431.9927557686333,-431.9926944520771,-431.9926742387952,-431.99342435847075,-431.9941008229463,-431.9928188634637,-431.9914962158056,-431.99211242026655,-431.9920818167005,-431.99204572562047,-431.9920275673224,-431.9920367529071,-431.99205493917424,-431.99206553550977,-431.99195373891183],"residuals":[923.1487863501912,576.8542656522596,526.6925865631836,524.8147582203804,552.3200836809766,642.5651042734567,641.6283734424684,622.0438793753767,593.148047181892,144.5970795483081,189.13660474330013,192.87849050652792,293.0802518521201,213.9409017963993,335.2928665692795,358.7070450096035,343.38949017550516,230.09096888231383,226.80163262459288,229.10645350336176,185.7640566140355,192.62808582631453,45.37371702084226,106.79933281438853,90.72230219716148,121.25939109950478,66.82220498575124,72.40075451913003,42.47260405132153,16.048690043354007,15.11289733570684,12.762825929923013,29.395588386172353,13.092307893193862,11.048051405067376,11.128952990035524,4.147603211191113,13.191262583634584,23.013605844211707,36.24688875084423,29.836077292722656,17.941931293474138,5.5789297368864155,11.562391342643547,2.582086176303994,4.629392538024381,3.2733652852196213,2.8425117950078924,1.4727623850637193,0.9514871517468382,2.5663923690563015,0.6868024341253867,1.0804670900670101,0.6843929096116439,1.7216064098924717,0.4237337315304748,0.7797243758195097,0.9787462138695422,1.0467414967185857,0.4209348601724569,0.4751594189240326,0.4597436240666535,0.4245463201670636,1.3083163843294245,1.0685693905295501,0.6396212447337769,10.907207545113971,12.418558059705246,9.9877788695507,11.442152644842048,11.432687120255565,5.007998361060798,5.175866551703194,5.3997297927585395,5.377324407404362,1.785269815204798,2.3472441276332514,4.129719612901058,1.317250316919891,1.179749523220579,1.6045730879922862,2.0985730080439557,1.0690666910264974,2.0998420587389313,1.014212171876099,0.9923787549868421,0.6450383664181524,0.3156325591262183,0.6881256173137722,1.0393786346585845,1.4418519512131431,1.4367978543584121,1.3306666821933393,1.3155785854426818,1.3712289401304583,1.4640339208941653,1.3186999541531002,1.1855664239020043,1.1792526209820575],"smearing":"DFTK.Smearing.Gaussian()","ndiag":[1,1,1,1,1,1,1,1,1,1,1,1,1,1,1,1,1,1,1,1,1,1,1,1,1,1,1,1,1,1,1,1,1,1,1,1,1,1,1,1,1,1,1,1,1,1,1,1,1,1,1,1,1,1,1,1,1,1,1,1,1,1,1,1,1,1,1,1,1,1,1,1,1,1,1,1,1,1,1,1,1,1,1,1,1,1,1,1,1,1,1,1,1,1,1,1,1,1,1],"fft_size":[64,64,64],"kwargs":"Base.Iterators.Pairs{Union{}, Union{}, Tuple{}, NamedTuple{(), Tuple{}}}()","n_kirred":452,"damping":"DFTK.FixedDamping(0.2)","type":"potmix"}