{"done":true,"kgrid":[11,11,11],"mixing":"KerkerMixing(0.8, 0.0)","temperature":0.01,"Ecut":45.0,"lattice":[[4.759558703788696,2.747932498866716,8.305031363313166],[-4.759558703788696,2.747932498866716,8.305031363313166],[-0.0,-5.495864997733432,8.305031363313166]],"n_electr":76,"n_bands":92,"α":[1.0,1.0,1.0,1.0,1.0,1.0,1.0,1.0,1.0,1.0,1.0,1.0,1.0,1.0,1.0,1.0,1.0,1.0,1.0,1.0,1.0,1.0,1.0],"energies":[-365.3440297385078,-317.4013514005624,-422.6486207504446,-428.2354941605344,-426.6025362489865,-431.3952680691609,-431.56739934335644,-431.98184995381547,-431.98095174665553,-431.98351627769176,-431.9921573577553,-431.9992737281385,-432.0002179108876,-432.0003810291114,-432.00036740120714,-432.0003780045879,-432.00038599651094,-432.0003869269201,-432.0003870595899,-432.0003870613689,-432.0003870616304,-432.0003870616404,-432.0003870616407],"residuals":[923.1487863501912,1360.9612086163002,443.7020851813123,234.48105338325618,348.2457650264967,120.91491772465193,99.36508602291534,13.061944695722364,21.2459701354972,20.24535439370921,13.830899582720756,5.571429355519412,2.254632547068232,0.25719986025959146,0.6641988971489281,0.4481005513777257,0.15268509012475742,0.053747273165400164,0.005758865599913572,0.0015567489680528256,0.00010872228025269898,4.38133311095543e-5,1.785451622730573e-5],"smearing":"DFTK.Smearing.Gaussian()","ndiag":[1,1,1,1,1,1,1,1,1,1,1,1,1,1,1,1,1,1,1,1,1,1,1],"fft_size":[64,64,64],"kwargs":"Base.Iterators.Pairs{Union{}, Union{}, Tuple{}, NamedTuple{(), Tuple{}}}()","n_kirred":452,"damping":"DFTK.FixedDamping(1.0)","type":"potmix"}