{"done":true,"kgrid":[4,4,1],"mixing":"SimpleMixing()","temperature":0.0,"Ecut":20.0,"lattice":[[0.0,5.341452623065961,5.341452623065961],[5.341452623065961,0.0,5.341452623065961],[106.82905246131921,106.82905246131921,0.0]],"n_electr":160,"n_bands":80,"α":[0.8,0.05,-0.05,-0.05,-0.05,-0.06886453468680162,-0.05,0.18230274575914243,0.4,0.48682941235943145,0.6363172540142873,0.8024198333697493,1.0,1.0,1.0,1.0,0.2705970733495615,0.4,0.40488632330614993,0.40488632330614993,0.5429965581149614,0.141936432511145,0.10051439454704456,0.4,0.4,0.4,0.4,0.4,0.4,0.4,0.4,0.4,0.4,0.41033860525302307,0.41033860525302307,0.41033860525302307,0.41033860525302307,0.41033860525302307,0.41033860525302307,0.41033860525302307],"energies":[-169.12511775186186,-169.31858794652808,-167.40492110471027,-164.143283780563,-160.84149247942494,-161.55721578280173,-158.67013872056737,-165.254469326938,-170.02010241454627,-170.36806950577628,-170.4374085914332,-170.72517911841186,-170.7373875027817,-170.74123820915952,-170.72489602649125,-170.73915422872773,-170.74358443148998,-170.75126154898973,-170.74798552791566,-170.7546443912883,-170.75627240628788,-170.75652626429851,-170.75664566048846,-170.7567997013398,-170.75681133385999,-170.75681208538347,-170.75681282326508,-170.75681295831419,-170.7568130123949,-170.75681303219295,-170.75681303584793,-170.75681303764696,-170.75681303892333,-170.75681303910284,-170.756813039155,-170.75681303916798,-170.7568130391815,-170.7568130391839,-170.7568130391853,-170.7568130391858],"residuals":[943.0381747923886,895.0700196957466,1253.3687979060744,1559.1022898276979,1753.597242041399,1667.1823497799824,1958.4697921059771,1277.1882275341966,409.32376072127295,345.69687893373225,332.002300407891,73.77941485796826,58.89804932520981,53.513281225824066,47.759758674011294,41.845513030477285,40.85397328251528,37.3583244862842,33.059946816368004,27.274692234607155,11.647808029105429,9.751796262120422,5.784617863352613,0.4867701810289123,0.239099502252927,0.1938556125408941,0.0927037877232484,0.047347709797627605,0.03212119976943256,0.02122217523240248,0.013453176294958475,0.008711192697031588,0.003649966092805605,0.0014162492921046743,0.001237457273303901,0.000921558338805089,0.00038532188582413675,0.0002956167400620527,0.00016586399781085148,7.858482757295776e-5],"smearing":"DFTK.Smearing.None()","ndiag":[1,2,2,2,2,2,2,2,1,1,1,1,1,1,1,1,2,1,1,1,1,2,2,1,1,1,1,1,1,1,1,1,1,1,1,1,1,1,1,1],"fft_size":[25,25,480],"kwargs":"Base.Iterators.Pairs{Union{}, Union{}, Tuple{}, NamedTuple{(), Tuple{}}}()","n_kirred":16,"damping":"DFTK.AdaptiveDamping(0.05, 1.0, 0.8, 0.4, 1.1, 0.1)","type":"potmix"}