{"done":true,"kgrid":[4,4,1],"mixing":"SimpleMixing()","temperature":0.0,"Ecut":20.0,"lattice":[[0.0,5.341452623065961,5.341452623065961],[5.341452623065961,0.0,5.341452623065961],[106.82905246131921,106.82905246131921,0.0]],"n_electr":160,"n_bands":80,"α":[0.8,0.05,0.05,0.05,0.05,0.09051761968023525,0.13892253233580026,0.3,0.3,0.47521321297453073,0.762432084259206,0.762432084259206,0.762432084259206,0.762432084259206,0.7777153252950304,0.09537200380141325,0.3,0.3,0.31397438265408967,0.38344800973968296,0.38344800973968296,0.38344800973968296,0.38344800973968296,0.38344800973968296,0.39666204948295564,0.21430465776552768,0.3,0.3,0.3,0.3843635784179529,0.3843635784179529,0.3843635784179529,0.3843635784179529],"energies":[-169.12511775186186,-169.31858792744106,-168.9563591083461,-169.5889715393082,-170.03562858683637,-170.44807031886984,-170.6555292790921,-170.65069898861816,-170.74150884441792,-170.75215640618035,-170.75500684401078,-170.75621266098904,-170.7563028742837,-170.7566763538967,-170.75674565120164,-170.75676899660616,-170.7567641290376,-170.75680715046386,-170.75681135896428,-170.75681231894777,-170.75681271557244,-170.75681289862163,-170.7568129974158,-170.756813029273,-170.75681303754914,-170.75681303863738,-170.7568130390527,-170.7568130391238,-170.75681303916625,-170.75681303917364,-170.75681303918105,-170.75681303918492,-170.75681303918563],"residuals":[943.0381747923886,895.0700199280831,914.0829899828739,703.5276790954945,560.9825778703625,385.4001001892335,222.14018027769598,210.72862527676597,71.26433101182282,41.53831202601759,15.423760324041789,9.169168078741892,7.592876038806523,6.201660769261525,4.90074862252893,4.047197804416637,2.003574629602903,0.577808836299589,0.24036506472558353,0.19895203082650545,0.11239003156177135,0.06734234368540726,0.04293545690309164,0.017940383151027094,0.006458822659016373,0.004449398954858139,0.001836326895584945,0.0009466186758657546,0.0006241571245324585,0.0009419423851645004,0.0005742902168494128,0.00023747660784416227,8.542229762296681e-5],"smearing":"DFTK.Smearing.None()","ndiag":[1,2,2,2,2,2,2,1,1,1,1,1,1,1,1,2,1,1,1,1,1,1,1,1,1,2,1,1,1,1,1,1,1],"fft_size":[25,25,480],"kwargs":"Base.Iterators.Pairs{Union{}, Union{}, Tuple{}, NamedTuple{(), Tuple{}}}()","n_kirred":16,"damping":"DFTK.AdaptiveDamping(0.05, 1.0, 0.8, 0.3, 1.1, 0.1)","type":"potmix"}