{"done":true,"kgrid":[4,4,1],"mixing":"SimpleMixing()","temperature":0.0,"Ecut":20.0,"lattice":[[0.0,5.341452623065961,5.341452623065961],[5.341452623065961,0.0,5.341452623065961],[106.82905246131921,106.82905246131921,0.0]],"n_electr":160,"n_bands":80,"α":[0.8,0.05,-0.05,-0.05,-0.05,-0.09933292134746174,-0.05,0.061672232266294175,0.1647553543544371,0.5,0.5,0.7621324589924959,1.0,0.46944402926298084,0.18147317248954264,0.5,0.5,0.5,0.23273548875925257,0.5,0.5,-0.383747073932929,0.05,0.5,0.5,0.06951006805864932,0.5,0.5,0.5,0.22794027452412402,0.21861852203020216,0.5,0.5,0.5,0.5,0.5,0.5,0.5,0.5,0.2399112609221624,0.5,0.18791685213556078,0.2043867264971939,0.5,0.5,0.5,0.5,0.5],"energies":[-169.12511775186186,-169.31858793937553,-166.94615575875366,-162.47910150738576,-155.62574964040223,-158.82023344925796,-154.77660935994084,-159.72293196993672,-162.38153431052345,-165.71135225940424,-169.86291194504878,-170.31650827993138,-170.43007707865067,-170.61460565044436,-170.71427073741972,-170.68915007655568,-170.73337992708701,-170.73829248930994,-170.74580101898954,-170.75044738470663,-170.7516971148852,-170.75263939551897,-170.7526348618,-170.75341208983383,-170.75401336750318,-170.75495442738708,-170.75415728952828,-170.7565229952549,-170.75679565827494,-170.75680710643007,-170.7568100655345,-170.7568094715649,-170.75681262909785,-170.75681260234612,-170.75681288537504,-170.75681296399395,-170.75681301562693,-170.7568130328105,-170.75681303670927,-170.7568130383828,-170.756813039037,-170.75681303913325,-170.7568130391559,-170.75681303916804,-170.75681303917776,-170.756813039183,-170.75681303918557,-170.7568130391859],"residuals":[943.0381747923886,895.0700201282065,1316.70920538472,1697.8086339757635,2073.692945163262,1755.966869039419,2098.752432451378,1664.1880280934329,1504.4000316604502,1326.535362227608,483.9076708553052,359.6082005296171,222.8293456837354,164.2262970653875,72.08330901426528,63.27716459704263,54.888722521566386,51.076046133704104,49.20122162890195,47.74653613670996,44.98966476172001,41.94200255501843,40.5975986488662,34.780218617023,30.764714851816446,21.310154990258294,8.89656486211577,2.707752576718187,0.7615317042723819,0.4749041350759815,0.3215592620618566,0.2921725066631012,0.1441292276905957,0.1267873954275151,0.1146465064094652,0.07797157766604207,0.03683108469171357,0.026538608042836496,0.01007196902516567,0.006745824623994708,0.0024137950246017363,0.0014262254326204912,0.0009178500726812851,0.00112772952423442,0.0006343862099903184,0.0003508805045832043,0.00017727058992670378,0.00014510387703521824],"smearing":"DFTK.Smearing.None()","ndiag":[1,2,2,2,2,2,2,2,2,1,1,1,1,2,2,1,1,1,2,1,1,2,2,1,1,2,1,1,1,2,2,1,1,1,1,1,1,1,1,2,1,2,2,1,1,1,1,1],"fft_size":[25,25,480],"kwargs":"Base.Iterators.Pairs{Union{}, Union{}, Tuple{}, NamedTuple{(), Tuple{}}}()","n_kirred":16,"damping":"DFTK.AdaptiveDamping(0.05, 1.0, 0.8, 0.5, 1.1, 0.1)","type":"potmix"}