{"done":true,"kgrid":[4,4,1],"mixing":"SimpleMixing()","temperature":0.0,"Ecut":20.0,"lattice":[[0.0,5.341452623065961,5.341452623065961],[5.341452623065961,0.0,5.341452623065961],[106.82905246131921,106.82905246131921,0.0]],"n_electr":160,"n_bands":80,"α":[0.8,0.05,0.05,0.05,0.2,0.2,0.2641709653715439,0.37535870487824796,0.4547214948639562,0.4547214948639562,0.4547214948639562,0.4547214948639562,0.4547214948639562,0.4547214948639562,0.474299018956266,0.474299018956266,0.5151554599182777,0.5151554599182777,0.5151554599182777,0.5151554599182777,0.5151554599182777,0.5151554599182777,0.5151554599182777,0.21012059125801563,0.21012059125801563,0.21012059125801563],"energies":[-169.12511775186184,-169.3185884880398,-169.58825737562833,-170.18665139194422,-170.63366820646857,-170.7176172025891,-170.74630450493987,-170.75407954640644,-170.75558399124577,-170.75646215126022,-170.7566390194714,-170.75674756422725,-170.75678200578506,-170.75680848344982,-170.75680670588386,-170.75681280209596,-170.7568128870414,-170.7568129947257,-170.7568130232359,-170.75681303422624,-170.7568130376216,-170.7568130386888,-170.75681303910014,-170.75681303915,-170.75681303917244,-170.75681303917955],"residuals":[943.0381747923885,895.0699989223652,769.910277531742,551.937037164403,187.6197798303714,59.11582518349269,19.48563033400348,9.939190607954671,8.058904169679566,7.133483394239551,5.492344313980293,3.2494260693068746,2.1229789066151894,0.6800297249300463,0.535631004561633,0.10024326742944378,0.09414195919912766,0.0457018917176656,0.030782128547291995,0.01721495969592229,0.005457931757411909,0.004128630473740718,0.0018002154748904637,0.0011721493239970266,0.000677054401768962,0.00031528984167931577],"smearing":"DFTK.Smearing.None()","ndiag":[1,2,2,2,1,1,1,1,1,1,1,1,1,1,1,1,1,1,1,1,1,1,1,2,1,1],"fft_size":[25,25,480],"kwargs":"Base.Iterators.Pairs{Union{}, Union{}, Tuple{}, NamedTuple{(), Tuple{}}}()","n_kirred":16,"damping":"DFTK.AdaptiveDamping(0.05, 1.0, 0.8, 0.2, 1.1, 0.1)","type":"potmix"}