{"done":true,"kgrid":[4,4,1],"use_diis":[false,false,false,false,false,false,false,false,false,false,false,false,false,false,false,false,false,false,false,false,false,false,false,false,false,false,false,false,false,false,false,false,false,false,false,false,false,false,false,false,false,false,false],"mixing":"SimpleMixing()","temperature":0.0,"Ecut":20.0,"lattice":[[0.0,5.341452623065961,5.341452623065961],[5.341452623065961,0.0,5.341452623065961],[106.82905246131921,106.82905246131921,0.0]],"n_electr":160,"n_bands":80,"α":[0.3,0.3,0.3,0.3,0.3,0.3,0.3,0.3,0.3,0.3,0.3,0.3,0.3,0.3,0.3,0.3,0.3,0.3,0.3,0.3,0.3,0.3,0.3,0.3,0.3,0.3,0.3,0.3,0.3,0.3,0.3,0.3,0.3,0.3,0.3,0.3,0.3,0.3,0.3,0.3,0.3,0.3,0.3],"energies":[-169.12511775186184,-169.63257717418443,4043.862603993038,669.0088592254286,367.61343462097705,-9.518616690893147,-85.15247508666867,-100.7220056275614,-156.31009689058186,-168.91110978806466,-170.07096743549678,-170.38028053879867,-170.44484243906226,-170.6399015580559,-170.66577993210794,-170.74120008057483,-170.743187972502,-170.75162942844617,-170.74932742977757,-170.75036979322817,-170.75067237895374,-170.7512263662024,-170.7512742224643,-170.7512435101655,-170.75181003900897,-170.75237670191456,-170.7551322455168,-170.75676222054517,-170.75679910862797,-170.75680998872775,-170.75681196140732,-170.7568126686338,-170.75681298412863,-170.7568130148157,-170.75681302926685,-170.7568130362854,-170.75681303850365,-170.7568130388314,-170.75681303903247,-170.75681303910227,-170.75681303916548,-170.75681303917932,-170.75681303918225],"residuals":[943.0381747923885,739.9300228410667,43934.04542656837,15957.831424619571,15703.080842192534,7667.208503493757,5761.3791835413085,5315.330825819922,2283.233920850285,818.3433818430354,477.3295671374965,362.84550423896593,324.9205786997251,206.12327652326385,187.23361956192235,76.44779684189386,72.68269909425618,45.70826756172752,58.1826033378876,54.98777328294237,53.9287334702315,50.52518635173092,51.08074601173692,50.69008723629121,48.214379360083186,45.06142133782605,10.425110216947461,1.0864194385622576,0.6315048099173465,0.26556248383766184,0.13661973529240742,0.0971089994093992,0.032050823152420145,0.018230766392256955,0.011766945137332861,0.009630010705285637,0.0037388427613252147,0.00414065145590191,0.0017671908050524944,0.0011326170116205032,0.0007066387510456383,0.0003548203575119665,0.0002326956958833774],"smearing":"DFTK.Smearing.None()","ndiag":[1,1,1,1,1,1,1,1,1,1,1,1,1,1,1,1,1,1,1,1,1,1,1,1,1,1,1,1,1,1,1,1,1,1,1,1,1,1,1,1,1,1,1],"fft_size":[25,25,480],"kwargs":"Base.Iterators.Pairs{Union{}, Union{}, Tuple{}, NamedTuple{(), Tuple{}}}()","n_kirred":16,"damping":"DFTK.FixedDamping(0.3)","type":"potmix"}