{"done":true,"kgrid":[4,4,1],"use_diis":[false,false,false,false,false,false,false,false,false,false,false,false,false,false,false,false,false,false,false,false,false,false,false,false,false,false,false,false,false,false,false,false,false,false,false,false,false,false,false,false,false,false,false,false,false],"mixing":"SimpleMixing()","temperature":0.0,"Ecut":20.0,"lattice":[[0.0,5.341452623065961,5.341452623065961],[5.341452623065961,0.0,5.341452623065961],[106.82905246131921,106.82905246131921,0.0]],"n_electr":160,"n_bands":80,"α":[0.4,0.4,0.4,0.4,0.4,0.4,0.4,0.4,0.4,0.4,0.4,0.4,0.4,0.4,0.4,0.4,0.4,0.4,0.4,0.4,0.4,0.4,0.4,0.4,0.4,0.4,0.4,0.4,0.4,0.4,0.4,0.4,0.4,0.4,0.4,0.4,0.4,0.4,0.4,0.4,0.4,0.4,0.4,0.4,0.4],"energies":[-169.12511775186184,-166.44662634655478,3445.124457623944,1559.7275674794987,1924.1497348845883,114.87537935706408,-115.205534597071,-150.9326291481294,-161.75050551188514,-168.07022915434652,-168.1198727960846,-169.74164870114535,-170.33906834542984,-170.42323722110476,-170.62819619121439,-170.65793075490018,-170.66085700418856,-170.6586665883505,-170.66724598579387,-170.66174540863807,-170.6683194587416,-170.66728684999524,-170.72282115810444,-170.747644373762,-170.7494037864052,-170.74866973220816,-170.75524715769762,-170.75652185891423,-170.7566650505882,-170.75674995197122,-170.75679727719032,-170.75678785203792,-170.75681034792902,-170.75681256518124,-170.7568129932242,-170.7568129895272,-170.75681303185425,-170.75681303597727,-170.7568130379851,-170.7568130388838,-170.75681303903755,-170.7568130390922,-170.75681303916446,-170.75681303918378,-170.75681303918532],"residuals":[943.0381747923885,1224.851286971473,40988.83459942029,16895.83657854426,31037.437345238937,8598.878967026196,4763.7739357241,2723.4568794428815,1860.4850619437498,1032.4699593325595,1021.7282833518477,626.848967986679,401.45114061837444,370.99314046101387,230.04474782675896,206.7599437668738,204.01342692949962,201.4988891534851,197.75598801037728,202.1158554683776,196.1754728774051,191.7044099436623,86.07552944099164,24.614017258213305,31.215437439937794,27.947169373872285,14.736083517914409,11.193989129548816,7.022918552359478,5.30298508826101,2.1199456360947573,1.946884944149233,0.7576031058965604,0.11877299051063685,0.03999851876197933,0.060621456101687086,0.014310799175296363,0.009103093282119173,0.0063496969816748015,0.00359576716875382,0.0025287759704976003,0.0012929004945951349,0.0007324795571487846,0.00017001415416347494,0.0002454270560628368],"smearing":"DFTK.Smearing.None()","ndiag":[1,1,1,1,1,1,1,1,1,1,1,1,1,1,1,1,1,1,1,1,1,1,1,1,1,1,1,1,1,1,1,1,1,1,1,1,1,1,1,1,1,1,1,1,1],"fft_size":[25,25,480],"kwargs":"Base.Iterators.Pairs{Union{}, Union{}, Tuple{}, NamedTuple{(), Tuple{}}}()","n_kirred":16,"damping":"DFTK.FixedDamping(0.4)","type":"potmix"}