{"done":true,"kgrid":[4,4,1],"mixing":"SimpleMixing()","temperature":0.0,"Ecut":20.0,"lattice":[[0.0,5.341452623065961,5.341452623065961],[5.341452623065961,0.0,5.341452623065961],[106.82905246131921,106.82905246131921,0.0]],"n_electr":160,"n_bands":80,"α":[0.1,0.1,0.1,0.1,0.1,0.1,0.1,0.1,0.1,0.1,0.1,0.1,0.1,0.1,0.1,0.1,0.1,0.1,0.1,0.1,0.1,0.1,0.1,0.1,0.1,0.1,0.1,0.1,0.1],"energies":[-169.12511775186186,-169.48903349189055,-170.3014330748945,-168.2998588881485,-170.6474481534893,-170.70592013945733,-170.73586680279197,-170.74424476566634,-170.75212082337126,-170.7560452178399,-170.75654046547464,-170.7566240766576,-170.75672828377998,-170.75678519185306,-170.75680472052397,-170.75681122643164,-170.75681235289932,-170.7568128277309,-170.7568129745267,-170.75681301036454,-170.75681302779424,-170.7568130359702,-170.7568130385747,-170.75681303872557,-170.75681303890062,-170.75681303909502,-170.75681303916406,-170.75681303917852,-170.75681303918293],"residuals":[943.0381747923886,847.9564793952482,401.11760732998937,1046.646912274636,44.680939513651126,18.417529261147788,14.35647215159821,12.252942157409347,9.586473710031921,5.318450845326835,2.4148676412733976,1.1403396031879527,1.2320851663710592,1.3033288756773933,0.9046842467301164,0.11276494933643412,0.06578363237926227,0.03983247143734183,0.018206013394419608,0.01136056664977623,0.007696902957224853,0.004970046447204832,0.0020527674753880354,0.0014883902237976254,0.0010413614084162199,0.0005983547318996555,0.00032547263716943244,0.00020484097706073405,0.00011346260749556128],"smearing":"DFTK.Smearing.None()","ndiag":[1,1,1,1,1,1,1,1,1,1,1,1,1,1,1,1,1,1,1,1,1,1,1,1,1,1,1,1,1],"fft_size":[25,25,480],"kwargs":"Base.Iterators.Pairs{Union{}, Union{}, Tuple{}, NamedTuple{(), Tuple{}}}()","n_kirred":16,"damping":"DFTK.FixedDamping(0.1)","type":"potmix"}