{"done":true,"kgrid":[4,4,1],"use_diis":[false,false,false,false,false,false,false,false,false,false,false,false,false,false,false,false,false,false,false,false,false,false,false,false,false,false,false,false,false,false,false,false,false,false,false,false,false],"mixing":"SimpleMixing()","temperature":0.0,"Ecut":20.0,"lattice":[[0.0,5.341452623065961,5.341452623065961],[5.341452623065961,0.0,5.341452623065961],[106.82905246131921,106.82905246131921,0.0]],"n_electr":160,"n_bands":80,"α":[0.2,0.2,0.2,0.2,0.2,0.2,0.2,0.2,0.2,0.2,0.2,0.2,0.2,0.2,0.2,0.2,0.2,0.2,0.2,0.2,0.2,0.2,0.2,0.2,0.2,0.2,0.2,0.2,0.2,0.2,0.2,0.2,0.2,0.2,0.2,0.2,0.2],"energies":[-169.12511775186184,-169.69994002164518,1166.5746323079522,56.464085392016806,28.748543274540154,-61.5066009299393,-109.60456850339884,-147.91794774205266,-170.10913965009647,-170.62365513567056,-170.7320898892966,-170.73740299526023,-170.7455570060254,-170.74896426952415,-170.75011947107365,-170.74759024390193,-170.74930771220937,-170.75065827783982,-170.75243535792094,-170.75267686002445,-170.75621706370012,-170.7567672171355,-170.75680087172478,-170.7568113821335,-170.75681258328254,-170.75681284146575,-170.75681297749355,-170.75681301949217,-170.75681303228424,-170.75681303686343,-170.7568130382061,-170.75681303898023,-170.75681303910267,-170.7568130391391,-170.7568130391611,-170.7568130391827,-170.75681303918424],"residuals":[943.0381747923885,769.668557818537,24797.7295972883,9274.50416659797,9384.089702760955,6526.668839146905,4889.720302159688,3008.9909477840806,468.85552216808827,219.82526895658083,92.98129499083585,86.46597738957047,72.29704030057935,62.414171345759854,57.97504252303562,65.53938615838975,55.90915758479386,52.72675620406116,43.94931930305856,42.49225731212981,15.3056897269314,0.7180931835451745,0.36892126537999104,0.17122947405901567,0.07055507359209144,0.03410375712133695,0.01721091326910195,0.01089629971632484,0.008775050608864934,0.0051100177977398565,0.002765485382255075,0.0017689441875486341,0.0009422030914274871,0.0005516387241063125,0.00047486779533913994,0.00023114011001286114,0.00012829846456489474],"smearing":"DFTK.Smearing.None()","ndiag":[1,1,1,1,1,1,1,1,1,1,1,1,1,1,1,1,1,1,1,1,1,1,1,1,1,1,1,1,1,1,1,1,1,1,1,1,1],"fft_size":[25,25,480],"kwargs":"Base.Iterators.Pairs{Union{}, Union{}, Tuple{}, NamedTuple{(), Tuple{}}}()","n_kirred":16,"damping":"DFTK.FixedDamping(0.2)","type":"potmix"}