{"done":true,"kgrid":[4,4,1],"mixing":"SimpleMixing()","temperature":0.0,"Ecut":20.0,"lattice":[[0.0,5.341452623065961,5.341452623065961],[5.341452623065961,0.0,5.341452623065961],[106.82905246131921,106.82905246131921,0.0]],"n_electr":160,"n_bands":80,"α":[0.9,0.9,0.9,0.9,0.9,0.9,0.9,0.9,0.9,0.9,0.9,0.9,0.9,0.9,0.9,0.9,0.9,0.9,0.9,0.9,0.9,0.9,0.9,0.9,0.9,0.9,0.9,0.9,0.9,0.9,0.9,0.9,0.9,0.9,0.9,0.9,0.9,0.9,0.9,0.9,0.9,0.9,0.9,0.9,0.9,0.9,0.9,0.9,0.9,0.9,0.9,0.9,0.9,0.9,0.9,0.9,0.9,0.9,0.9,0.9,0.9,0.9,0.9,0.9,0.9,0.9],"energies":[-169.1251177518619,-8.995886985277807,2682.4673307988246,3403.2418930851254,4707.885433050481,2794.7428588920043,464.54665869021903,46.31946576483609,-132.90960933505778,-160.31996502562814,-168.1826235159349,-170.21895868194335,-170.17427953600935,-170.56838968640804,-162.0289597194406,-170.6300934543874,-170.27239076960618,-166.76543759671762,-170.72940041021155,-170.37211926594603,-170.73664910466113,-170.65380054627516,-170.56665743223516,-170.24943171333268,-170.45257742557925,-169.97996347939966,-169.35266837966424,-170.74585712681932,-170.73330164993425,-170.74889863494735,-170.74745811529257,-170.5550638742427,-170.73323853318047,-170.75301082617767,-170.35821089853056,-170.73628063627473,-170.72399246373962,-170.75274263219052,-170.7222013080484,-170.75257414555128,-170.75412512635705,-170.75327531490865,-170.75462201782057,-170.75668689749088,-170.75656783139834,-170.75527983064953,-170.74057647736694,-170.75510711327948,-170.75679050107937,-170.75647677109066,-170.7567705249645,-170.75681277430877,-170.75680973046371,-170.7568128882086,-170.7568130152217,-170.75681296355515,-170.75681291486524,-170.75681303469298,-170.756813011659,-170.75681303884673,-170.75681303793942,-170.75681303838672,-170.75681303907123,-170.75681303866577,-170.75681303917844,-170.75681303917878],"residuals":[943.0381747923886,7655.159370824859,36728.39940886136,23812.172903647566,46419.70574602735,28585.38269930516,8537.795597497234,5483.7238011254,3134.1147819843895,1601.050758111896,848.228012352581,366.4799738979006,359.90626698115767,226.56042991836472,951.613494892988,89.44655800160022,179.15810556836738,754.0460261304056,74.34025110241895,257.4020657897017,70.15900770385184,85.75302683725742,174.08387032258082,226.67899637968776,110.32167509257323,197.88726183888133,355.184278280645,46.984363337802414,52.854774903175475,42.91802229285849,40.05359906093044,173.27677235214972,36.10592083435796,26.735064791461884,255.08226019856087,30.617300774476483,36.13536504483454,18.209261124627176,47.27073332250187,14.942421879189585,12.549057205231396,11.840578092718799,11.319588519626839,7.2487958755948085,6.753555951009573,13.446009550871944,50.20603312715584,8.24759177982333,0.9565005530801011,4.318066894733928,1.535643221682158,0.08732834529280835,0.34051370980939805,0.06212269299093772,0.03310730763289907,0.05925376175060046,0.07407807372908534,0.023063375597092848,0.07272484887554542,0.002861499005919487,0.006784443879706049,0.006489021007755311,0.002099337096563101,0.004668555894206277,0.0005173296365405897,0.0005874757218765569],"smearing":"DFTK.Smearing.None()","ndiag":[1,1,1,1,1,1,1,1,1,1,1,1,1,1,1,1,1,1,1,1,1,1,1,1,1,1,1,1,1,1,1,1,1,1,1,1,1,1,1,1,1,1,1,1,1,1,1,1,1,1,1,1,1,1,1,1,1,1,1,1,1,1,1,1,1,1],"fft_size":[25,25,480],"kwargs":"Base.Iterators.Pairs{Union{}, Union{}, Tuple{}, NamedTuple{(), Tuple{}}}()","n_kirred":16,"damping":"DFTK.FixedDamping(0.9)","type":"potmix"}