{"done":true,"kgrid":[4,4,1],"use_diis":[false,false,false,false,false,false,false,false,false,false,false,false,false,false,false,false,false,false,false,false,false,false,false,false,false,false,false,false,false,false,false,false,false,false,false,false,false,false,false,false,false,false,false,false,false,false,false,false,false,false,false,false,false,false,false,false,false,false,false,false,false,false,false,false,false,false,false,false,false,false,false,false],"mixing":"SimpleMixing()","temperature":0.0,"Ecut":20.0,"lattice":[[0.0,5.341452623065961,5.341452623065961],[5.341452623065961,0.0,5.341452623065961],[106.82905246131921,106.82905246131921,0.0]],"n_electr":160,"n_bands":80,"α":[0.8,0.8,0.8,0.8,0.8,0.8,0.8,0.8,0.8,0.8,0.8,0.8,0.8,0.8,0.8,0.8,0.8,0.8,0.8,0.8,0.8,0.8,0.8,0.8,0.8,0.8,0.8,0.8,0.8,0.8,0.8,0.8,0.8,0.8,0.8,0.8,0.8,0.8,0.8,0.8,0.8,0.8,0.8,0.8,0.8,0.8,0.8,0.8,0.8,0.8,0.8,0.8,0.8,0.8,0.8,0.8,0.8,0.8,0.8,0.8,0.8,0.8,0.8,0.8,0.8,0.8,0.8,0.8,0.8,0.8,0.8,0.8],"energies":[-169.12511775186184,-65.14387759510255,2631.340164094264,3307.9549291622156,3764.349948193149,1626.1197774134384,168.93696356577047,-37.3782694793838,-160.79706608632182,-167.00414061772284,-169.32774289546506,-170.32514179752974,-170.30557721095073,-170.60992812120745,-164.50292897387772,-170.60274882058957,-170.06873060077322,-138.90766656194438,-170.41565305203073,-170.58666985724713,-170.73412182135172,-170.38774279585328,-170.67996934054327,-170.6115907772955,-170.73285850414922,-170.70842233369882,-170.71910545474307,-170.70707872092623,-170.69881242130498,-170.43322015042932,-170.04847776778882,-170.65839080140574,-170.69994270630107,-170.67724082930414,-170.75461496419126,-170.7320656165777,-170.752553550602,-170.75211643706047,-170.7542015299506,-170.75565198139995,-170.75662068414513,-170.75577585679207,-170.75239194030365,-170.75676580339504,-170.75678123041772,-170.7568050430868,-170.75680860277544,-170.7568003233656,-170.75680145292375,-170.75680839306582,-170.75681057456478,-170.7568112245026,-170.75681211101528,-170.75681297261826,-170.75681300623512,-170.75681269146247,-170.75681286294747,-170.756812873696,-170.7568129852417,-170.75681302735794,-170.75681303464333,-170.75681303242922,-170.75681303478845,-170.75681303674827,-170.7568130375452,-170.7568130363951,-170.75681303740797,-170.75681303908289,-170.75681303905623,-170.75681303913615,-170.75681303910704,-170.75681303909735],"residuals":[943.0381747923885,6138.443372655961,36369.787938397996,24208.948910583516,40699.09860646127,20280.97864689632,5659.533571104109,4509.599609462946,1353.306583350034,974.8207051200319,683.3778560614619,373.9475148748592,389.70785513820175,240.03080794672775,564.8689601955683,209.68493291878303,430.2910548069328,2786.5632579705903,321.0813240048451,193.04505416253153,77.68271587835441,199.85371250602822,69.93199983118683,139.11988294345605,56.92650209679916,59.431272263687646,61.47540890117151,56.306445049584696,82.48856225123197,317.549536265219,257.1410759114124,63.05444025050163,42.58380626770007,54.088484048197856,17.509943473025935,25.854898192488257,14.870655645806734,13.178847169120688,10.93061629180111,5.465475966097566,4.435741601373061,17.549302095253893,25.44930927563493,1.2987932563369096,0.9979245139359189,0.5823773149464156,0.7802238414386986,0.6249137392764575,0.9065576766479008,0.38380617841779835,0.29355884382674846,0.2319889394460301,0.21586016661498283,0.1239817833017943,0.07084417014804457,0.12514480366764053,0.08169366153081427,0.09189058568082406,0.062350352237002374,0.023229956285890946,0.016473934149099624,0.015271746171435112,0.012089850104972575,0.009770887696065473,0.007881225281656407,0.02016156861757624,0.015270916757465941,0.0021798174015720652,0.0022909445587893755,0.0014493126932209129,0.0021868977899157727,0.0027810543333467758],"smearing":"DFTK.Smearing.None()","ndiag":[1,1,1,1,1,1,1,1,1,1,1,1,1,1,1,1,1,1,1,1,1,1,1,1,1,1,1,1,1,1,1,1,1,1,1,1,1,1,1,1,1,1,1,1,1,1,1,1,1,1,1,1,1,1,1,1,1,1,1,1,1,1,1,1,1,1,1,1,1,1,1,1],"fft_size":[25,25,480],"kwargs":"Base.Iterators.Pairs{Union{}, Union{}, Tuple{}, NamedTuple{(), Tuple{}}}()","n_kirred":16,"damping":"DFTK.FixedDamping(0.8)","type":"potmix"}