{"done":true,"kgrid":[4,4,1],"use_diis":[false,false,false,false,false,false,false,false,false,false,false,false,false,false,false,false,false,false,false,false,false,false,false,false,false,false,false,false,false,false,false,false,false,false,false,false,false,false,false,false,false,false,false,false,false,false,false],"mixing":"SimpleMixing()","temperature":0.0,"Ecut":20.0,"lattice":[[0.0,5.341452623065961,5.341452623065961],[5.341452623065961,0.0,5.341452623065961],[106.82905246131921,106.82905246131921,0.0]],"n_electr":160,"n_bands":80,"α":[0.6,0.6,0.6,0.6,0.6,0.6,0.6,0.6,0.6,0.6,0.6,0.6,0.6,0.6,0.6,0.6,0.6,0.6,0.6,0.6,0.6,0.6,0.6,0.6,0.6,0.6,0.6,0.6,0.6,0.6,0.6,0.6,0.6,0.6,0.6,0.6,0.6,0.6,0.6,0.6,0.6,0.6,0.6,0.6,0.6,0.6,0.6],"energies":[-169.12511775186184,-139.3017366164189,2644.226938183352,2882.7763382387943,3148.00187464468,508.52960037838676,-6.556253899236808,-119.82820949204032,-164.15282528835752,-169.93500025256844,-170.30768188080097,-170.32991216865258,-170.36004781597208,-170.39711904634697,-170.08279261447672,-170.63193189931883,-170.65201717369933,-170.32073837010358,-170.47782423844464,-170.7432518868681,-170.73504320588833,-170.75197511075572,-170.75392729274475,-170.7545912180977,-170.7535538819443,-170.7552928497688,-170.75485646910226,-170.75625341011786,-170.7524444479639,-170.75257697584522,-170.75679607979257,-170.75680267708213,-170.75681152150835,-170.75680843578036,-170.75681275985033,-170.7568126789362,-170.75681301547303,-170.75681301492452,-170.75681302732536,-170.75681303587498,-170.75681303848108,-170.75681303664385,-170.7568130386881,-170.75681303910164,-170.75681303907925,-170.75681303916602,-170.75681303917438],"residuals":[943.0381747923885,3312.068909360748,36401.19201089422,22665.11800281925,38677.30445728679,10523.916847210656,4910.237173284257,3761.0257515509843,1558.7021917015356,551.8934477858405,431.8819399603651,432.0225892761048,419.43147929292934,402.4502325930713,341.65797349331785,213.4192020769523,205.2274150947504,238.72165053905456,239.11116334264491,58.97114264601152,53.42852894150094,44.21260915982262,35.5568637737509,32.065182173511445,32.124902004934206,21.195115933735995,20.19090974003744,13.724843396218334,19.015522790260988,16.42455548743608,0.727168240258918,0.5627122677934946,0.22155830010162672,0.4005573105425338,0.09750504060261785,0.12382041439470408,0.034281587861590135,0.026237803664036885,0.022131597057159624,0.014927383897134227,0.006475631294173349,0.01697457721748999,0.005086097865429361,0.0018005458869293932,0.0025334065083035284,0.000943728510486935,0.0006884048941225938],"smearing":"DFTK.Smearing.None()","ndiag":[1,1,1,1,1,1,1,1,1,1,1,1,1,1,1,1,1,1,1,1,1,1,1,1,1,1,1,1,1,1,1,1,1,1,1,1,1,1,1,1,1,1,1,1,1,1,1],"fft_size":[25,25,480],"kwargs":"Base.Iterators.Pairs{Union{}, Union{}, Tuple{}, NamedTuple{(), Tuple{}}}()","n_kirred":16,"damping":"DFTK.FixedDamping(0.6)","type":"potmix"}