{"done":true,"kgrid":[4,4,1],"use_diis":[false,false,false,false,false,false,false,false,false,false,false,false,false,false,false,false,false,false,false,false,false,false,false,false,false,false,false,false,false,false,false,false,false,false,false,false,false,false,false,false,false,false,false,false,false,false,false,false,false,false,false,false,false,false,false,false,false,false,false,false,false,false,false,false,false,false,false,false,false,false,false],"mixing":"SimpleMixing()","temperature":0.0,"Ecut":20.0,"lattice":[[0.0,5.341452623065961,5.341452623065961],[5.341452623065961,0.0,5.341452623065961],[106.82905246131921,106.82905246131921,0.0]],"n_electr":160,"n_bands":80,"α":[0.7,0.7,0.7,0.7,0.7,0.7,0.7,0.7,0.7,0.7,0.7,0.7,0.7,0.7,0.7,0.7,0.7,0.7,0.7,0.7,0.7,0.7,0.7,0.7,0.7,0.7,0.7,0.7,0.7,0.7,0.7,0.7,0.7,0.7,0.7,0.7,0.7,0.7,0.7,0.7,0.7,0.7,0.7,0.7,0.7,0.7,0.7,0.7,0.7,0.7,0.7,0.7,0.7,0.7,0.7,0.7,0.7,0.7,0.7,0.7,0.7,0.7,0.7,0.7,0.7,0.7,0.7,0.7,0.7,0.7,0.7],"energies":[-169.12511775186184,-106.02700213964017,2425.940945443641,3114.8614532980127,3294.2663953893375,760.0165891461918,79.05923388307875,-102.78398010853655,-165.6488323980459,-170.02684797957855,-170.37195530606476,-170.4020551454828,-170.40582195742616,-170.44396485312544,-157.97302379526258,-152.48564100585702,-162.90212053212525,-155.6844221519832,-138.31912066406517,-131.68444010911614,35.66594899267572,-170.1703794009312,-170.72613537300066,-170.73080498388623,-170.73257877473338,-170.7348078812371,-170.6318512798532,-170.6008805496221,-170.6232316763623,-170.73085904190987,-170.54055984385974,-170.72274586323218,-170.61283916684994,-168.34683873834052,-170.72736691468006,-170.73589762034845,-170.74035768325393,-170.7344486755572,-170.54151976223142,-170.37362515719744,-169.52266668285912,-170.74550471534,-170.72411897061755,-170.75088275430616,-170.7196973276637,-169.32514321724364,-170.75445231313537,-170.75511475764984,-170.75507502244116,-170.75595051403278,-170.75436712552144,-170.75633368639876,-170.75629372687195,-170.75633419569226,-170.75656810693786,-170.75660175016245,-170.7566823758527,-170.7565728715447,-170.7568097749041,-170.75679390010205,-170.7568106356366,-170.7568122267757,-170.75681295538473,-170.75681293346938,-170.75681302391467,-170.75681303283827,-170.75681303870522,-170.75681303627863,-170.75681303878773,-170.75681303914888,-170.75681303915684],"residuals":[943.0381747923885,4824.575696591246,35020.31653930437,23876.56425779097,38961.096205273796,12638.779561167074,5107.418444688918,3552.982936002282,1210.6013662059531,469.1445860177628,389.15270097964606,392.80947057081016,388.3276316581357,377.02137533789744,1573.3974380703485,1771.301677784189,1128.125762993415,1644.3883550586106,2048.6224161277455,1646.9738735376259,7442.073854130671,452.4534407691915,108.0118163542158,107.52518363523214,106.61240851745403,103.16118532251795,211.7870631375854,233.37774572871152,206.15717666316476,102.34243014008791,224.94434573251326,101.29353759320881,210.78572355644974,702.6973053001491,92.88408026287104,92.19103646227352,89.0774709680581,99.72716530726333,175.21685233764322,319.193059048069,408.20209123115234,55.541995752883054,56.65694891585089,42.97660733374161,60.806451775976335,624.4462292998106,29.188522833350937,26.213656532695154,25.32854480020725,18.595337522708224,16.452493811117012,13.09850412739339,12.04846718043719,11.035040684150859,9.25896420601056,8.589142934602826,4.529188728670131,3.5096958787587846,0.22347019547122685,0.7331337378537998,0.17030248763926448,0.19115659566837925,0.06669484974710697,0.08505527327210628,0.03630535309095955,0.014863645765014078,0.004652768282105713,0.013504920989649151,0.008882493082887724,0.001113355474586879,0.0015013708632583167],"smearing":"DFTK.Smearing.None()","ndiag":[1,1,1,1,1,1,1,1,1,1,1,1,1,1,1,1,1,1,1,1,1,1,1,1,1,1,1,1,1,1,1,1,1,1,1,1,1,1,1,1,1,1,1,1,1,1,1,1,1,1,1,1,1,1,1,1,1,1,1,1,1,1,1,1,1,1,1,1,1,1,1],"fft_size":[25,25,480],"kwargs":"Base.Iterators.Pairs{Union{}, Union{}, Tuple{}, NamedTuple{(), Tuple{}}}()","n_kirred":16,"damping":"DFTK.FixedDamping(0.7)","type":"potmix"}