{"done":true,"kgrid":[4,4,1],"use_diis":[false,false,false,false,false,false,false,false,false,false,false,false,false,false,false,false,false,false,false,false,false,false,false,false,false,false,false,false,false,false,false,false,false,false,false,false,false,false,false,false,false,false,false,false,false,false],"mixing":"SimpleMixing()","temperature":0.0,"Ecut":20.0,"lattice":[[0.0,5.341452623065961,5.341452623065961],[5.341452623065961,0.0,5.341452623065961],[106.82905246131921,106.82905246131921,0.0]],"n_electr":160,"n_bands":80,"α":[0.5,0.5,0.5,0.5,0.5,0.5,0.5,0.5,0.5,0.5,0.5,0.5,0.5,0.5,0.5,0.5,0.5,0.5,0.5,0.5,0.5,0.5,0.5,0.5,0.5,0.5,0.5,0.5,0.5,0.5,0.5,0.5,0.5,0.5,0.5,0.5,0.5,0.5,0.5,0.5,0.5,0.5,0.5,0.5,0.5,0.5],"energies":[-169.12511775186184,-159.77560549010104,3353.9172481508426,2560.0889553731395,2489.8036835052712,226.08013861811412,-59.343708570484026,-123.93565118749345,-164.5594135554747,-169.13564608908757,-169.62978083182554,-169.66351041173044,-170.32265794328214,-170.36971118479903,-170.63499789936537,-170.66443098141733,-170.66416250083594,-170.66203768512239,-170.6257664444545,-170.66000725699465,-170.72994053687884,-170.7396181289189,-170.7449849446131,-170.72406011210174,-170.75265718285135,-170.75399837694152,-170.754679866203,-170.75544225481758,-170.75634251552611,-170.75601191279583,-170.75673328352838,-170.75634629461445,-170.75681083101748,-170.75680930688586,-170.75681282016347,-170.75681252603744,-170.75681287884663,-170.75681288164506,-170.7568129808067,-170.75681300425856,-170.7568130361669,-170.7568130388056,-170.75681303851235,-170.7568130386128,-170.75681303915607,-170.75681303915508],"residuals":[943.0381747923885,1936.4598191479997,40571.52840057998,22127.331421013256,34519.0569449216,8456.282444531635,6577.300059527871,4051.6308735769007,1543.7698614551327,796.2927434735046,667.6647934964788,660.3316463954823,417.65818779032924,398.35398997119484,224.1103296015455,201.84786966574632,202.165284105088,204.30246121315594,200.22259141637596,191.93759926568345,67.40916682976993,67.36539037873852,63.68986464882928,49.055428938558826,39.97410562271215,35.80345307923939,31.448118683518633,24.348515985229756,13.127109189218967,6.693388764189142,4.415631598506572,7.71623710901244,0.27209026885830534,0.5477146098807242,0.09474304691268065,0.13759096187250813,0.07942931081924298,0.0845690778986966,0.0391091438241217,0.033726533223343076,0.017494984300316724,0.0036840249035654565,0.00767275446372696,0.01140858077435717,0.0009591450107994992,0.0014124713556789826],"smearing":"DFTK.Smearing.None()","ndiag":[1,1,1,1,1,1,1,1,1,1,1,1,1,1,1,1,1,1,1,1,1,1,1,1,1,1,1,1,1,1,1,1,1,1,1,1,1,1,1,1,1,1,1,1,1,1],"fft_size":[25,25,480],"kwargs":"Base.Iterators.Pairs{Union{}, Union{}, Tuple{}, NamedTuple{(), Tuple{}}}()","n_kirred":16,"damping":"DFTK.FixedDamping(0.5)","type":"potmix"}