{"done":true,"kgrid":[4,4,1],"mixing":"SimpleMixing()","temperature":0.0,"Ecut":20.0,"lattice":[[0.0,5.341452623065961,5.341452623065961],[5.341452623065961,0.0,5.341452623065961],[106.82905246131921,106.82905246131921,0.0]],"n_electr":160,"n_bands":80,"α":[1.0,1.0,1.0,1.0,1.0,1.0,1.0,1.0,1.0,1.0,1.0,1.0,1.0,1.0,1.0,1.0,1.0,1.0,1.0,1.0,1.0,1.0,1.0,1.0,1.0,1.0,1.0,1.0,1.0,1.0,1.0,1.0,1.0,1.0,1.0,1.0,1.0,1.0,1.0,1.0,1.0,1.0,1.0,1.0,1.0,1.0,1.0,1.0,1.0,1.0,1.0,1.0,1.0,1.0,1.0,1.0,1.0,1.0,1.0,1.0,1.0,1.0,1.0,1.0,1.0,1.0,1.0,1.0,1.0,1.0,1.0,1.0,1.0,1.0,1.0,1.0,1.0,1.0,1.0,1.0,1.0],"energies":[-169.12511775186186,33.29427162061608,3187.614416006117,3544.1711673902323,5596.260743022742,3717.428467651911,870.4215023327378,147.3935752377172,-103.0026449032683,-131.06318086417795,-164.52909570883605,-170.135437649546,-170.34806007424976,-170.47246978840792,-169.63768868770603,-170.29560001946652,-169.87286167733822,-160.00102564083835,-170.3294118921845,-170.17711878059623,-170.19428195355647,-169.06476377091397,-62.763798222590644,-170.33121604603366,-170.74342476679354,-170.6464834997007,-170.7416155614217,-170.7390790851636,-170.73087254900793,-170.53325165125693,-170.68638177263793,-170.7082723535329,-170.74982361350152,-170.7508111843258,-162.19678543000305,-169.25562346992604,-170.74357753523466,-170.75204139271938,-170.75358904854423,-170.75382355380958,-170.75495005154636,-170.7548414668357,-170.75502539699193,-170.75512574091945,-170.7547412072123,-170.75515187292203,-170.17947404894863,-170.75491256247525,-170.75239308196956,-170.7524567904268,-170.74900333292825,-170.7545934881503,-170.7544140466642,-170.7562482584624,-170.75550626022093,-170.75616930264513,-170.7567158387312,-170.7567476912354,-170.75201728716704,-170.7562762907632,-170.75661888725742,-170.75672551346338,-170.75679593623454,-170.75679307272884,-170.75680860096773,-170.7568016009571,-170.7568129442456,-170.756812993685,-170.756811855559,-170.7568130208561,-170.7568130116457,-170.75681303739685,-170.75681303862237,-170.75681303832877,-170.7568130384843,-170.7568130391736,-170.75681303889036,-170.75681303913953,-170.75681303916332,-170.75681303918344,-170.75681303918395],"residuals":[943.0381747923886,8625.851688625571,39838.82813257517,23808.063259270377,51221.79650110587,34304.43960580599,11409.546023325303,6159.000123961153,4331.254302636942,3574.2669388263907,1293.3302711454571,358.77745379238155,343.52907567818346,224.31834400398995,331.0628484398146,260.42938790200816,339.719646421604,1225.255793280141,310.65882067294046,363.4308967782171,206.62691547618604,433.76509458426335,5495.324468777963,254.0991078636318,58.459599415008675,69.58428504655184,53.47939451022833,53.11029968071271,55.56419887632189,126.36710214010742,61.3779118287972,61.39959371102596,41.93376660352597,42.564110285949084,1851.452219851605,629.5531225255287,36.759793972828604,34.200486004877995,31.631449387149466,30.644308473168866,29.10129122920752,28.22270182608312,28.05673661309194,26.974737113978833,25.97882815088708,24.489968032194575,359.51340398453266,18.243802502685917,16.544553145917128,13.614313765436497,16.30658151957977,12.484511415619826,10.844256550477999,9.015357843424333,9.220907600057675,7.931713384466975,6.274422152921057,4.720233129754988,18.62383584668874,8.519442056406733,3.0375715159583687,1.4462639835537516,0.6475163624896345,0.9093757944641155,0.39318798413814204,0.6680388544530693,0.05006419431395335,0.05366865284765136,0.20692667690283734,0.056389358286999154,0.03935517024308746,0.0051427356990507034,0.0056355179140391565,0.004312912600071152,0.0039655217006267845,0.0007557987786150605,0.0035329756531394946,0.0013386617500345853,0.0009656545445450123,0.0003536147758317082,0.0002654804141840143],"smearing":"DFTK.Smearing.None()","ndiag":[1,1,1,1,1,1,1,1,1,1,1,1,1,1,1,1,1,1,1,1,1,1,1,1,1,1,1,1,1,1,1,1,1,1,1,1,1,1,1,1,1,1,1,1,1,1,1,1,1,1,1,1,1,1,1,1,1,1,1,1,1,1,1,1,1,1,1,1,1,1,1,1,1,1,1,1,1,1,1,1,1],"fft_size":[25,25,480],"kwargs":"Base.Iterators.Pairs{Union{}, Union{}, Tuple{}, NamedTuple{(), Tuple{}}}()","n_kirred":16,"damping":"DFTK.FixedDamping(1.0)","type":"potmix"}