{"done":true,"kgrid":[13,13,13],"mixing":"KerkerMixing(0.8, 0.0)","temperature":0.01,"Ecut":45.0,"lattice":[[0.0,5.502882474910242,5.502882474910242],[5.502882474910242,0.0,5.502882474910242],[5.502882474910242,5.502882474910242,0.0]],"n_electr":49,"n_bands":59,"α":[0.3,0.3,0.3,0.3,0.3,0.3,0.3,0.3,0.3,0.3,0.3,0.3,0.3,0.3,0.3,0.3,0.3,0.3,0.3,0.3,0.3,0.3,0.3,0.3,0.3,0.3,0.3,0.3,0.3,0.3,0.3,0.3,0.3,0.3,0.3,0.3,0.3,0.3,0.3,0.3,0.3,0.3,0.3,0.3,0.3,0.3,0.3,0.3,0.3,0.3,0.3,0.3,0.3,0.3,0.3,0.3,0.3,0.3,0.3,0.3,0.3,0.3,0.3,0.3,0.3,0.3,0.3,0.3,0.3,0.3,0.3,0.3,0.3,0.3,0.3,0.3,0.3,0.3,0.3,0.3,0.3,0.3,0.3,0.3,0.3,0.3,0.3,0.3,0.3,0.3,0.3,0.3,0.3,0.3,0.3,0.3,0.3,0.3,0.3],"energies":[-292.8700496342861,-320.8477306575689,-309.53847112333784,-321.08356167179096,-320.27407884544,-323.9081473371312,-326.9862248244827,-321.6712396633671,-332.2798922754291,-328.648800791979,-329.69802308970026,-333.126609975847,-332.1243688103815,-332.3051052668812,-332.98389511542655,-333.0206193847693,-333.3016029956378,-333.30084098051043,-333.2966327938906,-333.3000767477749,-333.3018920142804,-333.3012662604049,-333.30174369513185,-333.298668434941,-333.3016118682068,-333.3026146322918,-333.3026917602154,-333.30268174514066,-333.3026957229034,-333.3027486186403,-333.3026758285505,-333.30243574893234,-333.3024914903162,-333.30235517254295,-333.302693946286,-333.30281638127644,-333.30272843757734,-333.30283142312396,-333.30277577046286,-333.30291113031905,-333.3029455583349,-333.3028104215978,-333.30282024803125,-333.3027959214078,-333.3029105655693,-333.303029437707,-333.30299139192465,-333.3033108125339,-333.3032421516427,-333.3032369148854,-333.3033555092363,-333.3032501962459,-333.3028699937453,-333.30275887583707,-333.3027727884627,-333.3027945459898,-333.3030467459133,-333.3033173231444,-333.3029355185059,-333.30290894763453,-333.3024690053276,-333.303068073345,-333.3030225001991,-333.3029693436898,-333.303173807564,-333.3032962830013,-333.30278877970096,-333.3028906944744,-333.3026430231696,-333.3028689220107,-333.3032290391286,-333.30347660976014,-333.3035386848049,-333.30347677336556,-333.3033281251612,-333.3035986154084,-333.3036461422802,-333.3036053626347,-333.30358507739237,-333.3036927543972,-333.3037072036174,-333.3037405302654,-333.3037223057807,-333.30385765045224,-333.30386651530944,-333.3039496202249,-333.303867505216,-333.30397149549884,-333.3040484901172,-333.30418552388494,-333.30424839056076,-333.30426898388606,-333.30426087605946,-333.30419120818647,-333.304274562825,-333.30428941377374,-333.3041570297361,-333.304215546777,-333.30419728860477],"residuals":[626.3202166913105,331.5421159940969,579.4739153385384,397.23618259769637,410.0180308954218,352.20613121141196,274.7357800611547,410.3238580326844,108.60801792747905,252.3123925542227,219.09589481033242,51.11989345860728,129.80985150466896,119.03716290079466,66.71997000241241,62.402972568672894,1.7712778255806172,3.7455664194934606,8.600393134142385,5.70050611946527,2.7499823464261812,3.7471758202351553,3.916299549384904,7.639643923639973,3.7080027406324314,1.0270991514015286,0.2881179276588641,0.37257957517661333,0.33736326034275144,0.29379363968345407,0.29885315181241057,0.6284889192267186,0.30824602367428466,0.42692647495581904,0.2468953744528226,0.2444744394907975,0.36616419623184465,0.3214144203510187,0.35213377363393283,0.46610924025883477,0.6714366579337415,0.4768140423963837,0.5667535782761182,0.48707685610161233,0.5078204066607963,0.5190263179998715,0.5210364691351024,0.33815459655702457,0.29822813388018843,0.3721863195303198,0.3898115915645093,0.41538969956609784,0.6719156906298065,0.8018580823276685,0.8268116586527416,0.8114158861729323,0.6784800756831839,0.563774878430742,0.7665733973201462,0.5531729547208755,1.100933730973358,0.541756658104593,0.5816622735997764,0.5958282820784524,0.958989480845615,0.7418653030015805,0.703836835898748,0.6465314295354394,0.7766784043395389,0.6968320475639799,1.724676418740743,0.7560572593785587,0.08476551571399327,0.45843185560136424,0.8942547533201397,0.4389238732975429,0.4687622359529155,0.567261727636633,0.6888381195746142,0.3874304821823145,0.16097238531915645,0.057791852919059125,0.08198114249580715,0.3320859137863862,0.31850698960270796,0.3654407847868908,0.15252532942333433,0.26114773859308793,0.5694631949788366,0.3124897731004521,0.3667998877717075,0.6863428732715253,0.8142820755263969,1.044158345853817,0.8797125488062,0.9904820977752877,1.3984223528611024,1.359281197367517,1.2244562600626894],"smearing":"DFTK.Smearing.Gaussian()","ndiag":[1,1,1,1,1,1,1,1,1,1,1,1,1,1,1,1,1,1,1,1,1,1,1,1,1,1,1,1,1,1,1,1,1,1,1,1,1,1,1,1,1,1,1,1,1,1,1,1,1,1,1,1,1,1,1,1,1,1,1,1,1,1,1,1,1,1,1,1,1,1,1,1,1,1,1,1,1,1,1,1,1,1,1,1,1,1,1,1,1,1,1,1,1,1,1,1,1,1,1],"fft_size":[50,50,50],"kwargs":"Base.Iterators.Pairs{Symbol, DFTK.AndersonAcceleration, Tuple{Symbol}, NamedTuple{(:acceleration,), Tuple{DFTK.AndersonAcceleration}}}(:acceleration => DFTK.AndersonAcceleration(10, Any[], Any[], 1.0e6))","n_kirred":168,"damping":"DFTK.FixedDamping(0.3)","type":"potmix"}