{"done":true,"kgrid":[9,9,1],"mixing":"KerkerMixing(0.8, 0.0)","temperature":0.01,"Ecut":30.0,"lattice":[[5.442411238922218,0.0,0.0],[0.0,5.442411238922218,0.0],[0.0,0.0,54.424112389222174]],"n_electr":266,"n_bands":320,"α":[0.8,0.8,0.8,0.8,0.8,0.8,0.8,0.8,0.8,0.8,0.8,0.8,0.8,0.05,0.2,-0.05629226101511933,0.2,0.2,-0.1500266626496699,0.2,0.2912133922171454,0.2912133922171454,0.41167602946407145,0.5578646047776132,0.5578646047776132,0.5578646047776132,0.6734376150031443,0.6734376150031443,0.28177213110983074,0.28177213110983074,1.0,0.47063894721660776,0.47063894721660776,0.7455546586873232,0.9277267439115208,0.4472184346290123,0.4472184346290123,0.4472184346290123,0.5966376353985017,0.5966376353985017,0.5966376353985017,0.7096850963034879],"energies":[-1565.2994056104012,-1594.264586401686,-1607.1077926250548,-1613.483980127272,-1620.9884020157174,-1622.6863785758358,-1626.827714865385,-1626.9127695355862,-1626.9874646266592,-1627.0457476669499,-1627.0442605897824,-1627.0507108662944,-1627.0526738030585,-1627.0526702200427,-1627.0529994855374,-1627.0530007417206,-1627.0530084634142,-1627.0530132993279,-1627.0530136374239,-1627.0530186489202,-1627.0530187891075,-1627.053018965547,-1627.0530191383282,-1627.0530193003053,-1627.0530195923618,-1627.053019722115,-1627.053019728894,-1627.0530198186725,-1627.0530198401386,-1627.0530200200185,-1627.05302018733,-1627.0530202733185,-1627.0530204128997,-1627.0530204292454,-1627.0530204362624,-1627.0530204408612,-1627.0530204442637,-1627.0530204464942,-1627.0530204469571,-1627.0530204470379,-1627.0530204475026,-1627.053020447507],"residuals":[608.0245736418024,1948.5095494869722,2112.8452153781286,1728.9555138252167,1069.1043660059122,967.4367138808791,99.7808308186356,164.58714540407894,116.20476517937455,14.404614101960856,37.16766682017723,17.214575065607935,4.518456300658646,5.192430429286945,1.2158481030578405,0.7387104576815112,1.2986828356875149,0.8671323599029555,0.6326610971649806,0.046799863842342304,0.33889728625376486,0.31285328197259493,0.2813707553423058,0.2592422126201884,0.06353204277854836,0.02318034905333144,0.10554548211868447,0.022302561684928397,0.04257962108479251,0.030342540442485844,0.07287746251146272,0.06509967048955101,0.009975761556776545,0.020197061767307307,0.012170049642430698,0.0060012035716636054,0.02199156802235489,0.006266014867408117,0.008787504606464783,0.004650604087282589,0.000799415420340679,0.001681214286026253],"smearing":"DFTK.Smearing.Gaussian()","ndiag":[1,1,1,1,1,1,1,1,1,1,1,1,1,2,1,2,1,1,2,1,1,1,1,1,1,1,1,1,2,1,1,2,1,1,1,2,1,1,1,1,1,1],"fft_size":[24,24,216],"kwargs":"Base.Iterators.Pairs{Union{}, Union{}, Tuple{}, NamedTuple{(), Tuple{}}}()","n_kirred":30,"damping":"DFTK.AdaptiveDamping(0.05, 1.0, 0.8, 0.2, 1.1, 0.1)","type":"potmix"}