{"done":true,"kgrid":[9,9,1],"mixing":"KerkerMixing(0.8, 0.0)","temperature":0.01,"Ecut":30.0,"lattice":[[5.442411238922218,0.0,0.0],[0.0,5.442411238922218,0.0],[0.0,0.0,54.424112389222174]],"n_electr":266,"n_bands":320,"α":[0.8,0.8,0.8,0.8,0.8,0.8,0.8,0.8,0.8,0.8,0.8,0.8,0.8,0.125,0.5,0.5,0.5,0.21720068303082787,0.5,0.23788673442729147,0.1440021803561068,0.5,0.5,0.6820889643433716,0.6820889643433716,0.6820889643433716,0.8012197591969857,0.8012197591969857,0.4280361713995206,0.5,1.0,1.0,1.0,1.0,1.0,0.2504380634496937,0.5,0.5,0.8066202959216665,0.3599490309740556,0.5,0.5],"energies":[-1565.2994056104012,-1594.2645864016856,-1607.107792228219,-1613.4839812898172,-1620.988399818738,-1622.686376178026,-1626.8277146755763,-1626.912769238587,-1626.9874647985207,-1627.0457476583372,-1627.0442606099482,-1627.0507108635738,-1627.0526738088884,-1627.0526490990283,-1627.0529591718239,-1627.0529516824622,-1627.0530127710822,-1627.0530171014914,-1627.0530181639203,-1627.0530186526025,-1627.053018853394,-1627.0530190409615,-1627.053019628066,-1627.053019648915,-1627.0530196761433,-1627.0530198817755,-1627.0530198924987,-1627.0530200092246,-1627.0530200810338,-1627.0530202659577,-1627.0530203834105,-1627.0530204057156,-1627.0530204077504,-1627.0530204308109,-1627.0530204440113,-1627.0530204444408,-1627.0530204460806,-1627.0530204470901,-1627.0530204471472,-1627.0530204474328,-1627.0530204475024,-1627.0530204475097],"residuals":[608.0245736418024,1948.5095494869722,2112.845218143387,1728.9554861593615,1069.1045826499667,967.4370580631531,99.7811030385949,164.58742425551074,116.20456062109783,14.404673933436145,37.16763021953155,17.21463168817142,4.518339385142007,6.282189684317006,3.2672515903365857,3.7784880446238525,0.8827269777717125,0.0784743136199015,0.16111231179711502,0.047482673343910244,0.16224420171394538,0.4060061864119458,0.09858299344283597,0.14149701772288895,0.18008594886416426,0.013219358798034481,0.08616527657062038,0.09032195805126969,0.032492144954001,0.020643727644709835,0.046337049458602654,0.01744342886216481,0.07037716578128683,0.03628852237958122,0.004483163663564027,0.0073831342695182475,0.011349117380880703,0.006282393066022265,0.004846735346678978,0.0022195018539351223,0.0009690740405107308,0.0030366205888587338],"smearing":"DFTK.Smearing.Gaussian()","ndiag":[1,1,1,1,1,1,1,1,1,1,1,1,1,2,1,1,1,2,1,2,2,1,1,1,1,1,1,1,2,1,1,1,1,1,1,2,1,1,1,2,1,1],"fft_size":[24,24,216],"kwargs":"Base.Iterators.Pairs{Union{}, Union{}, Tuple{}, NamedTuple{(), Tuple{}}}()","n_kirred":30,"damping":"DFTK.AdaptiveDamping(0.125, 1.0, 0.8, 0.5, 1.1, 0.1)","type":"potmix"}