{"done":true,"kgrid":[9,9,1],"mixing":"KerkerMixing(0.8, 0.0)","temperature":0.01,"Ecut":30.0,"lattice":[[5.442411238922218,0.0,0.0],[0.0,5.442411238922218,0.0],[0.0,0.0,54.424112389222174]],"n_electr":266,"n_bands":320,"α":[1.0,1.0,1.0,1.0,1.0,1.0,1.0,1.0,1.0,1.0,1.0,1.0,1.0,1.0,1.0,1.0,1.0,1.0,1.0,1.0,1.0,1.0,1.0,1.0,1.0,1.0,1.0,1.0,1.0,1.0,1.0,1.0,1.0,1.0,1.0,1.0,1.0,1.0,1.0,1.0,1.0,1.0,1.0,1.0,1.0,1.0,1.0,1.0,1.0,1.0,1.0,1.0,1.0,1.0,1.0,1.0],"energies":[-1565.2994056104017,-1573.9784995863115,-1613.277665844933,-1606.6077095788269,-1624.360488635387,-1622.1732946987365,-1626.7332895436962,-1626.9210713696998,-1626.8644270999257,-1627.018723976558,-1627.0480703387855,-1627.0436465359826,-1627.049974893479,-1627.0510133365087,-1627.052798475849,-1627.05295915832,-1627.052979453445,-1627.0529600880664,-1627.052983330751,-1627.0529880417405,-1627.0530060065175,-1627.0530060486526,-1627.0530107809504,-1627.053011063953,-1627.0530121805864,-1627.0530128128785,-1627.0530135226907,-1627.0530150464529,-1627.0530163220274,-1627.053018726281,-1627.053017426541,-1627.0530200511132,-1627.0530201951522,-1627.0530203068386,-1627.0530203432957,-1627.053020344413,-1627.0530203636906,-1627.0530203015066,-1627.053020421347,-1627.0530204293893,-1627.0530204384117,-1627.053020439683,-1627.053020442794,-1627.0530204354736,-1627.0530204445454,-1627.0530204442257,-1627.0530204459576,-1627.0530204464328,-1627.0530204469337,-1627.0530204470547,-1627.053020447183,-1627.0530204475153,-1627.0530204476017,-1627.0530204475845,-1627.0530204476245,-1627.0530204476302],"residuals":[608.0245736418365,2079.2096422810523,1673.2777603431648,2101.926824466142,657.5234767717246,985.5453652242427,150.04163603857555,128.85361805498823,209.70966175901953,94.75823379778609,17.78240787561351,44.14028193444827,24.612831637645204,20.483052008342764,6.238662136147251,1.5286943134124815,1.5500752369727695,2.3579607924418635,2.1862737428010552,0.9939610590489616,0.4626202296454131,0.8728614284070483,0.23672081016257926,0.20372807325484302,0.4656544994190258,0.44057904506308315,0.11505760281915145,0.34009352008885724,0.34379861474638496,0.2209623453112485,0.7293053075234546,0.02651864893071728,0.16921462542472404,0.14070955111391337,0.1177084826487629,0.040684744772431905,0.04271582599293779,0.17273827197246935,0.014336091505825474,0.02393785007204624,0.0053847543961157126,0.005847652546059945,0.009163797517609465,0.03155767855373266,0.018106661935607244,0.01748967936423573,0.002659194144489185,0.0031467134970346623,0.007065185239122409,0.005168636981009276,0.0025660858586563475,0.0020373524791389886,0.0009287693199449165,0.0013650143910476685,0.0015810538782283267,0.001527894393302033],"smearing":"DFTK.Smearing.Gaussian()","ndiag":[1,1,1,1,1,1,1,1,1,1,1,1,1,1,1,1,1,1,1,1,1,1,1,1,1,1,1,1,1,1,1,1,1,1,1,1,1,1,1,1,1,1,1,1,1,1,1,1,1,1,1,1,1,1,1,1],"fft_size":[24,24,216],"kwargs":"Base.Iterators.Pairs{Union{}, Union{}, Tuple{}, NamedTuple{(), Tuple{}}}()","n_kirred":30,"damping":"DFTK.FixedDamping(1.0)","type":"potmix"}