{"done":true,"kgrid":[9,9,1],"mixing":"KerkerMixing(0.8, 0.0)","temperature":0.01,"Ecut":30.0,"lattice":[[5.442411238922218,0.0,0.0],[0.0,5.442411238922218,0.0],[0.0,0.0,54.424112389222174]],"n_electr":266,"n_bands":320,"α":[0.2,0.2,0.2,0.2,0.2,0.2,0.2,0.2,0.2,0.2,0.2,0.2,0.2,0.2,0.2,0.2,0.2,0.2,0.2,0.2,0.2,0.2,0.2,0.2,0.2,0.2,0.2,0.2,0.2,0.2,0.2,0.2,0.2,0.2,0.2,0.2,0.2,0.2,0.2,0.2,0.2,0.2,0.2,0.2,0.2,0.2,0.2,0.2,0.2,0.2,0.2,0.2,0.2,0.2,0.2,0.2,0.2,0.2,0.2,0.2,0.2,0.2,0.2,0.2,0.2,0.2,0.2,0.2,0.2,0.2,0.2,0.2,0.2,0.2,0.2,0.2,0.2,0.2,0.2,0.2,0.2,0.2,0.2,0.2,0.2,0.2,0.2,0.2,0.2,0.2,0.2,0.2,0.2,0.2,0.2,0.2,0.2,0.2,0.2],"energies":[-1565.2994056104017,-1603.2656154590527,-1624.5416316703659,-1623.1999530321411,-1626.4928019992958,-1626.830626780614,-1626.9059960270956,-1626.9899307122457,-1627.007048380916,-1627.0386800473443,-1627.0484523047821,-1627.0513949898475,-1627.051656373004,-1627.051787655727,-1627.052560404832,-1627.0527245962421,-1627.0527599921043,-1627.052808654782,-1627.0528753135004,-1627.0529200963617,-1627.0529678334258,-1627.0529865687254,-1627.0529964537093,-1627.0530074008088,-1627.0530164107893,-1627.0530181592646,-1627.0530196164914,-1627.0530199846369,-1627.0530203203039,-1627.0530203959972,-1627.0530203322642,-1627.0530202050386,-1627.053020414502,-1627.0530204262493,-1627.0530204233758,-1627.053020427467,-1627.0530204361987,-1627.0530204420065,-1627.05302044171,-1627.0530204426684,-1627.0530204431614,-1627.053020433685,-1627.0530204389397,-1627.0530204418735,-1627.0530204429397,-1627.053020441591,-1627.0530204396757,-1627.0530204249128,-1627.0530204336176,-1627.0530204367003,-1627.0530204382078,-1627.0530204393583,-1627.0530204404483,-1627.0530204419665,-1627.0530204428565,-1627.053020442056,-1627.0530204422198,-1627.053020443904,-1627.0530204424497,-1627.0530204423292,-1627.0530204425584,-1627.053020443498,-1627.0530204437932,-1627.0530204444353,-1627.053020443153,-1627.0530204444908,-1627.0530204447582,-1627.0530204453353,-1627.0530204431234,-1627.0530204438394,-1627.0530204438458,-1627.0530204455724,-1627.0530204454749,-1627.053020444185,-1627.053020445833,-1627.053020445136,-1627.053020444861,-1627.0530204441686,-1627.0530204443112,-1627.0530204464146,-1627.0530204465629,-1627.0530204465592,-1627.0530204463837,-1627.053020446415,-1627.0530204465701,-1627.0530204464574,-1627.0530204468357,-1627.053020447034,-1627.0530204467516,-1627.0530204469499,-1627.0530204469437,-1627.0530204469255,-1627.0530204471008,-1627.0530204470663,-1627.053020446953,-1627.053020446962,-1627.053020447075,-1627.05302044712,-1627.0530204469976],"residuals":[608.024573641801,302.12262686340046,653.399859432123,954.6054359673618,79.41499626284772,102.3375694328957,185.48978620468608,116.97060415202023,97.03964825036421,60.372020832996746,31.85755824209972,16.22561482628592,15.519057180263546,14.965212392792482,5.95792988440418,1.1615232673564262,1.3809178052792273,0.4700261304295076,0.6143140107900243,0.3413622400263017,0.4136975299253486,0.23752391561962935,0.10465977368655764,0.09334682009868107,0.3564184506094421,0.19188681948035785,0.07597614058254021,0.03484888751255776,0.010624903643937901,0.007268172505868077,0.013949633840200898,0.0252004304106117,0.008305441564909276,0.027289067077030743,0.004701747511775443,0.006630911677646871,0.0016076152706947597,0.004361449647148281,0.006054065011780401,0.0036618618453046923,0.00793989070898236,0.0041170677949658235,0.005722897737057308,0.0012313037635473137,0.0006024294939517245,0.002487333885811608,0.007922081175876486,0.012836727634930654,0.006948038505512372,0.004011051240423941,0.0025134660558556975,0.0017687767947026495,0.00179641706177113,0.001909582297509165,0.0022357455752769033,0.0013116616593623399,0.0023522768621163396,0.005015205658983505,0.006297947558270445,0.0030774154847334877,0.003390383427948616,0.004929452062867408,0.002357887350314036,0.0019356713746465077,0.003311107482401775,0.005861891219375984,0.003940173551179614,0.004551183589256704,0.003017688439006843,0.002046867592246231,0.00446960293517176,0.006195944480135243,0.003269965812548088,0.0016126367556105086,0.004873715367414157,0.005521501678010659,0.0065143268590667925,0.007646294262653133,0.005997717357425263,0.006230837141324963,0.001980944730210949,0.0019383147932483273,0.004118416455854706,0.0015015371489140686,0.0022170922899843143,0.0030237575540075497,0.00147294685546904,0.0014916643615263655,0.0008899707851297513,0.001073214855445245,0.002186308108379366,0.001087792310054466,0.001872916738317584,0.002018523635728936,0.0035975333503960355,0.0004912258647641959,0.000783494009107425,0.00018806551626983885,0.0004956424057063643],"smearing":"DFTK.Smearing.Gaussian()","ndiag":[1,1,1,1,1,1,1,1,1,1,1,1,1,1,1,1,1,1,1,1,1,1,1,1,1,1,1,1,1,1,1,1,1,1,1,1,1,1,1,1,1,1,1,1,1,1,1,1,1,1,1,1,1,1,1,1,1,1,1,1,1,1,1,1,1,1,1,1,1,1,1,1,1,1,1,1,1,1,1,1,1,1,1,1,1,1,1,1,1,1,1,1,1,1,1,1,1,1,1],"fft_size":[24,24,216],"kwargs":"Base.Iterators.Pairs{Union{}, Union{}, Tuple{}, NamedTuple{(), Tuple{}}}()","n_kirred":30,"damping":"DFTK.FixedDamping(0.2)","type":"potmix"}