{"done":true,"kgrid":[9,9,1],"mixing":"KerkerMixing(0.8, 0.0)","temperature":0.01,"Ecut":30.0,"lattice":[[5.442411238922218,0.0,0.0],[0.0,5.442411238922218,0.0],[0.0,0.0,54.424112389222174]],"n_electr":266,"n_bands":320,"α":[0.5,0.5,0.5,0.5,0.5,0.5,0.5,0.5,0.5,0.5,0.5,0.5,0.5,0.5,0.5,0.5,0.5,0.5,0.5,0.5,0.5,0.5,0.5,0.5,0.5,0.5,0.5,0.5,0.5,0.5,0.5,0.5,0.5,0.5,0.5,0.5,0.5,0.5,0.5,0.5,0.5,0.5,0.5,0.5,0.5,0.5],"energies":[-1565.299405610401,-1608.396669333818,-1552.14059899995,-1624.5043811869134,-1625.4003753193515,-1626.991315512279,-1626.8520084198951,-1626.9536443672002,-1627.0289236068954,-1627.0449560024344,-1627.0502190670475,-1627.052087174742,-1627.0525781679294,-1627.052731766373,-1627.0527775552957,-1627.052845409882,-1627.0528624660594,-1627.0528976612643,-1627.0529192560766,-1627.052948943321,-1627.052967685269,-1627.0529918603847,-1627.0530016809641,-1627.0530131771654,-1627.0530148034156,-1627.0530178326928,-1627.053019811987,-1627.0530201169533,-1627.0530203283483,-1627.0530203013507,-1627.0530203780372,-1627.053020403348,-1627.0530204182314,-1627.053020430419,-1627.0530204370395,-1627.053020445179,-1627.0530204448319,-1627.0530204459794,-1627.05302044676,-1627.053020446735,-1627.053020447204,-1627.053020447282,-1627.0530204471834,-1627.0530204473894,-1627.0530204474658,-1627.0530204474649],"residuals":[608.0245736417966,2074.750269780253,4357.473532977163,780.9948209025648,199.3729336237686,76.60238025379022,220.82678481760598,160.87651130139875,63.41533910685241,34.75501765515404,20.22992914273967,10.610683448680534,5.28453787088783,4.918467739192507,4.011063445946152,1.9391812550634393,1.9092548287530016,0.6766583973789247,0.7267552675314619,0.34421389290030285,0.31633350867895144,1.196561759296108,0.9525094053873044,0.15695943049323954,0.17435349594443364,0.4535438049608666,0.015880346308575665,0.16308577379973715,0.07365297729040399,0.1322298954954475,0.11669077994548359,0.042401262993212376,0.04544185911864009,0.0331020081428111,0.015222272800679155,0.007589674346893914,0.0015617374714885475,0.009229539577609712,0.0014572764428496846,0.0004259396902835795,0.004092817048474283,0.000513591067260605,0.0034772050904348963,0.002416426888971024,0.0019879343776045832,0.00030511057573592127],"smearing":"DFTK.Smearing.Gaussian()","ndiag":[1,1,1,1,1,1,1,1,1,1,1,1,1,1,1,1,1,1,1,1,1,1,1,1,1,1,1,1,1,1,1,1,1,1,1,1,1,1,1,1,1,1,1,1,1,1],"fft_size":[24,24,216],"kwargs":"Base.Iterators.Pairs{Union{}, Union{}, Tuple{}, NamedTuple{(), Tuple{}}}()","n_kirred":30,"damping":"DFTK.FixedDamping(0.5)","type":"potmix"}