{"done":true,"kgrid":[9,9,1],"mixing":"KerkerMixing(0.8, 0.0)","temperature":0.01,"Ecut":30.0,"lattice":[[5.442411238922218,0.0,0.0],[0.0,5.442411238922218,0.0],[0.0,0.0,54.424112389222174]],"n_electr":266,"n_bands":320,"α":[0.1,0.1,0.1,0.1,0.1,0.1,0.1,0.1,0.1,0.1,0.1,0.1,0.1,0.1,0.1,0.1,0.1,0.1,0.1,0.1,0.1,0.1,0.1,0.1,0.1,0.1,0.1,0.1,0.1,0.1,0.1,0.1,0.1,0.1,0.1,0.1,0.1,0.1,0.1,0.1,0.1,0.1,0.1,0.1,0.1,0.1,0.1,0.1,0.1,0.1,0.1,0.1,0.1,0.1,0.1,0.1,0.1,0.1,0.1,0.1,0.1,0.1,0.1,0.1,0.1,0.1,0.1,0.1,0.1,0.1,0.1,0.1,0.1,0.1,0.1,0.1,0.1,0.1,0.1,0.1,0.1,0.1,0.1,0.1,0.1,0.1,0.1,0.1,0.1,0.1,0.1,0.1,0.1,0.1,0.1,0.1,0.1,0.1,0.1],"energies":[-1565.2994056104023,-1585.922186512803,-1623.5180102339168,-1625.9431285534213,-1626.3364049231518,-1626.828175906443,-1626.9916337518223,-1626.9932380346847,-1627.0175794070053,-1627.0347817258746,-1627.050743818788,-1627.0432130315305,-1627.047937632564,-1627.0493042810394,-1627.0518581669664,-1627.052398148249,-1627.0517168990946,-1627.0527127046566,-1627.0527024855326,-1627.052796156397,-1627.05288724915,-1627.052942951156,-1627.052953316767,-1627.052990613873,-1627.0530068441142,-1627.0530114735814,-1627.0530155686656,-1627.0530186063888,-1627.0530191093312,-1627.0530068877156,-1627.053016452159,-1627.05301801094,-1627.0530184253678,-1627.0530184300624,-1627.0530183184428,-1627.0530187248946,-1627.053018574615,-1627.053018462002,-1627.0530184839354,-1627.0530185985954,-1627.0530186167593,-1627.0530186179637,-1627.0530186381716,-1627.0530185710616,-1627.053018539847,-1627.0530186167116,-1627.053018588468,-1627.053018634936,-1627.053018605179,-1627.0530188255857,-1627.053018875269,-1627.0530188836876,-1627.0530189255587,-1627.053019032145,-1627.0530190519478,-1627.053019083228,-1627.0530191070784,-1627.0530191129737,-1627.053019115668,-1627.0530191121225,-1627.0530191119014,-1627.053019139632,-1627.0530191582461,-1627.0530191547373,-1627.0530191546982,-1627.0530191354537,-1627.0530191396524,-1627.0530192648746,-1627.0530193892564,-1627.0530193179882,-1627.0530193611269,-1627.0530193769557,-1627.0530194065457,-1627.0530194093149,-1627.053019412693,-1627.0530193864074,-1627.0530193996042,-1627.0530194585326,-1627.0530194827743,-1627.0530194520893,-1627.05301946208,-1627.0530195210795,-1627.0530194649073,-1627.053019448272,-1627.0530194953317,-1627.0530195421143,-1627.053019575635,-1627.053019556533,-1627.0530196050743,-1627.05301967016,-1627.0530195810495,-1627.0530195835556,-1627.0530195851672,-1627.0530196111215,-1627.0530195760184,-1627.0530196308848,-1627.053019644211,-1627.0530197020944,-1627.0530197129651],"residuals":[608.0245736418276,348.5725627046002,753.381969281661,162.29455333025382,126.83889640622522,62.31157239836299,81.9475935222169,100.74844096221227,71.86962711776295,67.40870501540586,12.399110888253897,42.77165035870892,34.61153093367455,24.13246689252713,12.734013858801287,8.34348390210225,16.223201291326617,2.7089755393783688,4.096443866278566,0.4438046967802361,0.24042014708085296,0.10890922761844363,0.45740297666477464,0.3058808114303583,0.2175422144195431,0.05430878063756555,0.06787455336995292,0.10089688459463211,0.3209096154773195,0.6159268710035481,0.30978994234385643,0.33683496216121483,0.0801836569988884,0.09053129980863811,0.09977337795996458,0.01247491761779311,0.11929744635980291,0.0760662638931197,0.07881458817146503,0.05062956106901431,0.020163898057939514,0.05626531869136158,0.1002080773815553,0.00626258614843682,0.0047106147329579314,0.01735427538093659,0.020434753860416155,0.04695643915109404,0.04410003781908601,0.047641425629708314,0.06026130504759613,0.037199659225463255,0.041338600035059035,0.04538017751134624,0.05934819327364904,0.026040370240728365,0.024032556927366777,0.030056671861405683,0.021691674328602254,0.02996758367557869,0.06674699315486451,0.06269869578437261,0.0789923638814964,0.06376410903191192,0.06896806953213372,0.06800767576067848,0.09273559427492677,0.13436695424422682,0.11101725197979447,0.10603371797185847,0.14281935617603184,0.11746044216209521,0.02813503299245358,0.08072744857356662,0.10024106021132946,0.13383945668641514,0.12056189645327753,0.06873830869053915,0.02380310161247544,0.048281293554190585,0.047605133763267124,0.048541915636924234,0.022918573357683904,0.14041974356209058,0.08341334871401296,0.027262922020327058,0.0606307647433882,0.08382684833992726,0.013386867407870068,0.01571445675840403,0.04868798858852094,0.03879282584815555,0.04896936544372937,0.0216000543305646,0.07821740711557847,0.031528763768201226,0.016479542866017584,0.013376259219572108,0.04995317181717029],"smearing":"DFTK.Smearing.Gaussian()","ndiag":[1,1,1,1,1,1,1,1,1,1,1,1,1,1,1,1,1,1,1,1,1,1,1,1,1,1,1,1,1,1,1,1,1,1,1,1,1,1,1,1,1,1,1,1,1,1,1,1,1,1,1,1,1,1,1,1,1,1,1,1,1,1,1,1,1,1,1,1,1,1,1,1,1,1,1,1,1,1,1,1,1,1,1,1,1,1,1,1,1,1,1,1,1,1,1,1,1,1,1],"fft_size":[24,24,216],"kwargs":"Base.Iterators.Pairs{Union{}, Union{}, Tuple{}, NamedTuple{(), Tuple{}}}()","n_kirred":30,"damping":"DFTK.FixedDamping(0.1)","type":"potmix"}