{"done":true,"kgrid":[9,9,1],"mixing":"KerkerMixing(0.8, 0.0)","temperature":0.01,"Ecut":30.0,"lattice":[[5.442411238922218,0.0,0.0],[0.0,5.442411238922218,0.0],[0.0,0.0,54.424112389222174]],"n_electr":266,"n_bands":320,"α":[0.8,0.8,0.8,0.8,0.8,0.8,0.8,0.8,0.8,0.8,0.8,0.8,0.8,0.8,0.8,0.8,0.8,0.8,0.8,0.8,0.8,0.8,0.8,0.8,0.8,0.8,0.8,0.8,0.8,0.8,0.8,0.8,0.8,0.8,0.8,0.8,0.8,0.8,0.8,0.8,0.8,0.8,0.8,0.8,0.8,0.8],"energies":[-1565.2994056104017,-1594.2645872623445,-1607.107793481816,-1613.4839774461784,-1620.9884005956521,-1622.6863791915707,-1626.8277149601754,-1626.912769358419,-1626.9874646346252,-1627.045747643575,-1627.0442606034228,-1627.0507108561665,-1627.0526737954249,-1627.0516247835694,-1627.0528687547521,-1627.0528784441985,-1627.053009634265,-1627.0529552025196,-1627.053017229716,-1627.053016641753,-1627.0530192522974,-1627.0530184209133,-1627.0530197259056,-1627.0530198822717,-1627.053019955498,-1627.0530199874281,-1627.0530200390695,-1627.0530202081566,-1627.0530202682926,-1627.0530203679846,-1627.053020390351,-1627.0530204292202,-1627.0530204273352,-1627.0530204379659,-1627.0530204431575,-1627.0530204450197,-1627.0530204442289,-1627.05302044684,-1627.0530204471193,-1627.0530204464746,-1627.053020447555,-1627.0530204475185,-1627.0530204476242,-1627.0530204476106,-1627.0530204476327,-1627.053020447639],"residuals":[608.0245736418605,1948.509541196644,2112.845198179592,1728.9557492647461,1069.1046085154255,967.4366770369646,99.78077951240692,164.58733357072066,116.20474320375433,14.404642554623297,37.16765833952977,17.214612251535925,4.51850537825893,17.1873715301762,5.299553129162773,5.370153864985413,1.0042580238622743,3.4191745509828904,0.47223339563157224,0.46482993060753425,0.25810320460021347,0.5549805818111595,0.053331601716472596,0.042566667479292476,0.017171408511238363,0.0362726016780969,0.07736034868010698,0.017130494545189282,0.06712652014254694,0.03292059323303911,0.0459976961063834,0.011448354911745883,0.019867502906354514,0.04049489647354074,0.01838979594539267,0.011796654643801538,0.007212989657743511,0.004558590607721384,0.002781164543229279,0.015412873381550073,0.0017795843149436528,0.002159858009462465,0.0012776798961327248,0.0014796420471056143,0.0009184687725821707,0.0010024823280087047],"smearing":"DFTK.Smearing.Gaussian()","ndiag":[1,1,1,1,1,1,1,1,1,1,1,1,1,1,1,1,1,1,1,1,1,1,1,1,1,1,1,1,1,1,1,1,1,1,1,1,1,1,1,1,1,1,1,1,1,1],"fft_size":[24,24,216],"kwargs":"Base.Iterators.Pairs{Union{}, Union{}, Tuple{}, NamedTuple{(), Tuple{}}}()","n_kirred":30,"damping":"DFTK.FixedDamping(0.8)","type":"potmix"}