{"done":true,"kgrid":[9,9,1],"mixing":"KerkerMixing(0.8, 0.0)","temperature":0.01,"Ecut":30.0,"lattice":[[5.442411238922218,0.0,0.0],[0.0,5.442411238922218,0.0],[0.0,0.0,54.424112389222174]],"n_electr":266,"n_bands":320,"α":[0.7,0.7,0.7,0.7,0.7,0.7,0.7,0.7,0.7,0.7,0.7,0.7,0.7,0.7,0.7,0.7,0.7,0.7,0.7,0.7,0.7,0.7,0.7,0.7,0.7,0.7,0.7,0.7,0.7,0.7,0.7,0.7,0.7,0.7,0.7,0.7,0.7,0.7,0.7,0.7,0.7,0.7,0.7,0.7,0.7,0.7,0.7],"energies":[-1565.2994056104014,-1602.2026812585773,-1601.347111202851,-1617.4931443616094,-1619.0464560112687,-1624.5015261231886,-1626.7497483295103,-1626.9246001658983,-1627.0256581557808,-1627.0235288573792,-1627.031095907612,-1627.0518771376007,-1627.0498473433518,-1627.052160498849,-1627.0524347395356,-1627.0529007912849,-1627.0530108444086,-1627.0530021729521,-1627.0530151470036,-1627.0530162837176,-1627.0530164826002,-1627.053016746302,-1627.053017302098,-1627.053017535817,-1627.0530186026092,-1627.0530188655634,-1627.053019245808,-1627.0530198938595,-1627.0530197642754,-1627.0530203156723,-1627.0530203894962,-1627.0530204324311,-1627.0530204301272,-1627.0530204398426,-1627.0530204426707,-1627.0530204442277,-1627.053020446528,-1627.0530204467034,-1627.0530204467798,-1627.053020447153,-1627.0530204470317,-1627.0530204473628,-1627.0530204474335,-1627.0530204474524,-1627.0530204475062,-1627.053020447551,-1627.0530204475556],"residuals":[608.0245736418196,1899.97326238373,2441.94339622968,1465.6275807643394,1267.4927998547046,728.7804618586052,193.84256109038074,166.26835568433842,63.03171204760525,65.89297626033496,67.40441464164611,6.3494027369129356,25.33787566922654,13.165170569156334,11.469236892402673,4.965061922255113,0.6158225372736734,1.015703543334225,0.12376211605856237,0.1851911207992382,0.3365811305539712,0.07439177662505403,0.06476788201458474,0.13598318301552642,0.03252513780589148,0.10029064149808244,0.25617441110127936,0.08791296890977143,0.33496047398806716,0.029162991613128283,0.019458768578486756,0.0023508753614229737,0.012137927735707947,0.026907838213368184,0.01357739919655867,0.005190950851256297,0.00730870254783865,0.006633149694291053,0.0065590226608889845,0.0028365581890560008,0.010423952446349038,0.0020440481039307305,0.0004312340152186707,0.0035742112428204555,0.00043580851291993204,0.0005979650623935223,0.00019798774791815384],"smearing":"DFTK.Smearing.Gaussian()","ndiag":[1,1,1,1,1,1,1,1,1,1,1,1,1,1,1,1,1,1,1,1,1,1,1,1,1,1,1,1,1,1,1,1,1,1,1,1,1,1,1,1,1,1,1,1,1,1,1],"fft_size":[24,24,216],"kwargs":"Base.Iterators.Pairs{Union{}, Union{}, Tuple{}, NamedTuple{(), Tuple{}}}()","n_kirred":30,"damping":"DFTK.FixedDamping(0.7)","type":"potmix"}