{"done":true,"kgrid":[9,9,1],"mixing":"KerkerMixing(0.8, 0.0)","temperature":0.01,"Ecut":30.0,"lattice":[[5.442411238922218,0.0,0.0],[0.0,5.442411238922218,0.0],[0.0,0.0,54.424112389222174]],"n_electr":266,"n_bands":320,"α":[0.3,0.3,0.3,0.3,0.3,0.3,0.3,0.3,0.3,0.3,0.3,0.3,0.3,0.3,0.3,0.3,0.3,0.3,0.3,0.3,0.3,0.3,0.3,0.3,0.3,0.3,0.3,0.3,0.3,0.3,0.3,0.3,0.3,0.3,0.3,0.3,0.3,0.3,0.3,0.3,0.3,0.3,0.3,0.3,0.3,0.3,0.3,0.3,0.3,0.3,0.3,0.3,0.3,0.3,0.3,0.3,0.3,0.3,0.3,0.3,0.3,0.3,0.3,0.3,0.3,0.3,0.3,0.3,0.3,0.3,0.3,0.3,0.3,0.3,0.3,0.3,0.3,0.3,0.3,0.3,0.3,0.3,0.3,0.3,0.3,0.3,0.3,0.3,0.3,0.3,0.3,0.3,0.3,0.3,0.3,0.3,0.3,0.3,0.3],"energies":[-1565.2994056104008,-1609.381837748267,-1552.8107896405213,-1625.6469461769275,-1626.0300498645834,-1626.0761294514139,-1626.7417107759613,-1626.9063632939244,-1626.9768056941093,-1627.0325254213753,-1627.0474720918962,-1627.0452175184485,-1627.0495508843183,-1627.0522364678213,-1627.0525714851503,-1627.0527190575733,-1627.0527575256353,-1627.052792649891,-1627.0528610513645,-1627.05289751473,-1627.052936395215,-1627.0529765999668,-1627.0529884046289,-1627.0530067733207,-1627.0530146982533,-1627.0530169639192,-1627.0530180405292,-1627.053019722784,-1627.0530199294067,-1627.0530203188036,-1627.0530203685087,-1627.0530204048237,-1627.0530204051151,-1627.053020420248,-1627.0530203643843,-1627.0530204182455,-1627.0530204199408,-1627.0530204283514,-1627.0530204309405,-1627.0530204325337,-1627.0530204338838,-1627.0530204327133,-1627.0530204336808,-1627.0530204341608,-1627.0530204329814,-1627.0530204322772,-1627.0530204327288,-1627.053020432904,-1627.0530204337738,-1627.0530204338297,-1627.0530204336335,-1627.0530204370232,-1627.053020437468,-1627.0530204372592,-1627.0530204371087,-1627.0530204372203,-1627.0530204373529,-1627.0530204374747,-1627.0530204376048,-1627.05302043776,-1627.0530204377217,-1627.0530204377544,-1627.0530204379031,-1627.0530204384422,-1627.0530204384293,-1627.0530204376607,-1627.0530204384545,-1627.0530204376214,-1627.0530204382173,-1627.0530204380625,-1627.0530204386528,-1627.0530204380395,-1627.0530204382708,-1627.0530204391637,-1627.0530204390209,-1627.053020438349,-1627.0530204371973,-1627.053020436937,-1627.0530204387442,-1627.0530204395425,-1627.0530204390545,-1627.0530204396123,-1627.0530204408842,-1627.0530204400725,-1627.0530204396252,-1627.0530204408474,-1627.0530204406464,-1627.0530204386278,-1627.0530204343324,-1627.05302043662,-1627.0530204378847,-1627.0530204390075,-1627.0530204397517,-1627.0530204403224,-1627.0530204396462,-1627.0530204372164,-1627.0530204405993,-1627.0530204409322,-1627.0530204415277],"residuals":[608.024573641823,1432.6653621977523,4373.761846970474,489.6915828934554,180.0479561144751,473.7439589561636,265.955519682283,191.0644229950166,142.59278824261284,69.85252815824188,34.308106990144765,45.50831944081696,29.364557125942472,10.83202611429672,6.205481199481387,2.7340119240889473,2.3360657861133363,3.42541411032318,1.4004240705813336,0.6460347288558153,0.7233547817370909,0.7658470899480543,1.2447230218968308,0.07097610755658655,0.2856161613518743,0.11322688014905155,0.023933065768369063,0.1453041458101468,0.08158900285878387,0.008342427757973395,0.055319313810001686,0.027058876770812614,0.05636796352940277,0.01072498577874331,0.07184585456719876,0.01044223864963497,0.006181200241922018,0.003334471650084775,0.0032212506133467637,0.005914883425241539,0.006559437193486096,0.00290050018810716,0.0008889860854922475,0.011948977403072289,0.011502782017495123,0.01278225826088494,0.003699032617051594,0.0017463418290982842,0.0016690707860509133,0.0008317494613522758,0.0004542101794791717,0.00320559605005598,0.0024504673016154314,0.006983322566762283,0.009220514017917032,0.010788296318467104,0.009784660764764742,0.00902103373865121,0.008109540255098389,0.007630291909976133,0.004240702801384323,0.004658977703472798,0.012683322656800326,0.012557474796628568,0.014272382532288738,0.0196740252503844,0.01029915201340486,0.01653991828358638,0.014225652588974376,0.018646247747539684,0.012318983750563518,0.019716462036321547,0.015627532080240175,0.010058933336693061,0.011773695827586413,0.017373165957664135,0.0233477584592366,0.02454858142168078,0.013717952833493316,0.008230265305330801,0.01614571170810091,0.011147385398805372,0.007218081788600418,0.001798648009092387,0.02092083100313627,0.013622623073009456,0.016842720360035594,0.02720331782935856,0.041051393256159585,0.034087324045685936,0.029175350086413667,0.02545799584635588,0.021938539175233723,0.01861578955510786,0.022822861796226987,0.0325660050643931,0.018885447758255368,0.016806236714405776,0.010109869782187371],"smearing":"DFTK.Smearing.Gaussian()","ndiag":[1,1,1,1,1,1,1,1,1,1,1,1,1,1,1,1,1,1,1,1,1,1,1,1,1,1,1,1,1,1,1,1,1,1,1,1,1,1,1,1,1,1,1,1,1,1,1,1,1,1,1,1,1,1,1,1,1,1,1,1,1,1,1,1,1,1,1,1,1,1,1,1,1,1,1,1,1,1,1,1,1,1,1,1,1,1,1,1,1,1,1,1,1,1,1,1,1,1,1],"fft_size":[24,24,216],"kwargs":"Base.Iterators.Pairs{Union{}, Union{}, Tuple{}, NamedTuple{(), Tuple{}}}()","n_kirred":30,"damping":"DFTK.FixedDamping(0.3)","type":"potmix"}