{"done":true,"kgrid":[9,9,1],"mixing":"KerkerMixing(0.8, 0.0)","temperature":0.01,"Ecut":30.0,"lattice":[[5.442411238922218,0.0,0.0],[0.0,5.442411238922218,0.0],[0.0,0.0,54.424112389222174]],"n_electr":266,"n_bands":320,"α":[0.9,0.9,0.9,0.9,0.9,0.9,0.9,0.9,0.9,0.9,0.9,0.9,0.9,0.9,0.9,0.9,0.9,0.9,0.9,0.9,0.9,0.9,0.9,0.9,0.9,0.9,0.9,0.9,0.9,0.9,0.9,0.9,0.9,0.9,0.9,0.9,0.9,0.9,0.9,0.9,0.9,0.9,0.9,0.9,0.9,0.9,0.9,0.9,0.9],"energies":[-1565.2994056104014,-1584.7520279713083,-1610.7406550571,-1609.7349800380728,-1623.008579924547,-1622.0068065623716,-1626.8257680487502,-1626.9227107554427,-1626.9294923803477,-1627.0408884746919,-1627.0498621646723,-1627.0462779522652,-1627.0515640273293,-1627.0514320962086,-1627.0529744426271,-1627.0529805332433,-1627.0529925866992,-1627.0529914507163,-1627.0529988124304,-1627.052997202449,-1627.0530130293434,-1627.053013024422,-1627.0530149640963,-1627.0530160810044,-1627.0530167019926,-1627.053017299798,-1627.0530171619557,-1627.0530189367705,-1627.0530192724782,-1627.0530197665316,-1627.0530193008915,-1627.0530203985036,-1627.053020346921,-1627.053020416311,-1627.0530204266063,-1627.0530204424474,-1627.0530204436982,-1627.0530204415763,-1627.0530204436966,-1627.0530204461722,-1627.0530204468923,-1627.0530204470224,-1627.053020447093,-1627.0530204441766,-1627.0530204473507,-1627.0530204474878,-1627.053020447559,-1627.0530204475954,-1627.0530204475979],"residuals":[608.0245736417938,2014.9627140159143,1873.1268859373454,1943.5239620877119,843.0364548682428,1031.6163779593608,61.71995953588508,144.60927851298402,167.00216387184702,52.16183462342502,7.201050588625397,37.228522906871504,17.912131655678255,18.20638515400648,1.5786929972891703,1.6930733740524218,1.3705218865405508,1.5409755051279508,1.4576856247916754,1.0511660682970718,0.15304237820171918,0.599999591457911,0.22399446503091344,0.09826710381870081,0.20410251637067323,0.1801339716210005,0.3892521552886447,0.11614075621342695,0.20060327184842555,0.14358223580951632,0.47454714319158225,0.08159031776471677,0.08636429715971516,0.05060495660621356,0.05794559433592931,0.013168477154936045,0.009996244785978489,0.01809378994899159,0.02199894933125676,0.006305866470045781,0.00824941817425499,0.006375969086116166,0.008547045296520487,0.026401722300863996,0.004884875209714518,0.0033426896147083097,0.0019975742304914907,0.0010074504083069963,0.0003107477421284121],"smearing":"DFTK.Smearing.Gaussian()","ndiag":[1,1,1,1,1,1,1,1,1,1,1,1,1,1,1,1,1,1,1,1,1,1,1,1,1,1,1,1,1,1,1,1,1,1,1,1,1,1,1,1,1,1,1,1,1,1,1,1,1],"fft_size":[24,24,216],"kwargs":"Base.Iterators.Pairs{Union{}, Union{}, Tuple{}, NamedTuple{(), Tuple{}}}()","n_kirred":30,"damping":"DFTK.FixedDamping(0.9)","type":"potmix"}