{"done":true,"kgrid":[9,9,1],"mixing":"KerkerMixing(0.8, 0.0)","temperature":0.01,"Ecut":30.0,"lattice":[[5.442411238922218,0.0,0.0],[0.0,5.442411238922218,0.0],[0.0,0.0,54.424112389222174]],"n_electr":266,"n_bands":320,"α":[0.4,0.4,0.4,0.4,0.4,0.4,0.4,0.4,0.4,0.4,0.4,0.4,0.4,0.4,0.4,0.4,0.4,0.4,0.4,0.4,0.4,0.4,0.4,0.4,0.4,0.4,0.4,0.4,0.4,0.4,0.4,0.4,0.4,0.4,0.4,0.4,0.4,0.4,0.4,0.4,0.4,0.4,0.4,0.4,0.4,0.4,0.4,0.4,0.4,0.4,0.4,0.4,0.4,0.4,0.4,0.4,0.4,0.4,0.4,0.4,0.4,0.4,0.4,0.4,0.4,0.4,0.4,0.4,0.4,0.4,0.4,0.4,0.4,0.4],"energies":[-1565.2994056104014,-1608.9951846146932,-1523.508637372464,-1626.0411975159934,-1625.4012834541873,-1624.6308888815684,-1626.9315626382331,-1626.986251279449,-1627.0137434135113,-1627.0435020403204,-1627.050207228064,-1627.0506145823006,-1627.0519625609616,-1627.0523637349313,-1627.0528277521476,-1627.0528626099026,-1627.0528781122632,-1627.052891596559,-1627.0529360982896,-1627.0529639670428,-1627.0529830106698,-1627.0530042987073,-1627.0530100188928,-1627.0530158785223,-1627.053018492904,-1627.0530198213328,-1627.0530201544632,-1627.05302032618,-1627.0530204135503,-1627.0530204306845,-1627.0530204384113,-1627.0530204408324,-1627.0530204381757,-1627.0530204392144,-1627.0530204436318,-1627.0530204455633,-1627.053020445942,-1627.0530204463291,-1627.0530204465383,-1627.0530204466706,-1627.0530204469246,-1627.0530204470713,-1627.0530204471652,-1627.0530204471704,-1627.053020447114,-1627.0530204469887,-1627.0530204467482,-1627.0530204467386,-1627.0530204465897,-1627.053020446669,-1627.0530204469467,-1627.0530204471793,-1627.0530204472652,-1627.0530204473218,-1627.0530204472952,-1627.0530204472932,-1627.0530204472745,-1627.0530204472404,-1627.0530204471515,-1627.0530204471484,-1627.0530204471834,-1627.0530204472495,-1627.0530204472586,-1627.0530204472652,-1627.0530204472607,-1627.0530204473878,-1627.0530204474012,-1627.0530204474323,-1627.0530204474292,-1627.0530204474544,-1627.0530204474792,-1627.053020447474,-1627.0530204474671,-1627.0530204474676],"residuals":[608.0245736418223,2011.6525926217105,5181.303958433008,342.2687810358137,229.34428168777524,759.3463391030845,128.53521268330599,93.45233213815739,101.65192682747748,49.13015527815479,22.582957511122526,23.582570588199648,14.522677545028325,9.112861819713428,0.8434365319711115,0.7336165539761078,0.8238454806030483,1.2408204852001334,1.0803982167188775,0.2787427511732115,1.1186589825879913,0.23211250173805095,0.1321275219374842,0.23942015859805796,0.1781329104398532,0.15894100228054045,0.025650580039749276,0.11286890641140286,0.03831324556659446,0.03200386449559972,0.012154874468095038,0.02232504386745479,0.033727917426674636,0.01973163821657126,0.010964431199316681,0.005351927431791602,0.003202610050875973,0.004004608114837366,0.004367972545370936,0.0035035308744952205,0.002617304754167822,0.002328862434425388,0.00044615419298103435,0.0005809230546639313,0.0013923076471478541,0.000775995696735382,0.004191442059038212,0.004002331113972635,0.00553451825071136,0.005154675952575722,0.003158167914882171,0.001119428879470825,0.00022890969338490292,0.0028319127288433028,0.004305304619548472,0.00418676125923502,0.004237844878116363,0.004817044183559996,0.006135209471182842,0.006597097703051456,0.006722962324211668,0.005637857904973991,0.005372734906296681,0.0054131966913915,0.005065611085467735,0.0017277586548292583,0.0025336743276036253,0.0009141064064617673,0.0019940983347832945,0.0010912975358608544,0.00020891972103260446,0.000929446226687757,0.0011479594967698326,0.00028355427944921885],"smearing":"DFTK.Smearing.Gaussian()","ndiag":[1,1,1,1,1,1,1,1,1,1,1,1,1,1,1,1,1,1,1,1,1,1,1,1,1,1,1,1,1,1,1,1,1,1,1,1,1,1,1,1,1,1,1,1,1,1,1,1,1,1,1,1,1,1,1,1,1,1,1,1,1,1,1,1,1,1,1,1,1,1,1,1,1,1],"fft_size":[24,24,216],"kwargs":"Base.Iterators.Pairs{Union{}, Union{}, Tuple{}, NamedTuple{(), Tuple{}}}()","n_kirred":30,"damping":"DFTK.FixedDamping(0.4)","type":"potmix"}