{"done":true,"kgrid":[9,9,1],"mixing":"KerkerMixing(0.8, 0.0)","temperature":0.01,"Ecut":30.0,"lattice":[[5.442411238922218,0.0,0.0],[0.0,5.442411238922218,0.0],[0.0,0.0,54.424112389222174]],"n_electr":266,"n_bands":320,"α":[0.6,0.6,0.6,0.6,0.6,0.6,0.6,0.6,0.6,0.6,0.6,0.6,0.6,0.6,0.6,0.6,0.6,0.6,0.6,0.6,0.6,0.6,0.6,0.6,0.6,0.6,0.6,0.6,0.6,0.6,0.6,0.6,0.6,0.6,0.6,0.6,0.6,0.6,0.6,0.6,0.6,0.6,0.6,0.6,0.6,0.6,0.6,0.6,0.6,0.6,0.6],"energies":[-1565.2994056104012,-1607.7566703880423,-1589.4247848284788,-1621.4262247222857,-1622.400654500935,-1626.548822125049,-1626.8040893656464,-1627.0021441938648,-1627.040175904089,-1627.0380613889727,-1627.0513121402407,-1627.052598547292,-1627.0528059494204,-1627.0528684733376,-1627.0528313098723,-1627.0529467220724,-1627.0529498917,-1627.0529673651097,-1627.0529674692418,-1627.0529831209228,-1627.052994712267,-1627.0529977504223,-1627.053002028588,-1627.0530126583067,-1627.053017438881,-1627.0530176935158,-1627.053019062882,-1627.0530193790576,-1627.0530202220561,-1627.0530203420822,-1627.0530203733408,-1627.053020429495,-1627.0530204340607,-1627.053020439683,-1627.0530204390516,-1627.0530204433285,-1627.0530204439285,-1627.0530204453833,-1627.0530204452255,-1627.0530204454838,-1627.053020446854,-1627.0530204469671,-1627.0530204472163,-1627.0530204473694,-1627.0530204474278,-1627.053020447519,-1627.0530204475324,-1627.0530204475654,-1627.0530204476015,-1627.0530204476158,-1627.0530204476245],"residuals":[608.0245736418573,1908.7337883171158,3025.5372653539835,1153.6102233732665,1041.9893694922082,190.98206976265266,236.8788960358354,105.11847541924418,37.158381200148725,60.440354015722214,6.847583156186544,7.729400926659326,1.3189462695935252,1.9422635591931505,5.001306041496684,0.31256585814098997,0.5928349175777882,0.4992914959965136,0.5515232939862534,0.38010372083589766,0.4574721427422511,0.8008916703086213,1.191430599844931,0.8110199140302325,0.12844448247018542,0.36984650493011517,0.40111342871258904,0.2972202455948453,0.06810208314450227,0.031233385702358462,0.10573030054158658,0.03503888202595057,0.006552432899668495,0.004030518320006424,0.026885285637246608,0.013543143370744637,0.002262280720234788,0.005198918656535416,0.01784173648327559,0.013025377228070647,0.0014503788889437335,0.0008399883345348583,0.0022174982740999273,0.0003351019223849028,0.001592401059090118,0.00047726207811988334,0.00037443439729503984,0.0009977148891211246,0.0008782222421686867,0.0010380081037443198,0.001738964023538612],"smearing":"DFTK.Smearing.Gaussian()","ndiag":[1,1,1,1,1,1,1,1,1,1,1,1,1,1,1,1,1,1,1,1,1,1,1,1,1,1,1,1,1,1,1,1,1,1,1,1,1,1,1,1,1,1,1,1,1,1,1,1,1,1,1],"fft_size":[24,24,216],"kwargs":"Base.Iterators.Pairs{Union{}, Union{}, Tuple{}, NamedTuple{(), Tuple{}}}()","n_kirred":30,"damping":"DFTK.FixedDamping(0.6)","type":"potmix"}