{"done":true,"kgrid":[13,13,13],"mixing":"KerkerMixing(0.8, 0.0)","temperature":0.01,"Ecut":45.0,"lattice":[[0.0,5.502882474910242,5.502882474910242],[5.502882474910242,0.0,5.502882474910242],[5.502882474910242,5.502882474910242,0.0]],"n_electr":49,"n_bands":59,"α":[0.3,0.3,0.3,0.3,0.3,0.3,0.3,0.3,0.3,0.3,0.3,0.3,0.3,0.3,0.3,0.3,0.3,0.3,0.3,0.3,0.3,0.3,0.3,0.3,0.3,0.3,0.3,0.3,0.3,0.3,0.3,0.3,0.3,0.3,0.3,0.3,0.3,0.3,0.3,0.3,0.3,0.3,0.3,0.3,0.3,0.3,0.3,0.3,0.3,0.3,0.3,0.3,0.3,0.3,0.3,0.3,0.3,0.3,0.3,0.3,0.3,0.3,0.3,0.3,0.3,0.3,0.3,0.3,0.3,0.3,0.3,0.3,0.3,0.3,0.3,0.3,0.3,0.3,0.3,0.3,0.3,0.3,0.3,0.3,0.3,0.3,0.3,0.3,0.3,0.3,0.3,0.3,0.3,0.3,0.3,0.3,0.3,0.3,0.3],"energies":[-292.87004963428603,-320.8477309425086,-309.5384714446375,-321.0835619998952,-320.2740780739357,-323.9081483476389,-326.9862198290488,-321.67119900740005,-332.27990972974874,-328.64874602997935,-329.6980178816389,-333.1266434169939,-332.12433027767827,-332.3050837377058,-332.98386324661277,-333.02057774077696,-333.30160297907565,-333.3008399123293,-333.301931841217,-333.3022433783978,-333.2959917893937,-333.2993820361441,-333.3002080685947,-333.30151903681445,-333.3029655369655,-333.3029578100027,-333.30290319732416,-333.3028693923236,-333.3025704493966,-333.3026066291198,-333.302602823075,-333.30260441996495,-333.30261378872035,-333.30261371138783,-333.3026131386057,-333.3026142259974,-333.3026119082338,-333.3026149155292,-333.302614884382,-333.3026155544743,-333.30261579531947,-333.3026158397787,-333.302615152881,-333.3026160687913,-333.3026154623842,-333.3026158201654,-333.3026154508965,-333.30261575028095,-333.30261585388325,-333.3026155115774,-333.3026155419371,-333.3026159814992,-333.30261693773883,-333.3026156521441,-333.30262156193635,-333.3026194165311,-333.3026188050761,-333.3026195245778,-333.3026188356926,-333.3026237249968,-333.30262172941764,-333.30262298114377,-333.30261125609326,-333.3026050322921,-333.3026085708949,-333.3026081813439,-333.302607757736,-333.3026037274727,-333.30260281042246,-333.3026035404477,-333.30260368863304,-333.30260108996714,-333.30260351635883,-333.3026034953884,-333.3026117301358,-333.3025986058754,-333.3025943148389,-333.302593559997,-333.3025995244546,-333.30260136989233,-333.3025991099389,-333.3026004644457,-333.30259897191803,-333.3025941162181,-333.30261575458235,-333.30261047767834,-333.30260047790324,-333.30246850688127,-333.302564025853,-333.30258358205447,-333.3025583668307,-333.3025722808924,-333.30258325499454,-333.3026095372591,-333.3025944565696,-333.30261738063297,-333.3025791172823,-333.30262103379187,-333.30261092783],"residuals":[626.3202166913112,331.5421140990685,579.4739112069132,397.23617696097796,410.0180380250257,352.2061108021131,274.7359025056233,410.3246645095792,108.60697369136771,252.3138817399264,219.09604753224733,51.11494315612307,129.81186147398077,119.03845085307049,66.72335825029333,62.40764300755033,1.7713795142889908,3.747639380888913,1.8371277399489085,1.7309024594764375,9.75023356659797,7.026319497944737,6.19390305122094,4.5360436920355705,0.5886114661332049,0.6305368979174756,0.782722893103279,0.4383363816404515,0.6101291968385318,0.1999812105764189,0.3044138503430092,0.3364116609344686,0.03338661522650195,0.02241435701694425,0.12300532490332108,0.04582828040054158,0.19135644928046452,0.11123968148025144,0.09512691245692881,0.044092712113456896,0.06815911849838412,0.055557332566263336,0.060926765017960446,0.05846375979415765,0.06070521352152989,0.04249824874980471,0.04478794331378968,0.05814066203943642,0.06325281252765656,0.06732011256093108,0.05765898444431463,0.033123426145693635,0.07042144168277173,0.03159034210433597,0.1569921170964884,0.13323183540203576,0.10901597898170497,0.10778469528387402,0.06315820653574333,0.16490914312067043,0.11842832572430578,0.13125239047700835,0.1309220896507931,0.3853366522136859,0.40211217240226366,0.3075243028907681,0.43513591968611176,0.3858340551094978,0.40514242546452583,0.3981526742145072,0.3904626006340071,0.4419526608494489,0.4085361993791462,0.3849380508798536,0.4258059593338498,0.4260803392582195,0.48512716520339366,0.4775055970528829,0.35636098996301013,0.37588846698878065,0.40225156154857855,0.39423891665925676,0.37041925611124216,0.4837556514107856,0.3801147329115596,0.463025219642298,0.7024225299800947,1.5367801281278073,1.1691739307921039,1.034685564539762,1.1566173069808015,1.0509655309441936,0.9276609596219195,0.18607482471330972,0.12104279792239296,0.36606317316871473,0.8858257449657355,0.38799925917101824,0.6948077804221325],"smearing":"DFTK.Smearing.Gaussian()","ndiag":[1,1,1,1,1,1,1,1,1,1,1,1,1,1,1,1,1,1,1,1,1,1,1,1,1,1,1,1,1,1,1,1,1,1,1,1,1,1,1,1,1,1,1,1,1,1,1,1,1,1,1,1,1,1,1,1,1,1,1,1,1,1,1,1,1,1,1,1,1,1,1,1,1,1,1,1,1,1,1,1,1,1,1,1,1,1,1,1,1,1,1,1,1,1,1,1,1,1,1],"fft_size":[50,50,50],"kwargs":"Base.Iterators.Pairs{Symbol, DFTK.AndersonAcceleration, Tuple{Symbol}, NamedTuple{(:acceleration,), Tuple{DFTK.AndersonAcceleration}}}(:acceleration => DFTK.AndersonAcceleration(10, Any[], Any[], 10000.0))","n_kirred":168,"damping":"DFTK.FixedDamping(0.3)","type":"potmix"}