{"done":true,"kgrid":[3,3,1],"mixing":"SimpleMixing()","temperature":0.001,"Ecut":20.0,"lattice":[[7.653390804734369,0.0,0.0],[0.0,7.653390804734369,0.0],[0.0,0.0,76.53390804734369]],"n_electr":120,"n_bands":72,"α":[0.8,0.05,0.5,0.05316364222284203,0.05,0.05960464722404793,0.5,0.5,0.5132188801497771,0.5132188801497771,0.5132188801497771,0.5132188801497771,0.5132188801497771,0.5132188801497771,0.0912069781309891,0.5,0.5,0.5,0.5,0.17500751487799454,0.12554605079606848,0.10175213151047145,0.1534817849499239,0.09603412827848468,0.06841761617475361,0.09568310066240919,0.1185593335580225,0.06588356735128531,0.1535746553994956,0.06621806845177272,0.16497294941039692,0.5,0.05,0.11682403180227173,0.06320479430545,0.5,0.07766092253175554,0.09448110956476456,0.05989330003279989,0.5,0.5,0.19512902752660713,0.5,0.10780449252008653],"energies":[-79.76851255890537,3.8594828844910456,-58.69681861184598,-74.7060626871397,-66.68355151393439,-69.5691292093385,-73.93144653454783,-82.50805207982148,-82.67154769813868,-82.70364776389792,-82.88918331644538,-82.8849869462124,-82.9142217497121,-82.91520449195241,-82.91541357364956,-82.9158811510801,-82.91593793424194,-82.9158872146725,-82.9160312923771,-82.91604618742343,-82.91604960314599,-82.91605114693658,-82.91605265164043,-82.91605329295554,-82.91605360887425,-82.91605373560718,-82.91605377370603,-82.91605381620496,-82.91605382701015,-82.91605383313028,-82.91605384847786,-82.91605386459884,-82.91605386588306,-82.9160538693397,-82.91605387014887,-82.91605387156143,-82.91605387219008,-82.91605387253648,-82.91605387261703,-82.91605387271242,-82.91605387278265,-82.91605387286425,-82.91605387291403,-82.91605387291675],"residuals":[772.2955175224665,3322.698301766869,1065.7861927687145,916.580345386995,1261.113946895161,1076.6747067829913,322.27235554844816,104.9141096000636,107.45527262697406,95.94735760635378,31.043436657183786,23.121740079313778,11.134204353628053,4.755444115939617,5.984956942486475,3.3779704476909056,2.3480473261666157,1.8434821562886232,0.7621114231755962,0.6748325147726812,0.559303829175151,0.464824064158344,0.2823100223502745,0.14961869836153052,0.06155117840715589,0.04029504891411344,0.05679657042341265,0.02438768531779911,0.028180341200501887,0.02082003091066598,0.022739266025568503,0.008850721328450844,0.01192101782043636,0.013058831419750292,0.013080960565935286,0.006389818164904302,0.0026053116543128525,0.004199722321013639,0.00338066384539991,0.0022755896566278694,0.0012945098872885015,0.0010067904240232473,0.00033856115278239164,0.0004929765528484883],"smearing":"DFTK.Smearing.Gaussian()","ndiag":[1,2,1,2,2,2,1,1,1,1,1,1,1,1,2,1,1,1,1,2,2,2,2,2,2,2,2,2,2,2,2,1,2,2,2,1,2,2,2,1,1,2,1,2],"fft_size":[25,25,240],"kwargs":"Base.Iterators.Pairs{Union{}, Union{}, Tuple{}, NamedTuple{(), Tuple{}}}()","n_kirred":9,"damping":"DFTK.AdaptiveDamping(0.05, 1.0, 0.8, 0.5, 1.1, 0.1)","type":"potmix"}