{"done":true,"kgrid":[3,3,1],"mixing":"SimpleMixing()","temperature":0.001,"Ecut":20.0,"lattice":[[7.653390804734369,0.0,0.0],[0.0,7.653390804734369,0.0],[0.0,0.0,76.53390804734369]],"n_electr":120,"n_bands":72,"α":[0.8,0.05,0.2,0.05,0.05,0.06684552419616027,0.2,0.2,0.2,0.2,0.2,0.2,0.23140473193450997,0.23140473193450997,0.06565988432840164,0.2,0.2,0.2,0.2,0.2,0.20497332497133933,0.09535302055110458,0.2,0.2,0.2,0.2,0.21286552566848657,0.07277656176755719,0.2,0.2,0.2,0.2,0.2,0.2,0.2,0.09111650806243826,0.2,0.2,0.2313486061045686],"energies":[-79.76851255890574,3.8594841630749532,-78.3451732287621,-72.28864522414639,-67.0297261143899,-72.9672733232367,-81.44952680365321,-82.11272889137855,-82.73447499877173,-82.87806230965083,-82.89177172591238,-82.90877452474857,-82.91348983023744,-82.9149068369243,-82.91523753955367,-82.91590848322008,-82.91594296476327,-82.9160327125005,-82.91603993077933,-82.91604727459134,-82.9160493534044,-82.91605142082892,-82.91605300047095,-82.91605335469481,-82.91605362629183,-82.9160537874178,-82.91605385948644,-82.91605386481298,-82.91605386493644,-82.91605386650531,-82.91605386900001,-82.91605387214429,-82.91605387243413,-82.91605387252517,-82.91605387281678,-82.91605387285729,-82.91605387289172,-82.91605387291084,-82.91605387290366],"residuals":[772.2955175224275,3322.6983494298406,701.6459416366054,1167.1557312562456,867.5044112665162,593.1491421556117,260.7660362690173,202.59800953618992,116.77176116086254,23.25202170826337,34.3252151192728,22.751366297495156,16.381121718224808,10.896676560721518,9.448839536802046,2.1830580039442937,1.7308067565506284,0.5543997555997857,0.4677432070895272,0.1835806860000776,0.17495939995337556,0.15328887857195483,0.08837744808208052,0.06460866153712547,0.0441183655157605,0.033971784752806336,0.022992569140628413,0.00562347766934602,0.019790917222362134,0.018393753488473115,0.012169358199771146,0.0036831031848086745,0.003014333472055579,0.002895647621761349,0.0007997059300456278,0.0006440119753325177,0.0005626404740595007,0.000437811501872212,0.001203661555247568],"smearing":"DFTK.Smearing.Gaussian()","ndiag":[1,2,1,2,2,2,1,1,1,1,1,1,1,1,2,1,1,1,1,1,1,2,1,1,1,1,1,2,1,1,1,1,1,1,1,2,1,1,1],"fft_size":[25,25,240],"kwargs":"Base.Iterators.Pairs{Union{}, Union{}, Tuple{}, NamedTuple{(), Tuple{}}}()","n_kirred":9,"damping":"DFTK.AdaptiveDamping(0.05, 1.0, 0.8, 0.2, 1.1, 0.1)","type":"potmix"}