{"done":true,"kgrid":[3,3,1],"use_diis":[false,false,false,false,false,false,false,false,false,false,false,false,false,false,false,false,false,false,false,false,false,false,false,false,false,false,false,false,false,false,false,false,false,false,false,false,false,false,false,false,false],"mixing":"SimpleMixing()","temperature":0.001,"Ecut":20.0,"lattice":[[7.653390804734369,0.0,0.0],[0.0,7.653390804734369,0.0],[0.0,0.0,76.53390804734369]],"n_electr":120,"n_bands":72,"α":[0.3,0.3,0.3,0.3,0.3,0.3,0.3,0.3,0.3,0.3,0.3,0.3,0.3,0.3,0.3,0.3,0.3,0.3,0.3,0.3,0.3,0.3,0.3,0.3,0.3,0.3,0.3,0.3,0.3,0.3,0.3,0.3,0.3,0.3,0.3,0.3,0.3,0.3,0.3,0.3,0.3],"energies":[-79.76851255890614,2636.9549025529996,-69.07100803028125,340.20221638517665,342.0873173501027,34.98774446443014,-77.72158068075333,-80.14958674318825,-81.81564583874939,-82.69060710944802,-82.87948458830266,-82.87416064414283,-82.91277370436299,-82.91476650828021,-82.91552024231517,-82.91596560980379,-82.91602971738952,-82.9160331421577,-82.91603903180908,-82.91601974254287,-82.91604818814493,-82.9160491775906,-82.91605300584486,-82.91605264880975,-82.91605342630235,-82.91605366621833,-82.91605368115187,-82.91605379656805,-82.91605385493777,-82.91605386311296,-82.91605386617312,-82.91605387026621,-82.91605386821116,-82.91605387090479,-82.9160538718118,-82.91605387231365,-82.91605387238818,-82.91605387276401,-82.91605387248262,-82.91605387282334,-82.91605387281606],"residuals":[772.2955175223882,18298.159216718683,1129.5815136620106,7225.238301103335,4379.69993415112,1963.8188256285107,418.4464735751113,368.5829558681684,332.06449120234066,114.28127605202198,35.64827454054777,67.76800912379133,14.126169175001717,4.161304980814937,6.04203882166558,2.091205711170969,1.1354105122259965,0.9032136657482747,0.7131458122231018,0.9974569297216059,0.2855866526729118,0.25645198961977,0.12696605316692292,0.1693822185447779,0.17123027180785905,0.07839937233320071,0.10375992724303056,0.0813002577968626,0.019459680246540326,0.013054199837166264,0.015745006765836227,0.006764437921508148,0.011518241847984867,0.009648541594394497,0.0054206147445519555,0.0037941360615841397,0.006071697189720208,0.0013733210663512084,0.004979844909383771,0.0027936881474641875,0.0023323261365791486],"smearing":"DFTK.Smearing.Gaussian()","ndiag":[1,1,1,1,1,1,1,1,1,1,1,1,1,1,1,1,1,1,1,1,1,1,1,1,1,1,1,1,1,1,1,1,1,1,1,1,1,1,1,1,1],"fft_size":[25,25,240],"kwargs":"Base.Iterators.Pairs{Union{}, Union{}, Tuple{}, NamedTuple{(), Tuple{}}}()","n_kirred":9,"damping":"DFTK.FixedDamping(0.3)","type":"potmix"}