{"done":true,"kgrid":[3,3,1],"mixing":"SimpleMixing()","temperature":0.001,"Ecut":20.0,"lattice":[[7.653390804734369,0.0,0.0],[0.0,7.653390804734369,0.0],[0.0,0.0,76.53390804734369]],"n_electr":120,"n_bands":72,"α":[0.1,0.1,0.1,0.1,0.1,0.1,0.1,0.1,0.1,0.1,0.1,0.1,0.1,0.1,0.1,0.1,0.1,0.1,0.1,0.1,0.1,0.1,0.1,0.1,0.1,0.1,0.1,0.1,0.1,0.1,0.1,0.1,0.1,0.1,0.1,0.1,0.1,0.1,0.1],"energies":[-79.76851255890257,284.50755432990786,-80.81909816534005,-50.58508995293939,23.205319438824752,-75.95146370725833,-82.3239293417196,-82.58541084853789,-82.82358884334872,-82.87589857130037,-82.8932077943539,-82.91036743188825,-82.91307529295071,-82.91542358220853,-82.9156740258293,-82.91588928188425,-82.91598809433152,-82.916016076735,-82.91603047371763,-82.91604278078782,-82.91604711127621,-82.9160527076978,-82.91605310366273,-82.91605341412468,-82.91605378701895,-82.91605377849729,-82.91605384289585,-82.91605385952023,-82.91605386535741,-82.91605386905509,-82.91605387026247,-82.91605387113955,-82.91605387143771,-82.91605387220108,-82.91605387266863,-82.91605387274257,-82.91605387280653,-82.91605387289063,-82.91605387288585],"residuals":[772.2955175226705,6787.725072933928,629.8586407231519,1538.1549401152436,3390.363274594486,472.6247818321597,181.92257007856853,102.36599619605335,31.318329068616475,15.657994161533777,9.853830727658275,14.703429345487955,15.701605091879033,2.047933708563791,1.424960582728641,3.263125172320322,1.259642526818567,0.5575993804858619,0.44622905871924484,0.17115031263260502,0.12470733442879511,0.0577345158893894,0.053070242195608706,0.030588315712671132,0.023139498674074072,0.06932209085072236,0.011350137637493103,0.01998528674532544,0.010491524735022649,0.007967598465383021,0.004656176125078245,0.0038871386391402373,0.0035052192366786606,0.002079287643930517,0.0008631167376856915,0.0008039518353178621,0.0005414350826207505,0.0005705902671133903,0.0010967395921943448],"smearing":"DFTK.Smearing.Gaussian()","ndiag":[1,1,1,1,1,1,1,1,1,1,1,1,1,1,1,1,1,1,1,1,1,1,1,1,1,1,1,1,1,1,1,1,1,1,1,1,1,1,1],"fft_size":[25,25,240],"kwargs":"Base.Iterators.Pairs{Union{}, Union{}, Tuple{}, NamedTuple{(), Tuple{}}}()","n_kirred":9,"damping":"DFTK.FixedDamping(0.1)","type":"potmix"}