{"done":true,"kgrid":[3,3,1],"use_diis":[false,false,false,false,false,false,false,false,false,false,false,false,false,false,false,false,false,false,false,false,false,false,false,false,false,false,false,false,false,false,false,false,false,false,false,false,false,false,false,false,false,false,false,false,false,false,false],"mixing":"SimpleMixing()","temperature":0.001,"Ecut":20.0,"lattice":[[7.653390804734369,0.0,0.0],[0.0,7.653390804734369,0.0],[0.0,0.0,76.53390804734369]],"n_electr":120,"n_bands":72,"α":[0.2,0.2,0.2,0.2,0.2,0.2,0.2,0.2,0.2,0.2,0.2,0.2,0.2,0.2,0.2,0.2,0.2,0.2,0.2,0.2,0.2,0.2,0.2,0.2,0.2,0.2,0.2,0.2,0.2,0.2,0.2,0.2,0.2,0.2,0.2,0.2,0.2,0.2,0.2,0.2,0.2,0.2,0.2,0.2,0.2,0.2,0.2],"energies":[-79.76851255890648,1366.387728348744,-78.36014192125896,202.19045482775022,133.65507591505977,-45.883390599767054,-80.37634693124177,-81.86931962237269,-82.70332826747969,-82.88071511182874,-82.8969662180995,-82.90916192386955,-82.91044019252232,-82.915635888855,-82.91584264220165,-82.91577091824341,-82.91582375895406,-82.91591541304345,-82.91599613005823,-82.91597433889108,-82.91603838443952,-82.91604845551748,-82.91605030477514,-82.91605201725632,-82.9160527807584,-82.91604859543928,-82.91605366497394,-82.91605373312183,-82.9160535025623,-82.91605379001845,-82.91605381505671,-82.9160538174951,-82.91605386484454,-82.91605386848607,-82.91605387140463,-82.91605387096932,-82.91605387170743,-82.91605387255525,-82.91605387205827,-82.9160538728201,-82.91605387278734,-82.91605387281824,-82.91605387286546,-82.9160538728776,-82.91605387286648,-82.916053872913,-82.91605387291867],"residuals":[772.2955175223477,13421.1740834709,725.2244359970971,5767.40077231613,3400.7718359757337,989.4256308476469,313.1954427249417,215.27586500784778,137.59635779418062,43.60951627926578,37.24173760257591,17.179047956769807,24.535538664037627,2.881735444378307,1.1180958520656785,4.490262666586572,2.2864307316944195,1.7839321571213094,1.2064768555557746,1.5589170756572848,0.3370251933547224,0.11369222120606011,0.24255498652784427,0.15076156548584235,0.2620020803281508,0.6942721207248645,0.036935026235472186,0.0702897496826947,0.13738545364051388,0.05359910908868661,0.030334888782370645,0.04237075110800436,0.008788501355502135,0.004959201550536613,0.0029441999473585364,0.0055742270476413485,0.007357129571124733,0.004556514890586559,0.00843027670621137,0.0007876194727090463,0.002695840794873453,0.0013693309773302575,0.0013417889063327161,0.00108190963865759,0.0013380237813431061,0.00021221705653857916,0.00012733635819230172],"smearing":"DFTK.Smearing.Gaussian()","ndiag":[1,1,1,1,1,1,1,1,1,1,1,1,1,1,1,1,1,1,1,1,1,1,1,1,1,1,1,1,1,1,1,1,1,1,1,1,1,1,1,1,1,1,1,1,1,1,1],"fft_size":[25,25,240],"kwargs":"Base.Iterators.Pairs{Union{}, Union{}, Tuple{}, NamedTuple{(), Tuple{}}}()","n_kirred":9,"damping":"DFTK.FixedDamping(0.2)","type":"potmix"}