{"done":true,"kgrid":[3,3,1],"use_diis":[false,false,false,false,false,false,false,false,false,false,false,false,false,false,false,false,false,false,false,false,false,false,false,false,false,false,false,false,false,false,false,false,false,false,false,false,false,false,false,false,false,false,false,false,false,false,false,false,false,false,false,false,false,false],"mixing":"SimpleMixing()","temperature":0.001,"Ecut":20.0,"lattice":[[7.653390804734369,0.0,0.0],[0.0,7.653390804734369,0.0],[0.0,0.0,76.53390804734369]],"n_electr":120,"n_bands":72,"α":[0.7,0.7,0.7,0.7,0.7,0.7,0.7,0.7,0.7,0.7,0.7,0.7,0.7,0.7,0.7,0.7,0.7,0.7,0.7,0.7,0.7,0.7,0.7,0.7,0.7,0.7,0.7,0.7,0.7,0.7,0.7,0.7,0.7,0.7,0.7,0.7,0.7,0.7,0.7,0.7,0.7,0.7,0.7,0.7,0.7,0.7,0.7,0.7,0.7,0.7,0.7,0.7,0.7,0.7],"energies":[-79.76851255890614,4941.158951328996,175.84804371399667,597.6847608262364,1141.912983059802,753.4146975236149,55.31260741576995,-39.6410876468695,-63.21501125263919,-74.46475949902901,-80.4358935933286,-82.33175763243155,-80.41491203457562,-82.85386749485866,-82.89322187471079,-82.91244477393705,-82.88695116581265,-82.86977651798426,-82.90952427811143,-82.91571175622391,-82.91571076363182,-82.91541692865917,-82.91602071884873,-82.91576224688127,-82.91508128132116,-82.91604156518189,-82.91604405711193,-82.91598329532435,-82.91605215492494,-82.91604872143817,-82.9160523269022,-82.91605348562335,-82.9160537195353,-82.91605359124624,-82.9160537034148,-82.91605371617963,-82.91605346182163,-82.91605385776606,-82.9160538653936,-82.91605379998708,-82.91605386915768,-82.916053870294,-82.9160538693707,-82.91605387228722,-82.91605387251495,-82.91605387259995,-82.91605387274225,-82.91605387280924,-82.91605387287646,-82.91605385835969,-82.91605387285031,-82.91605387271726,-82.91605387290977,-82.91605387290113],"residuals":[772.2955175223882,24208.890319038885,5173.765803652531,9145.219195715448,7887.313984674734,7102.414498566674,2517.4507046394256,1990.4767574330604,1474.675117757613,937.8981123037642,439.8293576867248,155.34890784198632,548.5539278570535,67.02131442034265,39.25343053151626,12.103930439239072,34.08015118735365,34.0311497869482,11.141485440515877,3.429146222290687,3.0486910042947533,3.4110230604132017,0.7585509707762413,2.490329223846267,10.277132158100347,0.46263259486491676,0.8771808246948043,1.9698375111715083,0.28927105390872476,0.3859057464659752,0.18351676811565656,0.10786922651892109,0.0511871556894145,0.09083860454062018,0.06887988689134478,0.0529141051168414,0.20237448230535982,0.029957910907402747,0.02055601038843247,0.07198041700200461,0.010096835745127462,0.0049627264568772676,0.00858484428301442,0.004075910821654422,0.0036329655455613267,0.0036981561490652725,0.0019130900251314623,0.0018851161864426684,0.0008081956480662799,0.04205256503035711,0.0013187920205102771,0.004112423519731012,0.0005864149628615317,0.0007721277388507467],"smearing":"DFTK.Smearing.Gaussian()","ndiag":[1,1,1,1,1,1,1,1,1,1,1,1,1,1,1,1,1,1,1,1,1,1,1,1,1,1,1,1,1,1,1,1,1,1,1,1,1,1,1,1,1,1,1,1,1,1,1,1,1,1,1,1,1,1],"fft_size":[25,25,240],"kwargs":"Base.Iterators.Pairs{Union{}, Union{}, Tuple{}, NamedTuple{(), Tuple{}}}()","n_kirred":9,"damping":"DFTK.FixedDamping(0.7)","type":"potmix"}