{"done":true,"kgrid":[3,3,1],"use_diis":[false,false,false,false,false,false,false,false,false,false,false,false,false,false,false,false,false,false,false,false,false,false,false,false,false,false,false,false,false,false,false,false,false,false,false,false,false,false,false,false,false,false,false,false],"mixing":"SimpleMixing()","temperature":0.001,"Ecut":20.0,"lattice":[[7.653390804734369,0.0,0.0],[0.0,7.653390804734369,0.0],[0.0,0.0,76.53390804734369]],"n_electr":120,"n_bands":72,"α":[0.4,0.4,0.4,0.4,0.4,0.4,0.4,0.4,0.4,0.4,0.4,0.4,0.4,0.4,0.4,0.4,0.4,0.4,0.4,0.4,0.4,0.4,0.4,0.4,0.4,0.4,0.4,0.4,0.4,0.4,0.4,0.4,0.4,0.4,0.4,0.4,0.4,0.4,0.4,0.4,0.4,0.4,0.4,0.4],"energies":[-79.76851255890614,3493.999568479352,-54.364288612566675,500.5162578494833,602.394521463304,125.95545742459989,-36.54093295052648,-78.8443443393197,-82.40182436093826,-82.69664811347133,-82.80746485027494,-82.8921852236699,-82.91348622227942,-82.91526064666871,-82.91552020532045,-82.91570057574224,-82.91556853052349,-82.91599364319318,-82.91602097338121,-82.9160400148781,-82.91603972628454,-82.91605168103689,-82.91605333415849,-82.91605257412486,-82.91605332582174,-82.91605362707922,-82.91605376177813,-82.9160538595932,-82.91605378047659,-82.91605384377041,-82.91605387015318,-82.91605386652991,-82.9160538704829,-82.9160538686786,-82.91605387198358,-82.91605387271385,-82.91605387280977,-82.91605387200255,-82.9160538728956,-82.91605387287125,-82.9160538729009,-82.91605387282281,-82.91605387291123,-82.91605387290834],"residuals":[772.2955175223882,20839.6925681971,1559.9614205286632,8512.512964749709,5484.493067360682,2436.270997472606,1181.6982406215438,302.62036622864804,171.2923103187397,123.06577123771785,47.326914627993396,45.10944688198092,13.704253833552356,3.0254159467185064,4.478629709067115,5.55311752212669,6.78433159322138,1.3990461530223879,1.0173333496243553,0.5921805191535585,0.6386086732517832,0.18674107475061785,0.07076800839901531,0.1807882185410549,0.2146218559383208,0.13679070750735245,0.06883224585746715,0.0171879703558625,0.08825490924106551,0.04365708877619945,0.0068403332444828815,0.015480009930872519,0.00779578429887819,0.011984872015365336,0.0047782295045368205,0.0016133161060002236,0.0017685745301946698,0.0097619518375547,0.0004875378210396055,0.001259073337967017,0.0009726583344765766,0.003073811918403257,0.0004659665627612865,0.0008789696684888555],"smearing":"DFTK.Smearing.Gaussian()","ndiag":[1,1,1,1,1,1,1,1,1,1,1,1,1,1,1,1,1,1,1,1,1,1,1,1,1,1,1,1,1,1,1,1,1,1,1,1,1,1,1,1,1,1,1,1],"fft_size":[25,25,240],"kwargs":"Base.Iterators.Pairs{Union{}, Union{}, Tuple{}, NamedTuple{(), Tuple{}}}()","n_kirred":9,"damping":"DFTK.FixedDamping(0.4)","type":"potmix"}