{"done":true,"kgrid":[3,3,1],"mixing":"SimpleMixing()","temperature":0.001,"Ecut":20.0,"lattice":[[7.653390804734369,0.0,0.0],[0.0,7.653390804734369,0.0],[0.0,0.0,76.53390804734369]],"n_electr":120,"n_bands":72,"α":[1.0,1.0,1.0,1.0,1.0,1.0,1.0,1.0,1.0,1.0,1.0,1.0,1.0,1.0,1.0,1.0,1.0,1.0,1.0,1.0,1.0,1.0,1.0,1.0,1.0,1.0,1.0,1.0,1.0,1.0,1.0,1.0,1.0,1.0,1.0,1.0,1.0,1.0,1.0,1.0,1.0,1.0,1.0,1.0,1.0,1.0,1.0,1.0,1.0,1.0,1.0,1.0,1.0,1.0,1.0,1.0,1.0,1.0,1.0,1.0,1.0,1.0,1.0,1.0,1.0,1.0,1.0,1.0,1.0,1.0,1.0,1.0,1.0,1.0,1.0,1.0,1.0,1.0,1.0,1.0,1.0,1.0,1.0,1.0,1.0,1.0,1.0,1.0,1.0,1.0,1.0,1.0,1.0,1.0,1.0,1.0,1.0,1.0,1.0],"energies":[-79.7685125589048,5603.568450028469,824.6484008949025,924.2235593391075,1812.6456481802215,2750.9160498349906,208.14590903000368,88.62746372045446,18.84797582428226,-46.61588832837256,-65.21858495839021,-69.13925942038752,-77.41792496083926,-81.61739772998284,-82.63185600659968,-81.09215374236452,-82.8695221807912,-81.82133168630526,-82.90205636229491,-82.81624925813101,-82.88302414158997,-82.6384217088719,-82.77584874976239,-82.76762932419078,-82.89938670081501,-82.46504906914299,-82.86322963891521,-82.90590559690457,-82.8991433223504,-82.80570738552416,-82.15390466568562,-82.87437095100991,-82.8817756215801,-82.90446640030747,-82.90535854064677,-82.9037460327796,-82.89158179528968,-82.90484909444065,-82.7850731696067,-82.80984338200692,-82.85207305975227,-82.8825463554963,-82.9007748134405,-82.90447787682363,-82.90900716673083,-82.87680340079734,-82.85803344067394,-82.85927291338407,-82.90933181030418,-82.55801965774272,-82.85263669231622,-82.90823165441543,-82.90662782905561,-82.88987085499576,-82.80297218436986,-82.87100519734693,-82.8664951524186,-82.89374491216402,-82.90423158005191,-82.90514716778223,-82.88133236921487,-82.91222254368232,-82.8853126184402,-82.85541123379778,-82.85227648311262,-82.81182087796851,-82.8864721382073,-82.904629773063,-82.90886919982724,-82.9030082051356,-82.89375402350149,-82.88492425034467,-82.9129584838444,-82.77065522612864,-82.85816339622635,-82.9092657468338,-82.90987714347428,-82.90807168274331,-82.89054353030912,-82.89757905277659,-82.8921461507681,-82.89581657280766,-82.90549905189476,-82.90879237689774,-82.85446870217463,-82.9141062739329,-82.90661959898434,-82.89295840309521,-82.89451834681888,-82.85304551306055,-82.88069468720235,-82.90336208063847,-82.90914797148974,-82.90906014244328,-82.9075179115124,-82.8999553289463,-82.91418460522868,-82.86608439045375,-82.8775609366347],"residuals":[772.2955175225046,25475.58211125339,9875.049932599331,10953.037935821356,11364.015565745642,15593.960863005483,4106.671295144707,4181.076078405731,3440.884013038349,1901.956202421562,1262.8506945214,1087.6957818561323,635.2453720970666,318.65547347779614,125.63051684232961,264.15358274479985,44.91113422346728,201.63499179547298,23.99661417858293,37.48540532710692,16.9486242884901,70.857546319084,68.20708485010796,53.042347473087915,14.622040043560267,196.13419256363318,70.43472105022003,19.6181041508703,23.083852207151814,75.6867097137148,190.31173043330165,25.48777954041989,29.400223466871783,15.256724792795195,18.24892302995976,16.103348226776337,18.324123328406408,30.065481027733178,108.9814016309532,56.10981385942705,48.95830293256371,47.04089110572734,27.622789959766887,12.889376835904443,12.8204735776111,22.919544996753626,43.059030040165,26.552850189444314,7.693726416972389,170.8291350352245,76.44620992961245,15.244764655281976,17.63315083320389,38.6947550818574,66.25783498619487,29.84103047965386,45.243209889436024,23.934839731579757,19.60296293655474,12.631964870936956,24.00187470249161,17.385487445786275,49.66176861031752,41.788747406429586,46.25211082777898,92.66479340928575,36.368381208721445,15.225742338571377,18.001827892035845,16.94720841655854,26.76707748127379,24.598453399015032,6.031841472447657,79.45891011351264,69.20312986345692,14.406239687848041,14.453525881505966,24.56966623964798,28.830549581219785,22.749752962858192,31.764093207252024,28.29397352242536,20.09791946881859,10.876104193133207,50.75701557523933,9.092385095371807,25.860872874431184,23.67733770444877,19.98517994900623,72.10547505891897,35.724482575333994,20.447101138289767,18.19134190714781,17.172719323344985,17.805650184222323,18.926992995852025,8.096709298666127,29.140470720021483,53.231510358536454],"smearing":"DFTK.Smearing.Gaussian()","ndiag":[1,1,1,1,1,1,1,1,1,1,1,1,1,1,1,1,1,1,1,1,1,1,1,1,1,1,1,1,1,1,1,1,1,1,1,1,1,1,1,1,1,1,1,1,1,1,1,1,1,1,1,1,1,1,1,1,1,1,1,1,1,1,1,1,1,1,1,1,1,1,1,1,1,1,1,1,1,1,1,1,1,1,1,1,1,1,1,1,1,1,1,1,1,1,1,1,1,1,1],"fft_size":[25,25,240],"kwargs":"Base.Iterators.Pairs{Union{}, Union{}, Tuple{}, NamedTuple{(), Tuple{}}}()","n_kirred":9,"damping":"DFTK.FixedDamping(1.0)","type":"potmix"}