{"done":true,"kgrid":[3,3,1],"use_diis":[false,false,false,false,false,false,false,false,false,false,false,false,false,false,false,false,false,false,false,false,false,false,false,false,false,false,false,false,false,false,false,false,false,false,false,false,false,false,false,false,false,false,false,false,false,false,false,false,false,false,false,false,false,false,false,false,false,false,false,false,false,false,false,false,false,false,false,false,false,false,false,false,false,false,false,false,false,false,false,false,false,false,false,false,false,false,false,false,false,false,false,false,false,false,false,false,false,false,false],"mixing":"SimpleMixing()","temperature":0.001,"Ecut":20.0,"lattice":[[7.653390804734369,0.0,0.0],[0.0,7.653390804734369,0.0],[0.0,0.0,76.53390804734369]],"n_electr":120,"n_bands":72,"α":[0.8,0.8,0.8,0.8,0.8,0.8,0.8,0.8,0.8,0.8,0.8,0.8,0.8,0.8,0.8,0.8,0.8,0.8,0.8,0.8,0.8,0.8,0.8,0.8,0.8,0.8,0.8,0.8,0.8,0.8,0.8,0.8,0.8,0.8,0.8,0.8,0.8,0.8,0.8,0.8,0.8,0.8,0.8,0.8,0.8,0.8,0.8,0.8,0.8,0.8,0.8,0.8,0.8,0.8,0.8,0.8,0.8,0.8,0.8,0.8,0.8,0.8,0.8,0.8,0.8,0.8,0.8,0.8,0.8,0.8,0.8,0.8,0.8,0.8,0.8,0.8,0.8,0.8,0.8,0.8,0.8,0.8,0.8,0.8,0.8,0.8,0.8,0.8,0.8,0.8,0.8,0.8,0.8,0.8,0.8,0.8,0.8,0.8,0.8],"energies":[-79.76851255890472,5185.8094289111905,386.3284553547942,629.9671030816218,1298.73737576491,1231.154905397245,95.28925653734916,-2.620379589454018,-36.96059765853515,-59.9717453344264,-77.78222368399457,-81.30277157760493,-73.13596088329483,-82.61694947948244,-82.81047299208609,-82.87532628513607,-82.8694535459641,-82.81829638832275,-82.89471125191166,-82.91093744424288,-82.91479510213425,-82.89542968954976,-82.9062397033455,-82.9118781218205,-82.88907815221806,-82.91530574885049,-82.91498874284048,-82.90716723634468,-82.91591855399261,-82.91481574698331,-82.91486315110417,-82.91546715644047,-82.91245981893026,-82.91587776264087,-82.9159357589363,-82.91602917282908,-82.91599053759855,-82.91558815017703,-82.9159162719084,-82.91603903509042,-82.91529957365077,-82.91601178655104,-82.91601804178586,-82.91604612952419,-82.91605094870563,-82.91602908781171,-82.91603663919449,-82.91603197528502,-82.91603779965281,-82.91605259444029,-82.91605125140654,-82.9160488592449,-82.91605319892588,-82.91604973246788,-82.91605152458459,-82.91605136369417,-82.91604778611394,-82.91605343066558,-82.91605336398908,-82.91605365953222,-82.91605365274545,-82.91605119087104,-82.9160519815045,-82.91605376567557,-82.91603961851766,-82.91605368057593,-82.916053673129,-82.91605378130582,-82.91605384049547,-82.91605363539263,-82.9160535909195,-82.91605349283402,-82.91605382677791,-82.91605385284242,-82.91605382932602,-82.91605381145055,-82.916053861832,-82.91605381416593,-82.91605384085072,-82.9160538254381,-82.91605375739897,-82.91605386393925,-82.91605386010647,-82.91605386845224,-82.91605386912677,-82.91605376184397,-82.91605379271904,-82.91605387071783,-82.9160538197428,-82.91605386981792,-82.91605386894308,-82.91605386987906,-82.91605387217585,-82.91605386771428,-82.91605386542626,-82.91605386560542,-82.91605387197939,-82.91605387237065,-82.91605387204338],"residuals":[772.2955175225122,24694.504559128596,7038.3949971272095,9296.84082894588,8748.76489868444,9636.841825608313,2802.663552675038,2824.6563878786815,2278.180667966331,1548.9171035230124,634.7199106590707,267.96199186202693,1091.850527961052,148.18040612569914,85.78429034676006,46.673589072421166,47.61994814004343,51.68131042108032,22.03539550850102,7.955280187123931,6.460756208350264,21.11441298334305,13.20957172227014,6.749032839746364,52.92319082310925,7.4912063343004744,6.565264879927261,18.915403725144383,2.4219567757604765,5.283960722950587,5.712225211752443,2.7862744657361302,11.642598860813719,1.9810536182781735,1.4224344533151865,0.6500280454516946,2.5631138853729656,4.822262051570003,2.8294725844836357,0.7095524404060312,7.62638865179338,0.9237654775516881,1.125947104115523,0.37297297933057855,0.30406815998924475,0.5509785361948412,0.5079613644912184,1.0698881574499857,1.1994386017610985,0.2582147676468099,0.38549847899173906,0.24095366364119167,0.22472808913168885,0.2902982958275183,0.25708653938283726,0.21649883237705797,0.43293808518675136,0.07930294239849638,0.10578430069449787,0.10132811480222144,0.1364751514946447,0.37220499520638084,0.40630610032920583,0.04323570767143202,1.0229228666230543,0.058786950802470435,0.07790033887632085,0.043218286589663105,0.029121063876018958,0.061539776694738216,0.07796426017184373,0.13791119821974276,0.03843400298595766,0.03500642449849391,0.0607569760759705,0.030344064832612583,0.028343255506171495,0.04058381411061895,0.025931861598960926,0.03926266863054443,0.07482820820247905,0.01308061451037854,0.017950156833985802,0.014478938279614495,0.0127331950400818,0.08072001874078995,0.08782909100188922,0.0051666633829453405,0.045477743609598574,0.010034165612392737,0.009729955876246858,0.010503572917675013,0.0055780510592904455,0.010855552045974302,0.01249593777363009,0.0184594573834691,0.005097887404809899,0.005885909753220222,0.008975480262070623],"smearing":"DFTK.Smearing.Gaussian()","ndiag":[1,1,1,1,1,1,1,1,1,1,1,1,1,1,1,1,1,1,1,1,1,1,1,1,1,1,1,1,1,1,1,1,1,1,1,1,1,1,1,1,1,1,1,1,1,1,1,1,1,1,1,1,1,1,1,1,1,1,1,1,1,1,1,1,1,1,1,1,1,1,1,1,1,1,1,1,1,1,1,1,1,1,1,1,1,1,1,1,1,1,1,1,1,1,1,1,1,1,1],"fft_size":[25,25,240],"kwargs":"Base.Iterators.Pairs{Union{}, Union{}, Tuple{}, NamedTuple{(), Tuple{}}}()","n_kirred":9,"damping":"DFTK.FixedDamping(0.8)","type":"potmix"}