{"done":true,"kgrid":[3,3,1],"use_diis":[false,false,false,false,false,false,false,false,false,false,false,false,false,false,false,false,false,false,false,false,false,false,false,false,false,false,false,false,false,false,false,false,false,false,false,false,false,false,false,false,false,false,false,false,false,false,false,false,false,false,false],"mixing":"SimpleMixing()","temperature":0.001,"Ecut":20.0,"lattice":[[7.653390804734369,0.0,0.0],[0.0,7.653390804734369,0.0],[0.0,0.0,76.53390804734369]],"n_electr":120,"n_bands":72,"α":[0.6,0.6,0.6,0.6,0.6,0.6,0.6,0.6,0.6,0.6,0.6,0.6,0.6,0.6,0.6,0.6,0.6,0.6,0.6,0.6,0.6,0.6,0.6,0.6,0.6,0.6,0.6,0.6,0.6,0.6,0.6,0.6,0.6,0.6,0.6,0.6,0.6,0.6,0.6,0.6,0.6,0.6,0.6,0.6,0.6,0.6,0.6,0.6,0.6,0.6,0.6],"energies":[-79.76851255890472,4618.974720430457,76.44714365767572,461.3278417722135,948.4727460371478,402.21600547283333,11.512413910494773,-61.86279047987193,-75.49302865299668,-79.5770672795881,-82.62580455871348,-82.64515421478482,-82.26283477410877,-82.88501658019234,-82.90764581621887,-82.91502730323194,-82.91443790076018,-82.91084828902912,-82.91574963572198,-82.91574630320305,-82.91585696140844,-82.91603324453277,-82.91601102671464,-82.91601341962125,-82.91605087034321,-82.91604890741135,-82.91605099885437,-82.91604615433666,-82.9160523950719,-82.91605193092757,-82.9160513838276,-82.91605310453545,-82.91605355705468,-82.9160537148443,-82.91605378848357,-82.91605377260291,-82.91605386069646,-82.91605386923484,-82.91605386675398,-82.91605386958294,-82.91605386216341,-82.91605386030311,-82.91605386998116,-82.91605387129304,-82.91605387203911,-82.9160538723349,-82.91605387268969,-82.91605387220928,-82.91605387258275,-82.91605387290191,-82.91605387290888],"residuals":[772.2955175225122,23534.89857541443,3979.719751613364,8225.720630744216,6757.6031681285085,4654.63788027708,1698.22388037333,1385.9207458738226,886.5248264793478,581.6154379480975,95.5131605423742,136.95917886318605,280.86243887594355,24.03169439859174,21.58460445383542,9.412546855470577,12.79871675585571,16.764099862121068,3.461674460715319,2.8994810593400904,1.7651444085526626,0.7094023710189391,1.0079916837520033,0.7882548261336351,0.4447257261931062,0.2510192162340951,0.17578794124371755,0.7786711400835993,0.32204161660078656,0.36560900351535697,0.2767768575885256,0.1280700072920753,0.11140450163176037,0.06711509793727644,0.04457502810691485,0.03928985231081266,0.021490679037052804,0.009109313769910869,0.0073907316555634085,0.016155388933328213,0.02431888679970255,0.03404642752152352,0.00856829962926139,0.006832674757381457,0.00680903712870901,0.004208029802855631,0.0018443740038359441,0.004183642736707549,0.003776383982080395,0.0005501067879690327,0.00047911781216089007],"smearing":"DFTK.Smearing.Gaussian()","ndiag":[1,1,1,1,1,1,1,1,1,1,1,1,1,1,1,1,1,1,1,1,1,1,1,1,1,1,1,1,1,1,1,1,1,1,1,1,1,1,1,1,1,1,1,1,1,1,1,1,1,1,1],"fft_size":[25,25,240],"kwargs":"Base.Iterators.Pairs{Union{}, Union{}, Tuple{}, NamedTuple{(), Tuple{}}}()","n_kirred":9,"damping":"DFTK.FixedDamping(0.6)","type":"potmix"}