{"done":true,"kgrid":[3,3,1],"use_diis":[false,false,false,false,false,false,false,false,false,false,false,false,false,false,false,false,false,false,false,false,false,false,false,false,false,false,false,false,false,false,false,false,false,false,false,false,false,false,false,false,false,false,false,false,false,false,false,false,false],"mixing":"SimpleMixing()","temperature":0.001,"Ecut":20.0,"lattice":[[7.653390804734369,0.0,0.0],[0.0,7.653390804734369,0.0],[0.0,0.0,76.53390804734369]],"n_electr":120,"n_bands":72,"α":[0.5,0.5,0.5,0.5,0.5,0.5,0.5,0.5,0.5,0.5,0.5,0.5,0.5,0.5,0.5,0.5,0.5,0.5,0.5,0.5,0.5,0.5,0.5,0.5,0.5,0.5,0.5,0.5,0.5,0.5,0.5,0.5,0.5,0.5,0.5,0.5,0.5,0.5,0.5,0.5,0.5,0.5,0.5,0.5,0.5,0.5,0.5,0.5,0.5],"energies":[-79.76851255890472,4161.911484474111,-4.312587430422234,402.8028588549655,793.9378796064486,214.98339466490137,-4.594324190196647,-74.47149108429946,-80.20273538877085,-82.00812979209307,-82.69549439641666,-82.79655102844752,-82.85590148150078,-82.90975767078606,-82.91406623138406,-82.91588320345036,-82.91599648853598,-82.91574763999294,-82.91597691384672,-82.91589864775715,-82.9159538427912,-82.91598778083036,-82.91602896254761,-82.91603383673701,-82.9159977467134,-82.91605358723591,-82.91605341140692,-82.91605263910266,-82.91605334143313,-82.91605383647799,-82.91605386527885,-82.9160537876503,-82.9160538477665,-82.91605386334446,-82.91605386329809,-82.91605386434715,-82.91605387006027,-82.91605386995023,-82.91605387253375,-82.91605387048999,-82.91605387125509,-82.91605387270678,-82.91605387277149,-82.91605387283167,-82.9160538728846,-82.91605387290578,-82.91605387287484,-82.91605387290974,-82.91605387291705],"residuals":[772.2955175225122,22515.070168013557,2722.2962239280505,7791.988176510762,6176.511136248845,2865.8771693580657,1550.2742973726924,701.3938391203678,508.61267772373463,282.32138132849946,111.39722135518258,104.73121456124433,84.21512171454911,16.843597834203763,11.505525283222223,3.649676891336574,2.0497094801216047,2.2416206788303996,1.9192321006807294,1.9821887074639015,1.2938660017828336,0.8311914831085326,0.761495271807672,0.6868524152089693,2.130258572765044,0.08268579153442909,0.12367883865221875,0.3290754113491757,0.18449052976544858,0.028307861493079144,0.016356010960516264,0.04816326722688412,0.018233814945621117,0.009709926181356878,0.019647759727384456,0.013293601482065908,0.012355862149773356,0.01737998782242011,0.0026679038757453435,0.015050274250578987,0.011277158700606684,0.0019543719919707563,0.0019448218965715939,0.0017008572174870764,0.0008448623202995078,0.0004140909981180246,0.0012314100569779489,0.0003972534661052382,0.0002928241420186218],"smearing":"DFTK.Smearing.Gaussian()","ndiag":[1,1,1,1,1,1,1,1,1,1,1,1,1,1,1,1,1,1,1,1,1,1,1,1,1,1,1,1,1,1,1,1,1,1,1,1,1,1,1,1,1,1,1,1,1,1,1,1,1],"fft_size":[25,25,240],"kwargs":"Base.Iterators.Pairs{Union{}, Union{}, Tuple{}, NamedTuple{(), Tuple{}}}()","n_kirred":9,"damping":"DFTK.FixedDamping(0.5)","type":"potmix"}