{"done":true,"kgrid":[3,3,1],"mixing":"SimpleMixing()","temperature":0.001,"Ecut":20.0,"lattice":[[7.653390804734369,0.0,0.0],[0.0,7.653390804734369,0.0],[0.0,0.0,76.53390804734369]],"n_electr":120,"n_bands":72,"α":[0.9,0.9,0.9,0.9,0.9,0.9,0.9,0.9,0.9,0.9,0.9,0.9,0.9,0.9,0.9,0.9,0.9,0.9,0.9,0.9,0.9,0.9,0.9,0.9,0.9,0.9,0.9,0.9,0.9,0.9,0.9,0.9,0.9,0.9,0.9,0.9,0.9,0.9,0.9,0.9,0.9,0.9,0.9,0.9,0.9,0.9,0.9,0.9,0.9,0.9,0.9,0.9,0.9,0.9,0.9,0.9,0.9,0.9,0.9,0.9,0.9,0.9,0.9,0.9,0.9,0.9,0.9,0.9,0.9,0.9,0.9,0.9,0.9,0.9,0.9,0.9,0.9,0.9,0.9,0.9,0.9,0.9,0.9,0.9,0.9,0.9,0.9,0.9,0.9,0.9,0.9,0.9,0.9,0.9,0.9,0.9,0.9],"energies":[-79.76851255890543,5415.150988338646,523.6168379898618,782.2354026974537,1607.7292519998764,1978.7342731282463,145.58249193453454,23.876407796440855,-12.593742241281385,-41.040630127774925,-76.17778913584677,-76.08214418160036,-59.57278857540529,-81.47136235747523,-82.33431463727858,-82.81902765063724,-81.03690733111628,-81.22562431520032,-82.86521829206546,-82.90337032544642,-82.91007349881055,-82.88942164369824,-82.88795576659366,-82.91439344413659,-82.91496474714494,-82.91546664579782,-82.91456308730419,-82.916037697021,-82.9158438310075,-82.91601912033882,-82.91598540708895,-82.91149554009607,-82.91597837747018,-82.91605134402732,-82.91605219965135,-82.91599203838297,-82.91605279359669,-82.91604925502412,-82.91605356412097,-82.9160448913363,-82.9160529597898,-82.91605364566125,-82.91605351378831,-82.91605384182344,-82.91605380044456,-82.91605350467572,-82.91605338095113,-82.91605364262809,-82.9160538516132,-82.9160538456943,-82.91605378702872,-82.91605386927814,-82.91605386533242,-82.91605386084119,-82.91605382003767,-82.9160538527517,-82.9160538598473,-82.91605387042614,-82.91605387103553,-82.91605386451437,-82.91605386942351,-82.91605385784644,-82.91605387186003,-82.91605386877345,-82.91605386778195,-82.9160538718434,-82.91605387082096,-82.91605387264667,-82.91605387079515,-82.91605386494213,-82.91605387003415,-82.91605387082492,-82.91605387215327,-82.91605387203079,-82.91605387136367,-82.91605387282934,-82.91605387264383,-82.91605387241682,-82.91605387169801,-82.9160538722612,-82.91605387224264,-82.91605387281159,-82.91605387279195,-82.91605387259477,-82.91605387253658,-82.91605387213257,-82.91605387286822,-82.91605387273565,-82.91605387257131,-82.91605387285068,-82.91605387279294,-82.91605387289901,-82.91605387274858,-82.91605387247324,-82.91605387274407,-82.9160538727643,-82.91605387275949],"residuals":[772.2955175224561,25129.16480892516,8017.942595580023,10218.685449089324,10379.864459925235,12912.307237563427,3478.155191353366,3216.5499376752964,2862.073430897907,2129.64264903751,705.4632590201036,711.5617984293301,1688.5999204376847,333.1126747424532,221.04459356985916,63.95892916292777,317.06985926161394,254.5216614606923,50.86839318960485,39.49636219073862,11.614385028799544,24.49278282655577,28.615590453791693,13.449447192578289,5.419438711887512,4.95562400943312,8.041449432925914,0.46514278632128275,2.0658619930474913,1.2348358779126183,1.222855783304638,17.142247820170155,1.0652799071854937,0.19711524239125805,0.15020280060439628,2.632559024977838,0.11451152636258866,0.4787177704375859,0.053891916360433015,0.7396523516002446,0.13046670332002316,0.054517779797227404,0.10167948697104542,0.03679383765919629,0.03200401537519937,0.12376765584713652,0.08978805317908088,0.1564390115650832,0.015810108507647695,0.039743891711085756,0.05189797932039034,0.008064070945483594,0.019521299924433896,0.011328472020465472,0.04111169804666431,0.029427400220628515,0.015322376815167127,0.011435343670855743,0.005695619722395922,0.02834978815415421,0.011186308832400713,0.030102314919806538,0.0061211452382280065,0.008840905359095572,0.015311520286986402,0.0031779826521958847,0.008247724408671537,0.0030848804376209203,0.007556724853392236,0.0236642675196999,0.006001687068856107,0.013309064375839558,0.005558112348824304,0.007644992219982869,0.0064584098654393955,0.0012753886989749653,0.0036769240600913575,0.002392861039005008,0.006088041511314232,0.003958941686403365,0.004372281841131451,0.0024573566479960847,0.0018285066928797628,0.004709053549034146,0.00496020034616654,0.00720423946119174,0.0011741837207216248,0.0019214920002825545,0.0041105080302056745,0.0008578618066280214,0.0020050141125446726,0.0007425764077050028,0.0023566510046449016,0.005399059558364199,0.0019364748449850096,0.003043556480431118,0.003260924275338422],"smearing":"DFTK.Smearing.Gaussian()","ndiag":[1,1,1,1,1,1,1,1,1,1,1,1,1,1,1,1,1,1,1,1,1,1,1,1,1,1,1,1,1,1,1,1,1,1,1,1,1,1,1,1,1,1,1,1,1,1,1,1,1,1,1,1,1,1,1,1,1,1,1,1,1,1,1,1,1,1,1,1,1,1,1,1,1,1,1,1,1,1,1,1,1,1,1,1,1,1,1,1,1,1,1,1,1,1,1,1,1],"fft_size":[25,25,240],"kwargs":"Base.Iterators.Pairs{Union{}, Union{}, Tuple{}, NamedTuple{(), Tuple{}}}()","n_kirred":9,"damping":"DFTK.FixedDamping(0.9)","type":"potmix"}