{"done":true,"kgrid":[13,13,13],"mixing":"KerkerMixing(0.8, 0.0)","temperature":0.01,"Ecut":45.0,"lattice":[[0.0,5.502882474910242,5.502882474910242],[5.502882474910242,0.0,5.502882474910242],[5.502882474910242,5.502882474910242,0.0]],"n_electr":49,"n_bands":59,"α":[0.8,0.8,0.4,0.2,0.3,0.08691403392766629,0.08846103256745097,0.3,0.09356476731260999,0.3,0.09501048378376624,0.3,0.09683514982175857,0.3,0.0969119583679075,0.3,0.09776762850545248,0.3,0.0982506429908906,0.3,0.09922613737532845,0.3,0.09994419139863356,0.3,0.1007005616625459,0.3,0.1011365646785946,0.3,0.10153007956793424,0.3,0.10171517488166408,0.3,0.10190435017107327,0.3,0.1019707684877334,0.3,0.10206478567891858,0.3,0.10208081326965127,0.3,0.1021268688226001,0.3,0.10212241083777421,0.3,0.10214494447112647,0.3,0.10213135407250258,0.3,0.10214237511256966,0.3,0.10212413584241745,0.3,0.10212922859205896,0.3,0.10211130773298548,0.3,0.10211032752841415,0.3,0.10209429179685271,0.3,0.10209209459084564,0.3,0.10207730339494543,0.3,0.10207386218207735,0.3,0.10206171410728779,0.3,0.10205717307552223,0.3,0.10204789975464985,0.3,0.10204150686619214,0.3,0.10203457538803669,0.3,0.10202979782340249,0.3,0.10202198014418862,0.3,0.10201983745562258,0.3,0.1020119049525403,0.3,0.10201023771954379,0.3,0.1020034787110747,0.3,0.10200220908352403,0.3,0.10199721967684541,0.3,0.10199482473358287,0.3,0.10199092310072427,0.3,0.10198926875315849,0.3,0.10198797731743903],"energies":[-292.8700496342861,-304.06672243440966,-330.2454981714478,-332.48105874394327,-332.8135992665162,-333.24712491496825,-333.2811310877763,-333.28848290657055,-333.297001479819,-333.29889414109033,-333.3021626534226,-333.3028596179325,-333.3040155146522,-333.30426268077076,-333.3047064971907,-333.3048096195952,-333.30498331706184,-333.3050295323491,-333.30510557160596,-333.30512956796576,-333.3051661252896,-333.30517992629467,-333.3051997816315,-333.30520857967645,-333.30522042582425,-333.305226399306,-333.30523407556814,-333.30523834039025,-333.3052435898759,-333.3052467177645,-333.3052504655748,-333.30525281201744,-333.3052555598598,-333.30525734119675,-333.305259401677,-333.30526077041,-333.30526233671685,-333.305263395119,-333.30526460101527,-333.30526542563024,-333.30526636111426,-333.3052670061704,-333.30526773749045,-333.3052682446961,-333.305268818984,-333.30526921887406,-333.30526967210875,-333.30526998857357,-333.3052703472544,-333.30527059815057,-333.3052708829817,-333.30527108245377,-333.3052713090264,-333.3052714678139,-333.3052716484767,-333.3052717751358,-333.30527191935806,-333.30527202048296,-333.3052721358074,-333.3052722166688,-333.3052723089558,-333.30527237365504,-333.3052724475965,-333.30527249942276,-333.305272558696,-333.30527260023024,-333.3052726477857,-333.3052726810989,-333.3052727192674,-333.3052727459971,-333.3052727766495,-333.30527279810815,-333.3052728227319,-333.3052728399651,-333.30527285975364,-333.3052728735983,-333.3052728895049,-333.3052729006296,-333.3052729134194,-333.3052729223617,-333.3052729326468,-333.30527293983545,-333.30527294810855,-333.3052729538895,-333.3052729605438,-333.30527296519256,-333.3052729705468,-333.3052729742864,-333.3052729785938,-333.30527298160223,-333.3052729850686,-333.30527298748893,-333.30527299027887,-333.3052729922255,-333.30527299447107,-333.30527299603756,-333.3052729978445,-333.3052729991053,-333.3052730005597],"residuals":[626.3202166913109,634.6443607699715,229.7111528845585,102.67809046647315,78.87680173793969,35.69917151761518,24.643176540994748,20.927050774809004,15.960708997047803,13.066417794950704,10.017413174095203,8.067117112597698,6.284603809729056,5.050603288924366,3.96253331969459,3.178669726871021,2.5107483900034993,2.0349764581489254,1.6013657959929357,1.324347634967292,1.0297449588743743,0.8846160431496422,0.6702644489939257,0.6096519603366582,0.44423556865260916,0.4377428212767507,0.30240362494728756,0.32826858952554844,0.21352501230010815,0.2573232449495569,0.15763164042459218,0.2091463021760374,0.1219524510159917,0.17505750366530026,0.09838793167858398,0.14940890107032131,0.08203038625640703,0.12939501297916417,0.06998181956887618,0.1130468109826776,0.06062765803948854,0.09945398387726412,0.05304074648714057,0.08784632260418479,0.04670603061981092,0.07787943095251307,0.041302011668687945,0.0691815905305914,0.036635248588928915,0.06159201826424954,0.03256410863966777,0.05489476616706477,0.028994505274076245,0.04899648162954689,0.0258480915806436,0.043761669465784706,0.02306762498277059,0.03912385721603079,0.02060282726464591,0.03499234703974473,0.01841471711670365,0.031318760062194514,0.01646811342524328,0.02803847758517024,0.014734879095246595,0.025113984919032127,0.013189258857668694,0.022498913437641634,0.011810101331588737,0.0201627066687964,0.010578207939340792,0.018072012797194767,0.009477245219309904,0.016201233806759884,0.008492665975446442,0.014525874677735424,0.007611857761531114,0.013025965589018099,0.006823381267990149,0.011681297087609637,0.006117491321864285,0.010477191658765813,0.005485165098491693,0.00939712813108371,0.004918752368260341,0.008429595039548354,0.004411129515509939,0.007561482426890167,0.003956240126221288,0.006783418475654059,0.0035484473535916956,0.006085458878480109,0.003182884718788767,0.005459619644601764,0.002855092796198076,0.004898147877575004,0.002561160655152652,0.004394457455502939,0.002297556622112154],"smearing":"DFTK.Smearing.Gaussian()","ndiag":[1,1,2,2,1,2,2,1,2,1,2,1,2,1,2,1,2,1,2,1,2,1,2,1,2,1,2,1,2,1,2,1,2,1,2,1,2,1,2,1,2,1,2,1,2,1,2,1,2,1,2,1,2,1,2,1,2,1,2,1,2,1,2,1,2,1,2,1,2,1,2,1,2,1,2,1,2,1,2,1,2,1,2,1,2,1,2,1,2,1,2,1,2,1,2,1,2,1,2],"fft_size":[50,50,50],"kwargs":"Base.Iterators.Pairs{Symbol, DFTK.AndersonAcceleration, Tuple{Symbol}, NamedTuple{(:acceleration,), Tuple{DFTK.AndersonAcceleration}}}(:acceleration => DFTK.AndersonAcceleration(0, Any[], Any[], 1.0e6))","n_kirred":168,"damping":"DFTK.AdaptiveDamping(0.075, 1.0, 0.8, 0.3, 1.1, 0.1)","type":"potmix"}