{"done":true,"kgrid":[13,13,13],"mixing":"KerkerMixing(0.8, 0.0)","temperature":0.01,"Ecut":45.0,"lattice":[[0.0,5.502882474910242,5.502882474910242],[5.502882474910242,0.0,5.502882474910242],[5.502882474910242,5.502882474910242,0.0]],"n_electr":49,"n_bands":59,"α":[0.8,0.8,0.4,0.2,0.2,0.09505899454247893,0.2,0.27656490095418773,0.07799915572887452,0.2,0.9530164557170923,0.08378155778922003,0.2,0.42344105135747495,0.08348656894431272,0.2,0.8509271528017164,0.07856019717169671,0.2,1.0,1.0,0.08016154602106988,0.2,1.0,0.08476545824275648,0.2,0.26936154790373296,0.10220634969903097,0.2,0.16727187521908765,0.2,0.09927696780597749,0.2,0.18000914179432229,0.2,0.09622656872799257,0.2,0.19793221414722653,0.2,0.09307876749670253,0.2,0.22418213447563096,0.22418213447563096,0.08579926329962316,0.2,0.36631013659716216,0.09936225976233845,0.2,0.3196256544779651,0.08343601948759821,0.2,0.48875089993891535,0.09268119760028205,0.2,0.19956794597313024,0.2,0.09583272768934792,0.2,0.35918044944217886,0.08240802040373148,0.2,1.0,0.08088212197246528,0.2,0.4979954836357988,0.08745827249749367,0.2,0.3123315233168535,0.10443523948165494,0.2,0.27728468987917043,0.08481102258449152,0.2,0.4035977045657393,0.0967608280110388,0.2,0.3461322323467608,0.08264355624144637,0.2,1.0,0.08068575317148868,0.2,1.0,0.07867181620975745,0.2,1.0,0.09437563594630344,0.2,0.37842046151230874],"energies":[-292.87004963428603,-304.06672305178574,-330.24549877153805,-332.4810588901574,-333.09018952779854,-333.2078019570442,-333.27368873252385,-333.25508242337884,-333.29620172506134,-333.29963797764407,-333.3044443916251,-333.3049691963306,-333.30504881613865,-333.30506655614363,-333.30514460414827,-333.3051644913773,-333.3051650994988,-333.3052230580576,-333.305229034949,-333.3052511208339,-333.30525419526697,-333.3052620901659,-333.3052633362223,-333.30526580418973,-333.30526804911244,-333.30526856203045,-333.3052690245701,-333.30526939985816,-333.3052697537592,-333.3052699995636,-333.30527022416504,-333.3052705004247,-333.30527074763177,-333.30527092113516,-333.3052710664368,-333.3052712725743,-333.3052714448706,-333.305271568781,-333.3052716590109,-333.30527181589207,-333.3052719351923,-333.3052720252272,-333.30527204960464,-333.30527220935045,-333.3052722908225,-333.3052723739036,-333.30527245225926,-333.3052725014778,-333.3052725076606,-333.30527260959065,-333.3052726505367,-333.3052727028092,-333.30527274994813,-333.3052727738584,-333.3052727945791,-333.3052728030458,-333.3052728313229,-333.3052728474751,-333.3052728478138,-333.30527288470705,-333.30527289763836,-333.3052729063537,-333.305272952155,-333.3052729580057,-333.3052729663126,-333.30527297296766,-333.3052729768671,-333.30527298042017,-333.30527298385545,-333.305272986219,-333.3052729868309,-333.30527299121576,-333.30527299329344,-333.3052729955715,-333.3052729976958,-333.30527299894345,-333.30527299900945,-333.3052730017779,-333.30527300279175,-333.3052730032561,-333.3052730070721,-333.3052730075323,-333.30527300761116,-333.3052730095536,-333.3052730097788,-333.305273010556,-333.30527301072726,-333.30527301082054,-333.30527301081815],"residuals":[626.3202166913103,634.644357810704,229.7111484429428,102.67806818269408,46.05756187445917,38.64346500069683,24.4258936635976,30.85424499072437,16.707413323721113,13.40287243066721,3.1455184787304127,1.3197621913395248,1.1411350332049552,1.1938076971219747,0.6610387948475612,0.5377991220293383,0.8692298120276638,0.19076648705323188,0.17426683945390492,0.12151519501255585,0.32484389203550235,0.0789334152176107,0.06812536938712538,0.18367681131267377,0.05348611935749225,0.05573539162580988,0.062393767909738454,0.04695212908709193,0.04293318704114545,0.05168385410297304,0.05402273932783332,0.03846196380163011,0.03505591420308666,0.04418015402397676,0.04708721802711525,0.031516731848441455,0.02854914359920478,0.0380337458177547,0.04149583872048142,0.025723044533327796,0.023167540645307926,0.033003833310484905,0.04309073383541409,0.020296526556728756,0.018168240090797854,0.032436449441973235,0.016216668409658,0.020195347183790242,0.03480063407806768,0.014149706881599137,0.012693166619373728,0.02550210375201606,0.010902535251050883,0.013035037513187159,0.012684551274274664,0.019635497877820353,0.009107420944850087,0.011132351676474988,0.02104187010499923,0.007891345160927838,0.007093033032389513,0.025311246666147095,0.005098535800160158,0.005406599814270443,0.008710908446170883,0.004485190791339237,0.004008785255749035,0.0067147124068854,0.0036481613906521266,0.0046869433531513465,0.007156930178281508,0.0032175106074448555,0.0028775555326004875,0.005373977324038444,0.0025430183745442933,0.003134696704576957,0.005752226741249781,0.00221421119628487,0.001987589430877084,0.007304821339747147,0.0014291879478691694,0.0015120100471245818,0.004963154426392296,0.0010109900755895876,0.0009317933376663464,0.0015337824141500713,0.0006858844472536083,0.000833134027632863,0.0016370938760514348],"smearing":"DFTK.Smearing.Gaussian()","ndiag":[1,1,2,2,1,2,1,1,2,1,1,2,1,1,2,1,1,2,1,1,1,2,1,1,2,1,2,2,1,2,1,2,1,2,1,2,1,2,1,2,1,2,1,2,1,2,2,1,1,2,1,2,2,1,2,1,2,1,1,2,1,1,2,1,2,2,1,2,2,1,1,2,1,2,2,1,1,2,1,1,2,1,1,2,1,1,2,1,1],"fft_size":[50,50,50],"kwargs":"Base.Iterators.Pairs{Symbol, DFTK.AndersonAcceleration, Tuple{Symbol}, NamedTuple{(:acceleration,), Tuple{DFTK.AndersonAcceleration}}}(:acceleration => DFTK.AndersonAcceleration(0, Any[], Any[], 1.0e6))","n_kirred":168,"damping":"DFTK.AdaptiveDamping(0.05, 1.0, 0.8, 0.2, 1.1, 0.1)","type":"potmix"}