{"done":true,"kgrid":[13,13,13],"mixing":"KerkerMixing(0.8, 0.0)","temperature":0.01,"Ecut":45.0,"lattice":[[0.0,5.502882474910242,5.502882474910242],[5.502882474910242,0.0,5.502882474910242],[5.502882474910242,5.502882474910242,0.0]],"n_electr":49,"n_bands":59,"α":[0.8,0.8,0.4,0.2,0.2,0.09505897378864331,0.1,0.2828635418769357,0.3779826709456361,0.07520866328149182,0.1,0.8725163099276123,0.08758295454895913,0.1,0.6130616487018643,0.1943195802710879,0.1943195802710879,0.1943195802710879,0.08354496795288407,0.1,1.0,0.14246886252648255,0.14246886252648255,0.1686344671642941,0.21058808851109742,0.10359917170326374,0.10359917170326374,0.28718686884144384,0.2661758589355232,0.11127378320709037,0.11127378320709037,0.24367308211945643,0.22006966908442444,0.22006966908442444,0.08688576485443392,0.1,0.8062707802205921,0.1466361680411149,0.1466361680411149,0.1636943870355033,0.18961034730226597,0.18961034730226597,0.08879851446017042,0.1,0.687771357933928,0.1611211761590109,0.1611211761590109,0.1611211761590109,0.1611211761590109,0.1611211761590109,0.1611211761590109,0.1611211761590109,0.1611211761590109,0.1611211761590109,0.1611211761590109,0.1611211761590109,0.1611211761590109,0.1611211761590109,0.1611211761590109,0.1611211761590109,0.07942682286364042,0.1,1.0,0.3122272927938483,0.09707302851908513,0.1,0.4388182815973258,0.22127469149867282,0.22127469149867282,0.0891375504456821,0.1,0.4921660153170268,0.19616838789000246,0.19616838789000246,0.09423766915220731,0.1,0.49638584334774477,0.20079806722621843,0.20079806722621843,0.09538750453618935,0.1,0.3642715116716463,0.25471755595789847,0.11330163219426603,0.11330163219426603,0.2321066464787269,0.21064843086036297,0.21064843086036297,0.08882226200769955,0.1,0.6814026801000351,0.16060146993678626,0.16060146993678626,0.16060146993678626,0.16060146993678626,0.16060146993678626,0.16060146993678626,0.16060146993678626,0.16060146993678626],"energies":[-292.8700496342861,-304.06672259130414,-330.24549852487365,-332.4810590599244,-333.0901891694522,-333.2078017946964,-333.2513456463473,-333.2898755491564,-333.2882988888537,-333.3010961078543,-333.3019082579277,-333.30496093675606,-333.30504580832275,-333.30506821768614,-333.30515532651793,-333.3051702089917,-333.3051767307432,-333.3051769071493,-333.30520268233863,-333.30520739915096,-333.30524132114056,-333.30524430358827,-333.30524660719624,-333.3052490634328,-333.3052506052738,-333.30525332965254,-333.3052545539368,-333.30525733957444,-333.30525887364774,-333.30526036597985,-333.3052611971964,-333.3052626733451,-333.3052635672361,-333.30526388769385,-333.3052653672766,-333.30526579893285,-333.3052684823993,-333.305268870369,-333.30526918087367,-333.30526950804125,-333.3052697390131,-333.3052699038088,-333.3052703416627,-333.3052704906881,-333.30527128946215,-333.3052714344247,-333.3052715479514,-333.30527166923474,-333.30527175976215,-333.30527186056827,-333.30527193083515,-333.3052720135954,-333.30527206559117,-333.3052721320063,-333.3052721669966,-333.30527221805136,-333.30527223657197,-333.30527227250514,-333.3052722743087,-333.30527229453907,-333.30527257143626,-333.30527259451947,-333.3052727827496,-333.3052728079051,-333.3052728287127,-333.30527283917627,-333.30527287476616,-333.3052728871804,-333.30527288720276,-333.30527290985145,-333.30527291528017,-333.30527293783297,-333.30527294359075,-333.305272948033,-333.3052729550386,-333.30527295823435,-333.3052729706012,-333.3052729741868,-333.3052729755892,-333.30527298055165,-333.30527298225064,-333.3052729874693,-333.3052729896321,-333.3052729917781,-333.30527299303924,-333.3052729951529,-333.30527299648634,-333.3052729972103,-333.30527299918504,-333.30527299987483,-333.3052730035471,-333.3052730042302,-333.3052730047634,-333.3052730053382,-333.30527300576676,-333.30527300624726,-333.3052730065836,-333.3052730069814,-333.30527300723486],"residuals":[626.3202166913115,634.644360751469,229.7111534276257,102.67806704513738,46.05758778159606,38.6434767596981,29.97687869055674,21.125468935227858,17.13076261797243,11.666869761418432,10.495137574403431,1.8509921490654035,1.4932464111078938,1.3342060051948592,0.6101392889249319,0.5382671761848539,0.5804929211673792,0.6288072480305361,0.339036576339865,0.3095259322754818,0.18849775206162817,0.14290139277375877,0.15253788167526633,0.13050509241930172,0.19267349348493082,0.1056407069719183,0.10305501191362676,0.09271708338238073,0.13908870971681914,0.0839342852257741,0.08218645120765028,0.07528993887572479,0.10415689754960418,0.13135780813222048,0.06505569531719006,0.05874098148080293,0.06413835191637694,0.050451445752683954,0.05536328645888331,0.047215130837218865,0.06515811204138171,0.07061981598497796,0.03797568097870872,0.033884658939102544,0.03770339554449818,0.03179962133838231,0.038034613311542266,0.032345898354747125,0.03922017316580262,0.03393371802922609,0.041325030916057166,0.03661631899688121,0.044407726603173665,0.04042263599160844,0.048527129963847754,0.045377688073692427,0.05375051292148678,0.05152142063807246,0.060162047198898304,0.05892244220319006,0.014413628956026317,0.013695174561638598,0.01175132054341553,0.014867082238043469,0.01019652354569118,0.008709565159255707,0.009648886742604515,0.010009188732701757,0.017776136977932906,0.00674361115108072,0.006738012631495032,0.00614508937665077,0.00820131977202303,0.008706124103959429,0.00560284781217399,0.004847985533638014,0.005409124486613873,0.005278296535765033,0.008235395171603372,0.003777560439303582,0.0037464022891461495,0.0034001224130056477,0.005188961831769817,0.0031548225504203294,0.003130122602135802,0.0028765728537926524,0.003993573781278433,0.004717108664786203,0.002571362800624605,0.0022874546189172694,0.0025887288379368664,0.002168564082802248,0.0026100832496170285,0.002203297684206736,0.0026846149080455724,0.0023032741475577014,0.0028159228918694314,0.002471335921458039,0.003007191401775975],"smearing":"DFTK.Smearing.Gaussian()","ndiag":[1,1,2,2,1,2,1,1,1,2,1,1,2,1,1,2,1,1,2,1,1,2,1,1,1,2,1,1,2,2,1,1,2,1,2,1,1,2,1,1,1,1,2,1,1,2,1,1,1,1,1,1,1,1,1,1,1,1,1,1,2,1,1,2,2,1,1,2,1,2,1,1,2,1,2,1,1,2,1,2,1,1,2,2,1,1,2,1,2,1,1,2,1,1,1,1,1,1,1],"fft_size":[50,50,50],"kwargs":"Base.Iterators.Pairs{Symbol, DFTK.AndersonAcceleration, Tuple{Symbol}, NamedTuple{(:acceleration,), Tuple{DFTK.AndersonAcceleration}}}(:acceleration => DFTK.AndersonAcceleration(0, Any[], Any[], 1.0e6))","n_kirred":168,"damping":"DFTK.AdaptiveDamping(0.025, 1.0, 0.8, 0.1, 1.1, 0.1)","type":"potmix"}