{"done":true,"kgrid":[13,13,13],"use_diis":[false,false,false,false,false,false,false,false,false,false,false,false,false,false,false,false,false,false,false,false,false,false,false,false,false,false,false,false,false,false,false,false,false,false,false,false,false,false,false,false,false,false,false,false,false,false,false,false,false,false,false,false,false,false,false,false,false,false,false,false,false,false,false,false,false,false,false,false,false,false,false,false,false,false,false,false,false,false,false,false,false,false,false,false,false,false,false,false,false,false,false,false,false,false,false,false,false,false,false],"mixing":"KerkerMixing(0.8, 0.0)","temperature":0.01,"Ecut":45.0,"lattice":[[0.0,5.502882474910242,5.502882474910242],[5.502882474910242,0.0,5.502882474910242],[5.502882474910242,5.502882474910242,0.0]],"n_electr":49,"n_bands":59,"α":[0.2,0.2,0.2,0.2,0.2,0.2,0.2,0.2,0.2,0.2,0.2,0.2,0.2,0.2,0.2,0.2,0.2,0.2,0.2,0.2,0.2,0.2,0.2,0.2,0.2,0.2,0.2,0.2,0.2,0.2,0.2,0.2,0.2,0.2,0.2,0.2,0.2,0.2,0.2,0.2,0.2,0.2,0.2,0.2,0.2,0.2,0.2,0.2,0.2,0.2,0.2,0.2,0.2,0.2,0.2,0.2,0.2,0.2,0.2,0.2,0.2,0.2,0.2,0.2,0.2,0.2,0.2,0.2,0.2,0.2,0.2,0.2,0.2,0.2,0.2,0.2,0.2,0.2,0.2,0.2,0.2,0.2,0.2,0.2,0.2,0.2,0.2,0.2,0.2,0.2,0.2,0.2,0.2,0.2,0.2,0.2,0.2,0.2,0.2],"energies":[-292.8700496342861,-310.01623152416414,-329.00546958259207,-332.2816790727202,-332.0825469729583,-331.2853985066246,-330.36018787030065,-329.2681754626705,-329.35238515890063,-328.88753600624517,-329.1557360458174,-328.79299085186454,-329.04775465517895,-328.6684734585754,-328.9345352478552,-328.57313652421254,-328.8484602788589,-328.49562754018586,-328.7781650514439,-328.4309439781119,-328.71949281663706,-328.37688798270705,-328.67047124973965,-328.3312217123765,-328.62926196170184,-328.2925913639024,-328.5946160823723,-328.2600681418825,-328.5655898594923,-328.2328325149608,-328.5413671116609,-328.2101322612476,-328.52123039470405,-328.19129601101685,-328.5045519101365,-328.1757214464757,-328.49077719787954,-328.16287748190314,-328.4794325755689,-328.1523204077128,-328.47010911593696,-328.1436484767036,-328.4624589992651,-328.1365471635924,-328.4561952698553,-328.1307350837679,-328.45107001202,-328.1259845872008,-328.44688276990377,-328.12210537413785,-328.44346382487834,-328.1189405967831,-328.44067468774085,-328.11635921987136,-328.43839976726787,-328.11425421826084,-328.43654549505277,-328.1125409719204,-328.43503567512215,-328.11114344222756,-328.433804728085,-328.11000677427916,-328.43280356470115,-328.1090812269872,-328.43198810004185,-328.10832752007565,-328.43132365706555,-328.1077128992531,-328.43078341082054,-328.1072159068854,-328.4303437490035,-328.1068071737958,-328.42998582514184,-328.1064793278324,-328.42969576016657,-328.1062090492852,-328.4294571951334,-328.10598901009456,-328.42926532478685,-328.1058138427859,-328.42910864050145,-328.10566551784547,-328.4289800490122,-328.10555022986176,-328.4288767226559,-328.10545236515173,-328.428791953367,-328.10537581525074,-328.4287236753283,-328.1053114673011,-328.428667091047,-328.10525973775435,-328.42862242606395,-328.10521908148496,-328.4285853577536,-328.10518363482714,-328.42855460250564,-328.1051561115395,-328.4285310220858],"residuals":[626.3202166913107,454.7366823713236,181.66148711167557,109.72072410009339,132.41228265381702,163.49975288216427,205.29459487756026,232.18080402416751,236.20491814402317,242.28503553478282,241.68784678725766,244.4384588914445,244.49082023913712,247.5515781773981,247.48249306301082,249.86670297716975,249.76806286582985,251.70819746537055,251.63300704196405,253.21967953409515,253.18129378547184,254.4681541896781,254.46522657866373,255.51687373217067,255.53669593394088,256.40139718600153,256.43206718682217,257.14457014671643,257.1785977134807,257.765935589075,257.79921585975006,258.2831533339209,258.3136109122622,258.71185329243497,258.73867755353103,259.06597761698583,259.08907596750754,259.3577854347105,259.37726488870265,259.59744727414204,259.61381126809147,259.79421164802903,259.80774011591535,259.95523993437433,259.9664117633887,260.0869762214996,260.0961633440537,260.19461401643713,260.20212737642436,260.28247839801463,260.28861687115074,260.3541369927081,260.3591537665998,260.4125763815282,260.41666914921694,260.46021922984386,260.46354592016814,260.4989918154292,260.5017082804228,260.5306131496533,260.5328160928178,260.5563294975208,260.55811962132844,260.5772642737455,260.5787253785955,260.59431538414435,260.5955128368771,260.60821910058417,260.60916909567936,260.61945540151254,260.6202674346449,260.62871200456834,260.62931910742844,260.6361138040139,260.63664662064843,260.64222982079394,260.642665585121,260.64720717902503,260.647523685035,260.6511608042292,260.6514719846912,260.6545255513654,260.6547282195019,260.6571234389267,260.65733121020236,260.6593472374541,260.6594777842966,260.6610689778676,260.6612002233129,260.6625263928655,260.66262857389324,260.6636981432147,260.6637638910101,260.6646138746502,260.6646943419704,260.6654203658854,260.66547034544084,260.66604070962853,260.6660729171291],"smearing":"DFTK.Smearing.Gaussian()","ndiag":[1,1,1,1,1,1,1,1,1,1,1,1,1,1,1,1,1,1,1,1,1,1,1,1,1,1,1,1,1,1,1,1,1,1,1,1,1,1,1,1,1,1,1,1,1,1,1,1,1,1,1,1,1,1,1,1,1,1,1,1,1,1,1,1,1,1,1,1,1,1,1,1,1,1,1,1,1,1,1,1,1,1,1,1,1,1,1,1,1,1,1,1,1,1,1,1,1,1,1],"fft_size":[50,50,50],"kwargs":"Base.Iterators.Pairs{Symbol, DFTK.AndersonAcceleration, Tuple{Symbol}, NamedTuple{(:acceleration,), Tuple{DFTK.AndersonAcceleration}}}(:acceleration => DFTK.AndersonAcceleration(0, Any[], Any[], 1.0e6))","n_kirred":168,"damping":"DFTK.FixedDamping(0.2)","type":"potmix"}