{"done":true,"kgrid":[13,13,13],"use_diis":[false,false,false,false,false,false,false,false,false,false,false,false,false,false,false,false,false,false,false,false,false,false,false,false,false,false,false,false,false,false,false,false,false,false,false,false,false,false,false,false,false,false,false,false,false,false,false,false,false,false,false,false,false,false,false,false,false,false,false,false,false,false,false,false,false,false,false,false,false,false,false,false,false,false,false,false,false,false,false,false,false,false,false,false,false,false,false,false,false,false,false,false,false,false,false,false,false,false,false],"mixing":"KerkerMixing(0.8, 0.0)","temperature":0.01,"Ecut":45.0,"lattice":[[0.0,5.502882474910242,5.502882474910242],[5.502882474910242,0.0,5.502882474910242],[5.502882474910242,5.502882474910242,0.0]],"n_electr":49,"n_bands":59,"α":[0.15,0.15,0.15,0.15,0.15,0.15,0.15,0.15,0.15,0.15,0.15,0.15,0.15,0.15,0.15,0.15,0.15,0.15,0.15,0.15,0.15,0.15,0.15,0.15,0.15,0.15,0.15,0.15,0.15,0.15,0.15,0.15,0.15,0.15,0.15,0.15,0.15,0.15,0.15,0.15,0.15,0.15,0.15,0.15,0.15,0.15,0.15,0.15,0.15,0.15,0.15,0.15,0.15,0.15,0.15,0.15,0.15,0.15,0.15,0.15,0.15,0.15,0.15,0.15,0.15,0.15,0.15,0.15,0.15,0.15,0.15,0.15,0.15,0.15,0.15,0.15,0.15,0.15,0.15,0.15,0.15,0.15,0.15,0.15,0.15,0.15,0.15,0.15,0.15,0.15,0.15,0.15,0.15,0.15,0.15,0.15,0.15,0.15,0.15],"energies":[-292.8700496342861,-305.3275684727405,-316.7205445956324,-329.93470411972214,-332.40642546830065,-332.9792579821921,-333.1386927691996,-333.19630692074765,-333.217229545741,-333.2346195970982,-333.23627754354663,-333.2422967981984,-333.22667971965285,-333.21125789819916,-333.1511570656195,-333.06436472283696,-332.8858473750742,-332.6348954942705,-332.3539074845328,-332.05325420939437,-331.91897369146494,-331.7720614749358,-331.7587183978746,-331.69650392006275,-331.7135600039491,-331.66719595287555,-331.6923807494867,-331.64695743105506,-331.67737564259227,-331.63218232833174,-331.66700843005725,-331.6228505361039,-331.6610437054491,-331.6181271909177,-331.65860121330894,-331.6165975132285,-331.65847823709106,-331.6168954708808,-331.65958794596804,-331.61800991257496,-331.66115675100843,-331.6193195063905,-331.66272166036606,-331.62049299660714,-331.6640452783196,-331.62138147942795,-331.6650352571051,-331.6219472622696,-331.66568187957245,-331.6222089319375,-331.6660187645937,-331.6222123163848,-331.66609649101974,-331.6220075246046,-331.66596749665007,-331.6216447072736,-331.6656803674223,-331.62116486330217,-331.6652749177218,-331.62060125712674,-331.6647855739516,-331.61998630048544,-331.6642403077972,-331.61933675286633,-331.6636575744949,-331.61867107419,-331.66305418668054,-331.61799997096773,-331.6624411945073,-331.61733257494615,-331.661826886688,-331.6166738578506,-331.66121748522414,-331.616029190675,-331.66061849344914,-331.6154028193988,-331.6600323009778,-331.61479320231666,-331.65946061937325,-331.6142044304546,-331.658905607522,-331.6136357164921,-331.6583682941053,-331.6130890817553,-331.65784907337115,-331.6125613910276,-331.6573463882086,-331.61205321381533,-331.65686104593334,-331.61156485735023,-331.6563933280939,-331.61109538677835,-331.65594313348635,-331.610645781034,-331.6555093383937,-331.6102116112042,-331.65509099630464,-331.6097956893514,-331.65468855838395],"residuals":[626.3202166913114,501.5487540360692,378.64314766615524,176.17880918154975,81.29767004542722,52.646910170718165,43.21657320472459,36.34205640659807,35.00632511454695,27.916957379502204,29.880660630671976,23.31242656443425,31.45375730024994,29.61931688301576,45.48514227597781,53.05965924805315,76.19974750763916,92.87387390705108,114.8661643484036,128.62666172966345,138.56057764956878,142.7440916367117,146.26776752058626,146.3226370325529,148.28245878117102,147.7104583149818,149.15079989529897,148.66060951606647,149.74008079106105,149.3408148370918,150.1307360656073,149.76018871216476,150.33374500476145,149.96418823938205,150.38712787949834,150.02125612327123,150.34347251799664,149.99503954189828,150.25050425600543,149.93186592008183,150.14221766903657,149.85998531774445,150.03879417903684,149.79444853820235,149.9502997149937,149.74206325661874,149.8803582854387,149.70458063519368,149.8289059165305,149.6812465922393,149.79399246186335,149.67004941679548,149.77294450845432,149.66876651469045,149.76307793988215,149.67515881080126,149.76191616545037,149.6873833172231,149.76742698618457,149.70392502098926,149.77789655479805,149.7233276647796,149.79187563608383,149.744798475206,149.80842240886315,149.76749132496028,149.8266611254194,149.79088988747046,149.84600936110493,149.81455297324447,149.86600431372975,149.8382340137898,149.8863164724441,149.86165811665242,149.9066472937168,149.884606755272,149.92681567294227,149.90713311630438,149.94673321231457,149.92901597306098,149.96625089009618,149.95027953483185,149.98530769435817,149.97081314698872,150.0038390251645,149.99072671203518,150.02189442220327,150.00998768598586,150.03942630851267,150.028563087646,150.05639572661713,150.04648126260756,150.07280367478165,150.06368405096802,150.08865724495968,150.08035933177254,150.10401560373742,150.09636324060577,150.11882612869704],"smearing":"DFTK.Smearing.Gaussian()","ndiag":[1,1,1,1,1,1,1,1,1,1,1,1,1,1,1,1,1,1,1,1,1,1,1,1,1,1,1,1,1,1,1,1,1,1,1,1,1,1,1,1,1,1,1,1,1,1,1,1,1,1,1,1,1,1,1,1,1,1,1,1,1,1,1,1,1,1,1,1,1,1,1,1,1,1,1,1,1,1,1,1,1,1,1,1,1,1,1,1,1,1,1,1,1,1,1,1,1,1,1],"fft_size":[50,50,50],"kwargs":"Base.Iterators.Pairs{Symbol, DFTK.AndersonAcceleration, Tuple{Symbol}, NamedTuple{(:acceleration,), Tuple{DFTK.AndersonAcceleration}}}(:acceleration => DFTK.AndersonAcceleration(0, Any[], Any[], 1.0e6))","n_kirred":168,"damping":"DFTK.FixedDamping(0.15)","type":"potmix"}