{"done":true,"kgrid":[13,13,13],"use_diis":[false,false,false,false,false,false,false,false,false,false,false,false,false,false,false,false,false,false,false,false,false,false,false,false,false,false,false,false,false,false,false,false,false,false,false,false,false,false,false,false,false,false,false,false,false,false,false,false,false,false,false,false,false,false,false,false,false,false,false,false,false,false,false,false,false,false,false,false,false,false,false,false,false,false,false,false,false,false,false,false,false,false,false,false,false,false,false,false,false,false,false,false,false,false,false,false,false,false,false],"mixing":"KerkerMixing(0.8, 0.0)","temperature":0.01,"Ecut":45.0,"lattice":[[0.0,5.502882474910242,5.502882474910242],[5.502882474910242,0.0,5.502882474910242],[5.502882474910242,5.502882474910242,0.0]],"n_electr":49,"n_bands":59,"α":[0.05,0.05,0.05,0.05,0.05,0.05,0.05,0.05,0.05,0.05,0.05,0.05,0.05,0.05,0.05,0.05,0.05,0.05,0.05,0.05,0.05,0.05,0.05,0.05,0.05,0.05,0.05,0.05,0.05,0.05,0.05,0.05,0.05,0.05,0.05,0.05,0.05,0.05,0.05,0.05,0.05,0.05,0.05,0.05,0.05,0.05,0.05,0.05,0.05,0.05,0.05,0.05,0.05,0.05,0.05,0.05,0.05,0.05,0.05,0.05,0.05,0.05,0.05,0.05,0.05,0.05,0.05,0.05,0.05,0.05,0.05,0.05,0.05,0.05,0.05,0.05,0.05,0.05,0.05,0.05,0.05,0.05,0.05,0.05,0.05,0.05,0.05,0.05,0.05,0.05,0.05,0.05,0.05,0.05,0.05,0.05,0.05,0.05,0.05],"energies":[-292.8700496342861,-296.87560670163055,-300.6777263225843,-304.30947040485444,-307.85679166441815,-311.3279119336555,-314.69123804031534,-318.1469192509234,-323.8918070451689,-327.31968615905384,-329.6045732409813,-330.8749901178425,-331.61691439912175,-332.0920991241669,-332.4123379052982,-332.6376470606127,-332.79974348428163,-332.91704670363936,-333.0014890479876,-333.0621840721973,-333.1061869449651,-333.1385820794595,-333.16285244805306,-333.1813612021986,-333.19573167147576,-333.2070956033076,-333.2162509495045,-333.2237653582925,-333.2300446151562,-333.2353815385467,-333.23998883861753,-333.2440221918687,-333.24759648065697,-333.250797269158,-333.2536889628609,-333.2563204695284,-333.2587294217578,-333.26094534791264,-333.26299168361805,-333.26488744301776,-333.2666483203169,-333.26828748170084,-333.269816184817,-333.271244181128,-333.27258000521357,-333.2738312440414,-333.27500465408673,-333.27610633331193,-333.27714178976566,-333.27811604137446,-333.2790336543747,-333.27989881437827,-333.28071535679214,-333.28148680698837,-333.28221640898016,-333.2829071485372,-333.2835617829808,-333.2841828515717,-333.28477270300476,-333.28533350305923,-333.2858672584961,-333.28637581644165,-333.28686089255206,-333.2873240693824,-333.28776681125436,-333.28819047455306,-333.28859631436507,-333.2889854948583,-333.2893590938574,-333.2897181093923,-333.2900634686409,-333.29039603472177,-333.290716607224,-333.29102593030944,-333.29132469633913,-333.29161355111336,-333.2918930973294,-333.2921638956937,-333.2924264716408,-333.2926813165167,-333.2929288887732,-333.29316961950843,-333.29340391030576,-333.29363214095395,-333.29385466507296,-333.2940718163775,-333.2942839067625,-333.29449122874223,-333.29469406046724,-333.2948926575249,-333.29508726493566,-333.29527810798,-333.29546540123727,-333.2956493420363,-333.2958301163421,-333.29600789822746,-333.2961828471377,-333.2963551122643,-333.29652483159794],"residuals":[626.3202166913114,586.9681556792092,548.382911736112,510.5488276405411,474.31540289943996,437.396850682826,398.9765919652791,356.2007499623233,271.41141848837054,212.89778366999772,166.23896498595718,135.1355869845379,112.99232112126424,95.73886120749277,81.82211010125843,70.38450548529069,61.02350343194037,53.5735803391628,47.8880192527161,43.664687969906126,40.51012885288791,38.074900251552016,36.108538162568806,34.44617087914498,32.98053186197071,31.6415693711536,30.384064891201422,29.179856420299235,28.012543919355938,26.87361063064309,25.759615455037217,24.670211758134695,23.606702240710273,22.57111202552861,21.565582268711687,20.592038176363953,19.652014172676616,18.746599860769024,17.876434322296934,17.04176603108991,16.242484977184358,15.478219593578567,14.748350884185554,14.05209350212464,13.388529741070663,12.756641220171046,12.155339674820668,11.583500152725202,11.039969548907836,10.523583755267815,10.033191587366195,9.56764726801717,9.125830209602183,8.706642802860149,8.309019819344734,7.931930997115662,7.574378707788708,7.235403361134514,6.914083627742412,6.609531686131646,6.320902630517211,6.047385555184796,5.788204005902642,5.542617314976232,5.309923702434751,5.089448327265574,4.880554794497382,4.68263270088566,4.495102505071266,4.317416098315982,4.14905289840147,3.9895146806115513,3.8383332062695215,3.6950579395773886,3.5592722941071737,3.430572277212582,3.3085767040320997,3.1929282126816845,3.0832847343820946,2.9793229584205814,2.8807385227402187,2.7872411674577786,2.6985589206647997,2.6144284010941603,2.5346092866973753,2.458867296938546,2.386983435497652,2.318751560545172,2.253970755435309,2.192460226318343,2.1340424434638643,2.078552644806384,2.025828584079584,1.975725973289988,1.9281024365788109,1.882824581998305,1.8397658418463647,1.7988046849858987,1.7598272264982115],"smearing":"DFTK.Smearing.Gaussian()","ndiag":[1,1,1,1,1,1,1,1,1,1,1,1,1,1,1,1,1,1,1,1,1,1,1,1,1,1,1,1,1,1,1,1,1,1,1,1,1,1,1,1,1,1,1,1,1,1,1,1,1,1,1,1,1,1,1,1,1,1,1,1,1,1,1,1,1,1,1,1,1,1,1,1,1,1,1,1,1,1,1,1,1,1,1,1,1,1,1,1,1,1,1,1,1,1,1,1,1,1,1],"fft_size":[50,50,50],"kwargs":"Base.Iterators.Pairs{Symbol, DFTK.AndersonAcceleration, Tuple{Symbol}, NamedTuple{(:acceleration,), Tuple{DFTK.AndersonAcceleration}}}(:acceleration => DFTK.AndersonAcceleration(0, Any[], Any[], 1.0e6))","n_kirred":168,"damping":"DFTK.FixedDamping(0.05)","type":"potmix"}