{"done":true,"kgrid":[13,13,13],"use_diis":[false,false,false,false,false,false,false,false,false,false,false,false,false,false,false,false,false,false,false,false,false,false,false,false,false,false,false,false,false,false,false,false,false,false,false,false,false,false,false,false,false,false,false,false,false,false,false,false,false,false,false,false,false,false,false,false,false,false,false,false,false,false,false,false,false,false,false,false,false,false,false,false,false,false,false,false,false,false,false,false,false,false,false,false,false,false,false,false,false,false,false,false,false,false,false,false,false,false,false],"mixing":"KerkerMixing(0.8, 0.0)","temperature":0.01,"Ecut":45.0,"lattice":[[0.0,5.502882474910242,5.502882474910242],[5.502882474910242,0.0,5.502882474910242],[5.502882474910242,5.502882474910242,0.0]],"n_electr":49,"n_bands":59,"α":[0.1,0.1,0.1,0.1,0.1,0.1,0.1,0.1,0.1,0.1,0.1,0.1,0.1,0.1,0.1,0.1,0.1,0.1,0.1,0.1,0.1,0.1,0.1,0.1,0.1,0.1,0.1,0.1,0.1,0.1,0.1,0.1,0.1,0.1,0.1,0.1,0.1,0.1,0.1,0.1,0.1,0.1,0.1,0.1,0.1,0.1,0.1,0.1,0.1,0.1,0.1,0.1,0.1,0.1,0.1,0.1,0.1,0.1,0.1,0.1,0.1,0.1,0.1,0.1,0.1,0.1,0.1,0.1,0.1,0.1,0.1,0.1,0.1,0.1,0.1,0.1,0.1,0.1,0.1,0.1,0.1,0.1,0.1,0.1,0.1,0.1,0.1,0.1,0.1,0.1,0.1,0.1,0.1,0.1,0.1,0.1,0.1,0.1,0.1],"energies":[-292.8700496342861,-301.0033202008483,-308.50158136397044,-315.65679216379493,-325.6190599195553,-330.62878347574116,-332.04168475472403,-332.64897483395026,-332.94189350956975,-333.08149550606066,-333.1507709932005,-333.18844929886995,-333.21097656865845,-333.22583976592136,-333.23653043311907,-333.2447376379802,-333.25132625411106,-333.25677474083415,-333.261369353181,-333.26529522983236,-333.26868101504823,-333.2716215927371,-333.27419019578053,-333.27644523584854,-333.27843422940555,-333.2801964615074,-333.28176466299647,-333.2831663618097,-333.28442476655624,-333.28555955928846,-333.28658742940274,-333.28752258988226,-333.28837715367973,-333.28916147428026,-333.2898843952091,-333.290553530798,-333.2911754179576,-333.2917557216911,-333.2922993501906,-333.2928105816146,-333.29329315327266,-333.29375034380627,-333.29418503736946,-333.2945997769039,-333.29499680172046,-333.29537808210176,-333.2957453515831,-333.2961001218877,-333.29644370125266,-333.2967772149726,-333.2971016059304,-333.29741765655325,-333.2977259863481,-333.29802707273615,-333.29832124709793,-333.29860871725043,-333.2988895685935,-333.2991637816362,-333.2994312413218,-333.29969175638223,-333.29994507583126,-333.3001909027215,-333.30042891548084,-333.30065879100005,-333.3008802180774,-333.30109291754195,-333.3012966606393,-333.3014912774614,-333.3016766728241,-333.30185282799465,-333.3020198056985,-333.3021777476522,-333.3023268715822,-333.3024674607209,-333.3025998563823,-333.30272444289903,-333.30284164025215,-333.3029518861311,-333.3030556298666,-333.3031533210536,-333.3032453985866,-333.3033322875188,-333.3034143903816,-333.3034920867844,-333.3035657282794,-333.30363563996633,-333.30370211805104,-333.30376543238236,-333.3038258268877,-333.3038835208195,-333.3039387111693,-333.3039915738415,-333.3040422660378,-333.30409092811243,-333.3041376847738,-333.3041826474799,-333.30422591541253,-333.3042675770001,-333.3043077114806],"residuals":[626.3202166913107,545.4799838321065,468.69794269896323,389.272620892571,243.8717761230525,144.83279649289773,100.35161262205624,71.05818515762795,52.98819087525662,43.809069711094665,38.85405394273387,35.47666603910454,32.68554083110825,30.09697382793985,27.60454482588291,25.206163421400966,22.929938311795457,20.80183206885833,18.837118781854915,17.040187078726568,15.407678026909755,13.931471883189456,12.600988555608225,11.404580869829182,10.330494083329777,9.367289901119877,8.504253616831246,7.731375503090587,7.039538529706827,6.420370679545118,5.866340535780337,5.370597833384605,4.927000682134879,4.5299945848507805,4.174644992496819,3.8564609862802364,3.5714839909615206,3.316125161847263,3.087215234815383,2.8818945842381094,2.6976204054997495,2.5321327783901424,2.38340346841598,2.2496310968847824,2.1292011265803006,2.020704998542833,1.9228454546571099,1.8344819139037458,1.7546143159804668,1.6823009490407907,1.6167541143881048,1.5571959054058655,1.5029944151015007,1.4535016061075072,1.4081901911690005,1.3665370076071903,1.3280757606984053,1.2923883432619554,1.2590795192174318,1.227801151224458,1.1982355038065526,1.1700940327673737,1.1431372364042196,1.1171475289565402,1.0919481784107665,1.0673853675235054,1.0433508715030262,1.0197608682970856,0.9965509182712411,0.9736966338808536,0.9511820886361686,0.92901522356471,0.9072126118783425,0.8858057487282156,0.8648305716154734,0.8443241261433541,0.8243258077310788,0.8048729236971863,0.7859985451314535,0.7677284805256297,0.7500864149688197,0.7330860823676008,0.7167374418571828,0.701039998235744,0.6859885380062618,0.6715741285973029,0.6577791890944709,0.644585409752333,0.6319639297685237,0.6198912650046797,0.6083343734805238,0.5972636562594659,0.5866434500962762,0.5764408839546764,0.5666226416251059,0.5571545321585084,0.5480052821890635,0.539142177960361,0.5305353495858329],"smearing":"DFTK.Smearing.Gaussian()","ndiag":[1,1,1,1,1,1,1,1,1,1,1,1,1,1,1,1,1,1,1,1,1,1,1,1,1,1,1,1,1,1,1,1,1,1,1,1,1,1,1,1,1,1,1,1,1,1,1,1,1,1,1,1,1,1,1,1,1,1,1,1,1,1,1,1,1,1,1,1,1,1,1,1,1,1,1,1,1,1,1,1,1,1,1,1,1,1,1,1,1,1,1,1,1,1,1,1,1,1,1],"fft_size":[50,50,50],"kwargs":"Base.Iterators.Pairs{Symbol, DFTK.AndersonAcceleration, Tuple{Symbol}, NamedTuple{(:acceleration,), Tuple{DFTK.AndersonAcceleration}}}(:acceleration => DFTK.AndersonAcceleration(0, Any[], Any[], 1.0e6))","n_kirred":168,"damping":"DFTK.FixedDamping(0.1)","type":"potmix"}