{"done":true,"kgrid":[6,6,1],"mixing":"KerkerMixing(0.8, 0.0)","temperature":0.001,"Ecut":20.0,"lattice":[[7.653390804734369,0.0,0.0],[0.0,7.653390804734369,0.0],[0.0,0.0,145.414425289953]],"n_electr":120,"n_bands":72,"α":[0.8,0.8,0.8501266577055799,0.8501266577055799,1.0,1.0,1.0,1.0,1.0,1.0,1.0,1.0,1.0,1.0,1.0,1.0,1.0,1.0,1.0,1.0,1.0,1.0,1.0,1.0,1.0,1.0,1.0,1.0,1.0,1.0,1.0,1.0,1.0,1.0,1.0,1.0,1.0,1.0,1.0,1.0,1.0,1.0,1.0,1.0,-0.95,0.95,1.0,1.0,1.0,1.0,1.0,1.0,1.0,1.0,1.0,1.0,1.0,1.0,1.0,1.0,1.0,1.0,1.0,0.25,0.25,0.25,-0.95,0.2375,0.059375,0.05,0.05,0.05,0.2,0.2,0.2,0.2,1.0,1.0,1.0,1.0,0.25,0.25,0.25,0.25,0.25,0.25,0.25,1.0,0.25,0.0625,0.2,1.0,1.0,0.25,0.25,0.15656450685550344,0.05,0.05,0.05],"energies":[-81.69398023098177,-82.88614067737855,-82.78590891707893,-82.87981376331261,-82.87973915289055,-82.8851260747893,-82.89110365738065,-82.89485110186266,-82.89657670067923,-82.8972924144808,-82.8978740484844,-82.89826148324413,-82.89859682925055,-82.89875657240115,-82.8987957431975,-82.8988431040309,-82.89896305969057,-82.89887331295024,-82.8994453727639,-82.89942451533791,-82.89940605563167,-82.89956471622028,-82.89932219983478,-82.89956093723765,-82.89965493742113,-82.89941766679058,-82.89948969824742,-82.89963355383681,-82.8998290230654,-82.89955442946639,-82.89969572093321,-82.90012301515712,-82.9001552717357,-82.90016540819103,-82.89988470319703,-82.89995139038075,-82.90007238178929,-82.90017657558704,-82.90087580629898,-82.90087494847694,-82.90087332350787,-82.90084424247081,-82.90080190373622,-82.9007636256177,-82.90084768758425,-82.9008675556239,-82.90092947733527,-82.90038537238084,-82.900301629941,-82.90049470107245,-82.9004922774028,-82.9004370041513,-82.90046817200403,-82.90046309757822,-82.90048392451712,-82.90044721606893,-82.90042782458131,-82.90044761189874,-82.90045608742771,-82.90046525189892,-82.90047203517004,-82.9004621586145,-82.90048868871006,-82.90047543192074,-82.90048732197414,-82.90054883873107,-82.90060093785353,-82.90059545958913,-82.90060928281588,-82.9006051728296,-82.90058322273478,-82.90055782611529,-82.90060224504882,-82.90061090803546,-82.90054208515559,-82.90058373692708,-82.90064339427059,-82.90077111127275,-82.90055608049656,-82.90063165066243,-82.90063106777652,-82.90053586646454,-82.90045609551446,-82.90046854317785,-82.90056896656299,-82.9006193008157,-82.90070621175136,-82.9007727790415,-82.90076527598168,-82.90070482819281,-82.9007477131582,-82.90076808349816,-82.90081324243161,-82.90075217718189,-82.90028621996609,-82.90024846099107,-82.90018887969573,-82.90012664777795,-82.90000495531456],"residuals":[591.539879692273,26.726733768479367,197.7898658380569,93.49755146470204,94.33889571744241,83.55657857102693,69.21394870697496,57.90077179720851,51.55875808709095,48.56788519086926,45.92081095351668,44.00408672792205,42.25387361549983,41.37450663694235,41.09217682870199,40.81833413611846,40.146809768037684,40.591389716627,36.96634784054093,37.08895229457593,37.191487052775834,36.03937228348925,37.631512698405075,35.748080169683064,35.02876458276024,36.74250180963226,36.00663931140385,35.0346588280211,33.559966424076336,35.74665550548221,34.61976271090557,31.110409545873562,30.831996883414,30.74294212780406,33.182360803553955,32.63204620027023,31.646868080326747,30.740838586124063,23.421574878848503,23.42386889152425,23.439826524423275,23.758607389320915,24.325977336943314,24.790091454279096,23.759754573122827,23.463346868169225,22.56062957187908,28.71306040282549,29.501703282920822,27.479920036478035,27.514776307245285,28.120773905259927,27.800736995867297,27.841865163014788,27.60808878614477,27.98889523399207,28.15880610112739,27.94360795212209,27.742520075068466,27.599263254430348,27.4701497228532,27.49341194913796,27.17154725877472,27.180936767655698,26.845927312027268,26.17007994819075,25.71876324067197,25.69484809141737,25.05785981798337,24.59040224067322,24.38089810414677,24.185576426063133,25.409141441583714,25.501752069400503,26.318319806402275,25.947676223731644,25.3215461431107,23.924865095099637,26.216719634616595,25.404308197245122,25.358063948479757,25.993488713971242,26.675495842735266,26.84329042740067,25.972366351539467,25.390362571498475,24.532582011637086,23.662753481437274,23.68413797339548,24.106307355546065,23.595886090288396,23.24326224030158,23.343654477252155,24.00659670029138,28.191967818943667,28.425924612886437,28.836421959031775,29.302608027933555,29.99039382991427],"smearing":"DFTK.Smearing.Gaussian()","ndiag":[1,1,1,1,1,1,1,1,1,1,1,1,1,1,1,1,1,1,1,1,1,1,1,1,1,1,1,1,1,1,1,1,1,1,1,1,1,1,1,1,1,1,1,1,2,1,1,1,1,1,1,1,1,1,1,1,1,1,1,1,1,1,1,3,1,1,2,3,3,3,3,3,1,1,1,1,1,1,1,1,3,1,1,1,1,1,1,1,3,3,1,1,1,3,1,3,3,3,3],"fft_size":[25,25,450],"kwargs":"Base.Iterators.Pairs{Union{}, Union{}, Tuple{}, NamedTuple{(), Tuple{}}}()","n_kirred":10,"damping":"DFTK.AdaptiveDamping(0.05, 1.0, 0.8, 0.2, 1.1, 0.1)","type":"potmix"}