{"done":true,"kgrid":[6,6,1],"mixing":"KerkerMixing(0.8, 0.0)","temperature":0.001,"Ecut":20.0,"lattice":[[7.653390804734369,0.0,0.0],[0.0,7.653390804734369,0.0],[0.0,0.0,145.414425289953]],"n_electr":120,"n_bands":72,"α":[0.8,0.8,0.8501028864771695,0.8501028864771695,1.0,1.0,1.0,1.0,1.0,1.0,1.0,1.0,1.0,1.0,1.0,1.0,1.0,1.0,1.0,1.0,1.0,1.0,1.0,1.0,1.0,1.0,1.0,1.0,1.0,1.0,1.0,1.0,1.0,1.0,1.0,1.0,-0.95,0.95,1.0,1.0,1.0,1.0,1.0,1.0,1.0,1.0,1.0,1.0,-0.95,0.95,1.0,-0.95,0.95,-0.95,0.95,1.0,1.0,1.0,1.0,1.0,1.0,1.0,1.0,1.0,1.0,1.0,1.0,1.0,1.0,1.0,1.0,1.0,1.0,1.0,1.0,1.0,1.0,0.25,0.5,0.125,0.125,0.5,0.5,0.5,0.125,0.5,0.125,0.125,0.5,0.5,0.5,0.5,0.5,0.5,0.5,0.5,0.5,0.125,0.5],"energies":[-81.69398023098263,-82.88613625332393,-82.78587667460137,-82.87983459496719,-82.87966708297414,-82.88532693502627,-82.8912706932349,-82.89498339632249,-82.89661830815837,-82.89731613236519,-82.8979005587044,-82.89821666951698,-82.8985930603414,-82.8987508071645,-82.89879266949748,-82.8988512352127,-82.89896351626489,-82.89885968470026,-82.89946510920358,-82.89943517650532,-82.8994109042845,-82.8995013095747,-82.89938688355784,-82.89950415840686,-82.8998153043563,-82.89956290790401,-82.89962316557158,-82.89952842655754,-82.89992185237499,-82.89971682149717,-82.89974457290192,-82.89973871627966,-82.89976514197042,-82.89973965814414,-82.89977973341611,-82.89985478546771,-82.89989567034115,-82.89987904630726,-82.90050598274942,-82.90020164616853,-82.90021596893324,-82.90009343661637,-82.90030749596698,-82.90027120917456,-82.90041015365507,-82.90062569911058,-82.90066592268809,-82.90045430840432,-82.90047025649184,-82.9001414065999,-82.90032060440598,-82.90032782505838,-82.90048572710141,-82.9005789629863,-82.90036802560658,-82.90047585421374,-82.90029817406696,-82.90031607637064,-82.90031108904888,-82.90054776466806,-82.9006888805858,-82.9008303949452,-82.9007233388257,-82.90041464825636,-82.90044550969573,-82.90047637794322,-82.9005689571021,-82.90050353245545,-82.90051230250432,-82.90055282903538,-82.90065851953302,-82.90070961435647,-82.90072911255436,-82.90074045987959,-82.90068650620529,-82.90064813343308,-82.90063213174363,-82.90063101450974,-82.90060753680038,-82.9005140415203,-82.90042782742682,-82.9003385994167,-82.90038616958111,-82.90035537859141,-82.9003424500064,-82.90036434127734,-82.90035365795215,-82.90032920202883,-82.90030185368758,-82.90030520594541,-82.90037845025114,-82.90041989987591,-82.90047123202696,-82.90056420953228,-82.90060432438598,-82.90062441451283,-82.90064961777615,-82.90063685684191,-82.89974684522583],"residuals":[591.5398796921013,26.730360171235173,197.81719576734994,93.4580741585335,94.483343362322,83.11663683105502,68.76091320633813,57.447533325065194,51.39154680305594,48.46335570392091,45.794583537646574,44.23064053846964,42.27362066845659,41.40799699306826,41.10901593322722,40.77570384428438,40.147431241882416,40.668048014445176,36.84510112822395,37.025369740469515,37.165610575292085,36.48133611125597,37.174405957276136,36.23541876416981,33.86226794035627,35.73030966234549,35.24326901379865,35.96307582149204,32.87569320682229,34.538725435075506,34.30331831010444,34.352804345546716,34.1154513225368,34.01806605537953,33.89965510982986,33.272065921647254,33.06048077796567,33.12650298897747,27.831974778953835,30.593686890123912,30.48537338629061,31.470320228317163,29.546010969281287,29.8627231567394,28.569695909941913,25.881730656850415,25.441348130169516,27.719043082020512,27.651133573809677,30.742023479490662,29.164377131631046,29.358567878686614,27.257767519608226,26.45565232384322,28.302555663360703,27.340270744440698,28.989564379764502,28.889966347964943,28.932423140303758,26.374301763505212,24.69280711157788,22.846412305620248,24.267931427762893,27.79793683936457,27.50619479097579,27.204803388236382,26.36261706228713,26.959916980135358,26.883007024346163,26.408851091189835,24.930950941690348,24.59491063092542,24.38409178534886,24.25017813328735,24.5926430522992,24.994559476118468,24.442893077101772,24.364839722726426,24.08279889444694,24.039157356920168,24.133666010418168,24.43872672841779,24.294812224829975,24.35217406882906,24.23941789342972,24.267683278812726,24.25065771441962,24.230191682149133,24.392493528192695,24.015391386806435,23.623987145147726,22.98993997793256,22.313391956712522,20.997012944877387,20.81784926620736,20.592373284866028,19.83811628697345,19.698889527976807,19.789513990135923],"smearing":"DFTK.Smearing.Gaussian()","ndiag":[1,1,1,1,1,1,1,1,1,1,1,1,1,1,1,1,1,1,1,1,1,1,1,1,1,1,1,1,1,1,1,1,1,1,1,1,2,1,1,1,1,1,1,1,1,1,1,1,2,1,1,2,1,2,1,1,1,1,1,1,1,1,1,1,1,1,1,1,1,1,1,1,1,1,1,1,1,3,1,3,3,1,1,1,3,1,3,3,1,1,1,1,1,1,1,1,1,3,1],"fft_size":[25,25,450],"kwargs":"Base.Iterators.Pairs{Union{}, Union{}, Tuple{}, NamedTuple{(), Tuple{}}}()","n_kirred":10,"damping":"DFTK.AdaptiveDamping(0.125, 1.0, 0.8, 0.5, 1.1, 0.1)","type":"potmix"}