{"done":true,"kgrid":[6,6,1],"mixing":"KerkerMixing(0.8, 0.0)","temperature":0.001,"Ecut":20.0,"lattice":[[7.653390804734369,0.0,0.0],[0.0,7.653390804734369,0.0],[0.0,0.0,145.414425289953]],"n_electr":120,"n_bands":72,"α":[0.7,0.7,0.7,0.7,0.7,0.7,0.7,0.7,0.7,0.7,0.7,0.7,0.7,0.7,0.7,0.7,0.7,0.7,0.7,0.7,0.7,0.7,0.7,0.7,0.7,0.7,0.7,0.7,0.7,0.7,0.7,0.7,0.7,0.7,0.7,0.7,0.7,0.7,0.7,0.7,0.7,0.7,0.7,0.7,0.7,0.7,0.7,0.7,0.7,0.7,0.7,0.7,0.7,0.7,0.7,0.7,0.7,0.7,0.7,0.7,0.7,0.7,0.7,0.7,0.7,0.7,0.7,0.7,0.7,0.7,0.7,0.7,0.7,0.7,0.7,0.7,0.7,0.7,0.7,0.7,0.7,0.7,0.7,0.7,0.7,0.7,0.7,0.7,0.7,0.7,0.7,0.7,0.7,0.7,0.7,0.7,0.7,0.7,0.7],"energies":[-81.69398023098177,-82.87880054127763,-82.83114200357527,-82.87803356462739,-82.87968081800481,-82.88262709233013,-82.88726790575522,-82.891380077054,-82.89388445859505,-82.89569489745276,-82.89664807579999,-82.8972333066129,-82.89772912036348,-82.8980822006065,-82.89837759235655,-82.89851962431095,-82.89860138770904,-82.8987522358961,-82.89891390077825,-82.89887140106842,-82.8987404908119,-82.8986904293311,-82.89902351921694,-82.8989216601731,-82.89882032224925,-82.89857745234536,-82.8984585378256,-82.89856255960309,-82.89846551237943,-82.89837758269714,-82.89840438721731,-82.89853693421566,-82.89854758427991,-82.89871899486373,-82.89874005744403,-82.89875670375955,-82.89877285559487,-82.89872055632323,-82.89859129133657,-82.89873404279247,-82.89896027240516,-82.89870198992627,-82.89876586617146,-82.89890956593007,-82.89913116485098,-82.89915385876463,-82.89915236801585,-82.89896403721946,-82.89901144237702,-82.89898310728798,-82.89901687659014,-82.89902166174774,-82.89921280869575,-82.89928369147181,-82.89936404353804,-82.89930001241312,-82.89968887773132,-82.89972978303615,-82.89972063840665,-82.89991231967873,-82.8999647646585,-82.89999366207283,-82.90016028708493,-82.8999831431183,-82.90019988418955,-82.90021362924,-82.90005274514168,-82.9001126448844,-82.90013008179527,-82.90020968108898,-82.90037571199615,-82.90038794169065,-82.9004464712036,-82.90080182300545,-82.90079949451841,-82.9005922097508,-82.9005610560847,-82.90062570765922,-82.90057681906829,-82.90061704107596,-82.90075819153242,-82.90058846482327,-82.90087031416338,-82.90099081163777,-82.90077647781703,-82.90071593471399,-82.90057749995891,-82.9009241713514,-82.90073007202642,-82.90065749716517,-82.90066722496148,-82.9007692481652,-82.90089288303085,-82.90079550074113,-82.90082333147738,-82.90071495492855,-82.90065008442357,-82.9005765641424,-82.90048788171713],"residuals":[591.5398796916154,73.20633421268927,158.42363425658496,97.10995676967035,94.31177190684589,88.67489750642332,78.74421069962578,68.4499046449214,61.07891651170561,54.930703444154055,51.27820266865272,48.84245349145335,46.629629483121995,44.94919291195001,43.46115863874992,42.72802978772567,42.29483740426669,41.422259597190575,40.475915478009306,40.69645258175068,41.39869104637225,41.66632814479217,39.612103137571545,40.18315528370614,40.76826233329804,41.99256134919931,42.557405146519365,42.032482563221244,42.346944453559814,42.589966891002035,42.462235800483995,41.7336463604524,41.85429368828875,41.00526313250119,40.925533636997855,40.86206822467624,40.83235826477519,41.07216950711711,41.607062275284186,40.875290794234516,39.667700951254865,40.853501142953775,40.53258691676372,39.68457108651064,38.373490505970196,38.168357489961245,38.17627023431339,39.23721443415644,38.871949206422606,39.01601919855785,38.84223903387175,38.77649377515394,37.42414114058811,36.95230785929104,36.50682175920076,36.96719250788855,34.38085542141408,34.13511897889811,34.20412808924201,32.91425035380573,32.478620227581764,32.19689019973299,30.69842255613019,32.096222691164556,30.20712537387553,30.11187833606798,31.45379918314692,30.89176037157431,30.564801162192857,29.30141543953759,27.781291035047264,27.814115343026184,27.607845607366958,23.475033089739952,23.303047340344555,26.42008054134976,26.569443268178734,26.006858886631466,26.437250983226317,25.96405023804971,23.84373908524698,25.41731538318326,23.216122143033587,21.888832410459173,24.35453232417026,24.393198026980098,25.303393067788917,21.679199840729446,23.950657093145132,24.564551272221888,24.201089604063696,23.250783984206173,20.704529613966073,21.145251248501825,20.90792808589696,21.7574014148,21.037127731220824,21.937090448452572,22.68089770008312],"smearing":"DFTK.Smearing.Gaussian()","ndiag":[1,1,1,1,1,1,1,1,1,1,1,1,1,1,1,1,1,1,1,1,1,1,1,1,1,1,1,1,1,1,1,1,1,1,1,1,1,1,1,1,1,1,1,1,1,1,1,1,1,1,1,1,1,1,1,1,1,1,1,1,1,1,1,1,1,1,1,1,1,1,1,1,1,1,1,1,1,1,1,1,1,1,1,1,1,1,1,1,1,1,1,1,1,1,1,1,1,1,1],"fft_size":[25,25,450],"kwargs":"Base.Iterators.Pairs{Union{}, Union{}, Tuple{}, NamedTuple{(), Tuple{}}}()","n_kirred":10,"damping":"DFTK.FixedDamping(0.7)","type":"potmix"}