{"done":true,"kgrid":[6,6,1],"mixing":"KerkerMixing(0.8, 0.0)","temperature":0.001,"Ecut":20.0,"lattice":[[7.653390804734369,0.0,0.0],[0.0,7.653390804734369,0.0],[0.0,0.0,145.414425289953]],"n_electr":120,"n_bands":72,"α":[0.1,0.1,0.1,0.1,0.1,0.1,0.1,0.1,0.1,0.1,0.1,0.1,0.1,0.1,0.1,0.1,0.1,0.1,0.1,0.1,0.1,0.1,0.1,0.1,0.1,0.1,0.1,0.1,0.1,0.1,0.1,0.1,0.1,0.1,0.1,0.1,0.1,0.1,0.1,0.1,0.1,0.1,0.1,0.1,0.1,0.1,0.1,0.1,0.1,0.1,0.1,0.1,0.1,0.1,0.1,0.1,0.1,0.1,0.1,0.1,0.1,0.1,0.1,0.1,0.1,0.1,0.1,0.1,0.1,0.1,0.1,0.1,0.1,0.1,0.1,0.1,0.1,0.1,0.1,0.1,0.1,0.1,0.1,0.1,0.1,0.1,0.1,0.1,0.1,0.1,0.1,0.1,0.1,0.1,0.1,0.1,0.1,0.1,0.1],"energies":[-81.69398023098177,-82.00341731083893,-82.89057415037712,-82.88957403721759,-82.89213500768838,-82.87415261944332,-82.87384095278799,-82.8769095811237,-82.87953174926336,-82.88203082229015,-82.88317626316991,-82.88486478027393,-82.88658049540115,-82.88859903681225,-82.89051616139085,-82.89185293278064,-82.89258130107099,-82.8934177986364,-82.89409974282572,-82.89427002836872,-82.89602315607188,-82.89626181020857,-82.8963471019564,-82.89643654506483,-82.8960659419496,-82.895665713722,-82.8952956199451,-82.89505809798456,-82.89506867366127,-82.89531238723491,-82.89570971664365,-82.89607612969802,-82.89581152399815,-82.89584073674011,-82.89600945090642,-82.89580250230185,-82.89500487220434,-82.8951089934428,-82.89590297397773,-82.8958657877326,-82.89586559200161,-82.89604921285843,-82.89594974468547,-82.89605637860046,-82.89651592578673,-82.89668138330524,-82.89704501354261,-82.89699680144616,-82.89717407903093,-82.89717490599055,-82.89715092628268,-82.89718997317718,-82.89709355036123,-82.8969399319775,-82.89719335869765,-82.8965255149142,-82.89706188113333,-82.89795975031899,-82.89790119552706,-82.898002520915,-82.89869428042793,-82.89887639689749,-82.89869200227407,-82.89890463317649,-82.89877183548393,-82.89884604918672,-82.89883143587868,-82.89889725893137,-82.89899969544248,-82.89926809197075,-82.89941941658704,-82.89940719044216,-82.89909209647757,-82.89898677061649,-82.89881343557059,-82.89873665849673,-82.89844614674894,-82.89811115920936,-82.89801955155946,-82.89834329888588,-82.89847642607222,-82.89845484544958,-82.89844101691148,-82.89866404543518,-82.89857158225928,-82.89859459453399,-82.8985187472835,-82.89906609514155,-82.89838876755631,-82.8970048967001,-82.89744131427942,-82.89746791476969,-82.89772005698191,-82.89759478899516,-82.89737241239133,-82.89741002541804,-82.89732412464402,-82.89789189945519,-82.89791382849839],"residuals":[591.5398796916154,511.5155660311546,38.03282604850869,24.36978243811459,62.725320157514126,104.2925152650259,104.79905183497908,99.49272810944301,94.61857863457286,89.62240209762187,87.24479081990265,83.64839418008575,79.88595188048015,75.35267530136746,70.64454725323122,67.07129958287743,65.02698991300865,62.565386667129495,60.35401395307699,59.723526149432125,53.74085968220684,52.84806782165645,52.521986814272395,52.176634433843326,53.593207383927044,55.05899306728694,56.34943199212583,57.178999830496785,57.14631865168619,56.259841910189024,54.77741052291003,53.39728837303397,54.36107650499026,54.26157087678237,53.64396973512767,54.38002231319395,57.14289239023255,56.758664507735986,53.78556391266795,53.94357638492193,53.952206182384785,53.22577633483582,53.65002494598895,53.23768962765323,51.33229314124463,50.654775378831026,49.09829450875583,49.341290450437256,48.53554047108316,48.47274726133323,48.56516862994318,48.325076829563976,48.81632427118318,49.44542023804422,48.406320685753634,51.22047046557369,48.95980714090656,44.86952446308228,45.099048771260925,44.84706944610018,41.29586379700345,40.286615003647675,41.22255982665425,40.177285141539265,40.902070358101824,40.49733973135297,40.56574901191404,40.22559871273419,39.23201364594582,37.6864798715722,36.55237996701598,36.60684726980428,38.509393098266074,39.11609984998566,40.11308677906817,40.48471873792602,41.99750121787534,43.72939614395981,44.16121544497564,42.488057850787875,41.939159958534496,42.00829365111935,42.21712009862176,40.982549899218725,41.41954426202037,41.314536432535746,41.84018614216528,38.79243661865539,42.62387499268136,49.048152938411704,47.26498296792796,47.133615724655975,45.79268927555533,46.31321358522612,47.3620573008104,47.164080823006444,47.546387487993044,45.02249203169082,44.933746748206076],"smearing":"DFTK.Smearing.Gaussian()","ndiag":[1,1,1,1,1,1,1,1,1,1,1,1,1,1,1,1,1,1,1,1,1,1,1,1,1,1,1,1,1,1,1,1,1,1,1,1,1,1,1,1,1,1,1,1,1,1,1,1,1,1,1,1,1,1,1,1,1,1,1,1,1,1,1,1,1,1,1,1,1,1,1,1,1,1,1,1,1,1,1,1,1,1,1,1,1,1,1,1,1,1,1,1,1,1,1,1,1,1,1],"fft_size":[25,25,450],"kwargs":"Base.Iterators.Pairs{Union{}, Union{}, Tuple{}, NamedTuple{(), Tuple{}}}()","n_kirred":10,"damping":"DFTK.FixedDamping(0.1)","type":"potmix"}