{"done":true,"kgrid":[6,6,1],"mixing":"KerkerMixing(0.8, 0.0)","temperature":0.001,"Ecut":20.0,"lattice":[[7.653390804734369,0.0,0.0],[0.0,7.653390804734369,0.0],[0.0,0.0,145.414425289953]],"n_electr":120,"n_bands":72,"α":[0.5,0.5,0.5,0.5,0.5,0.5,0.5,0.5,0.5,0.5,0.5,0.5,0.5,0.5,0.5,0.5,0.5,0.5,0.5,0.5,0.5,0.5,0.5,0.5,0.5,0.5,0.5,0.5,0.5,0.5,0.5,0.5,0.5,0.5,0.5,0.5,0.5,0.5,0.5,0.5,0.5,0.5,0.5,0.5,0.5,0.5,0.5,0.5,0.5,0.5,0.5,0.5,0.5,0.5,0.5,0.5,0.5,0.5,0.5,0.5,0.5,0.5,0.5,0.5,0.5,0.5,0.5,0.5,0.5,0.5,0.5,0.5,0.5,0.5,0.5,0.5,0.5,0.5,0.5,0.5,0.5,0.5,0.5,0.5,0.5,0.5,0.5,0.5,0.5,0.5,0.5,0.5,0.5,0.5,0.5,0.5,0.5,0.5,0.5],"energies":[-81.69398023098175,-82.76201186794248,-82.86669824394181,-82.87763139063095,-82.87939987786358,-82.88157841645243,-82.88478784447854,-82.88858676821792,-82.89008007290089,-82.89292829888623,-82.89516184197318,-82.89616536197677,-82.89660495933174,-82.89691834873396,-82.89727964774976,-82.89764908648888,-82.89809743858528,-82.89830686420018,-82.89829178229832,-82.89860943600004,-82.89847439118223,-82.89814639299567,-82.8982647193169,-82.89839724763878,-82.89839321417327,-82.89836575844602,-82.89833829712325,-82.89822687285083,-82.89820486160725,-82.89809843488894,-82.89811539962864,-82.89813783136111,-82.89810427808692,-82.89807554477186,-82.89805887329963,-82.89812621527214,-82.89805056178284,-82.89795848986056,-82.89793866927914,-82.89795858887526,-82.89804002443054,-82.89809841352802,-82.89821241218347,-82.89845657348376,-82.89871256012857,-82.89870113168764,-82.89875729532974,-82.89872383854318,-82.89897164077016,-82.89895932473915,-82.89870715830097,-82.8987190974692,-82.89904959718072,-82.8988161700946,-82.89885941006918,-82.89883765797778,-82.89896737053989,-82.89917343801689,-82.89930828968922,-82.89931729335716,-82.89931931952441,-82.89920783073963,-82.89915837045076,-82.89921034765399,-82.89926611038604,-82.89924363525995,-82.8997181103274,-82.89973969525118,-82.89967418038492,-82.89957896819878,-82.89963964349374,-82.8997633733052,-82.89962360642218,-82.89964063207934,-82.89962836310909,-82.89961112210366,-82.89996878790194,-82.89988099393375,-82.89995728645506,-82.90000143333515,-82.89980683663795,-82.89986275869651,-82.9001902753465,-82.90021705094429,-82.90018058663314,-82.90023024908899,-82.90022702601881,-82.90020179790034,-82.90019853459212,-82.90019318606817,-82.90025972432464,-82.9003036424217,-82.90036022096162,-82.9003381838379,-82.90028782862133,-82.90037443972886,-82.9004616607617,-82.90059708680003,-82.90052199421663],"residuals":[591.5398796909341,205.28726495329968,115.43891382887821,98.14074188495083,94.78488935669462,90.67319974367362,84.1820241003356,75.61074105668604,71.88816733884588,64.0347774411139,56.8783128051925,53.22837011788123,51.50615813699355,50.21134445438704,48.683390371968905,47.030623156411494,44.93158218488781,43.8884920913446,43.910279624245874,42.25552964763544,42.92797130408032,44.52773940033749,43.66432422753447,42.986937343828934,43.00867286470948,43.15049452614683,43.287653583842996,43.837812700037055,43.883098516229694,44.32448516093347,43.89867555940489,43.80846086904731,43.89558510318407,44.341165924468285,44.42124636079235,44.134149078071815,44.45662645288517,44.855813838725204,44.94400577067711,44.84864122610038,44.48158223387921,44.24219937043466,43.7391825408029,42.52512753566578,41.213095595773986,41.2721163963352,40.99319087342245,41.11612954879028,39.50431269817564,39.61456572108553,41.10186468320284,41.05147942742522,39.04092087790863,40.257973965940934,39.82365336278045,40.149363883035114,39.50282893710892,38.28972339531122,37.31062280591654,37.28398886351027,37.23676769662843,38.02351541226976,38.294286810052974,37.95046928604917,37.62696763934957,37.775651406461044,34.45775326278152,34.15749595768127,34.77904972428407,35.54535876510633,35.13752389482104,34.33652528496929,35.13637562596389,35.01996461240796,34.94542565214923,35.290535910560216,32.46775115800849,32.81440721499149,31.84173920329898,31.653897066453553,33.42351049113599,33.25973205539016,30.585251541579968,30.42479172629473,30.57233299917978,29.8362213786042,29.55025153052667,28.07952763431755,28.493459313287122,28.604326804889084,27.969315805477816,27.755458694359486,27.557661729591363,28.56878027714767,29.435913221316365,28.799453287311582,28.028070159351483,26.355767903749634,26.886865083045617],"smearing":"DFTK.Smearing.Gaussian()","ndiag":[1,1,1,1,1,1,1,1,1,1,1,1,1,1,1,1,1,1,1,1,1,1,1,1,1,1,1,1,1,1,1,1,1,1,1,1,1,1,1,1,1,1,1,1,1,1,1,1,1,1,1,1,1,1,1,1,1,1,1,1,1,1,1,1,1,1,1,1,1,1,1,1,1,1,1,1,1,1,1,1,1,1,1,1,1,1,1,1,1,1,1,1,1,1,1,1,1,1,1],"fft_size":[25,25,450],"kwargs":"Base.Iterators.Pairs{Union{}, Union{}, Tuple{}, NamedTuple{(), Tuple{}}}()","n_kirred":10,"damping":"DFTK.FixedDamping(0.5)","type":"potmix"}