{"done":true,"kgrid":[6,6,1],"mixing":"KerkerMixing(0.8, 0.0)","temperature":0.001,"Ecut":20.0,"lattice":[[7.653390804734369,0.0,0.0],[0.0,7.653390804734369,0.0],[0.0,0.0,145.414425289953]],"n_electr":120,"n_bands":72,"α":[1.0,1.0,1.0,1.0,1.0,1.0,1.0,1.0,1.0,1.0,1.0,1.0,1.0,1.0,1.0,1.0,1.0,1.0,1.0,1.0,1.0,1.0,1.0,1.0,1.0,1.0,1.0,1.0,1.0,1.0,1.0,1.0,1.0,1.0,1.0,1.0,1.0,1.0,1.0,1.0,1.0,1.0,1.0,1.0,1.0,1.0,1.0,1.0,1.0,1.0,1.0,1.0,1.0,1.0,1.0,1.0,1.0,1.0,1.0,1.0,1.0,1.0,1.0,1.0,1.0,1.0,1.0,1.0,1.0,1.0,1.0,1.0,1.0,1.0,1.0,1.0,1.0,1.0,1.0,1.0,1.0,1.0,1.0,1.0,1.0,1.0,1.0,1.0,1.0,1.0,1.0,1.0,1.0,1.0,1.0,1.0,1.0,1.0,1.0],"energies":[-81.69398023098715,-82.79309585806249,-82.73338030132791,-82.88144747429631,-82.87956565012075,-82.88671170381164,-82.89204830456217,-82.89566967518624,-82.89685410081582,-82.89741751314493,-82.89800837519991,-82.89825674329947,-82.8985997328376,-82.89876071856698,-82.89881928229279,-82.89884249202848,-82.89897169481684,-82.89879435056238,-82.89964443307532,-82.89959598852593,-82.89956339400999,-82.89973468826572,-82.89959614634054,-82.89965375944365,-82.89995061985375,-82.89968490668686,-82.89971310685452,-82.89956221902591,-82.89975572116174,-82.89973911042485,-82.89981146828252,-82.89984917007449,-82.89977889414837,-82.8998445642373,-82.89978084946537,-82.8998341158662,-82.90017524420668,-82.90020785991541,-82.90003510720575,-82.89994696926884,-82.90009254442649,-82.90041140642701,-82.90032886321143,-82.9004686767073,-82.90048718204399,-82.900480200229,-82.90062130665476,-82.9004829318843,-82.9005180425674,-82.90051154996884,-82.90056900936693,-82.90052452148599,-82.9004321780894,-82.90045462785427,-82.90053737470369,-82.90053485325737,-82.90053047081355,-82.9005204113252,-82.90054331590454,-82.90057407997773,-82.90067783985539,-82.9005984140446,-82.90075831167432,-82.9008102305185,-82.9006175060635,-82.90067942515482,-82.90081895880844,-82.90097120636837,-82.90097451759829,-82.9007702993129,-82.90072837079406,-82.90069995506389,-82.90071322546606,-82.90074540299192,-82.9007581692965,-82.90077729357155,-82.90039964857608,-82.90034592066662,-82.90048361290215,-82.90067067665818,-82.90086818721765,-82.9007114586658,-82.90082164615234,-82.90088681084269,-82.90091437527887,-82.90100831689789,-82.90083000018099,-82.90063457010834,-82.90082622541335,-82.90092250952351,-82.90099822321916,-82.9010164596587,-82.90100396614899,-82.90096894208031,-82.90104967765897,-82.90095849627617,-82.90096203236325,-82.90083205129393,-82.90076531752106],"residuals":[591.5398796912318,143.00843336141247,233.8883658434522,89.97849159993154,94.71275684363404,79.98799869413419,66.57910124242984,55.00153488879859,50.4271059226084,48.012133136453826,45.27546127817371,44.0294239888096,42.23058958885399,41.34956251285492,40.97359121557805,40.83386402693371,40.107347193232336,41.04535465611359,35.65491110142543,35.97144979646158,36.173124766861505,34.832663306530044,35.800692343907876,35.30194146389286,32.926225864981795,34.94407650245921,34.6967134939257,35.788056140944974,34.27556502338301,34.36499160766237,33.6177598544697,33.225464456547364,33.950197833881944,33.21266460222446,33.87882753958843,33.26464773474315,29.62335714568937,29.29893363224896,31.26588496365323,32.27441320895672,31.176033101130873,28.4510212790029,29.11377158413589,27.750938025565816,27.497721455597105,27.56210227869133,25.979765126585217,27.321465601522085,26.89083344957527,26.969776853405396,26.309407707902345,26.777205051376807,27.84967197900554,27.57499873571718,26.500028741605938,26.56085022682699,26.60455441324016,26.755962162020072,26.45965253987628,26.072250888532725,24.42660435044534,25.68774431855574,23.408094569302943,22.622540007347983,25.520562730435643,24.631251646226055,22.685364270172528,20.37523365148562,20.315357472394506,23.48085968803634,24.087640004012243,24.452117636311154,24.31793957954874,23.706186521611546,23.710155370324028,23.431009582645643,23.95083025576402,24.04387226325353,24.528689242228086,23.18961757844741,21.67419217875208,23.224370569190768,21.267383204241092,20.583077681781234,20.98537405173279,19.285378768610187,22.131634439535343,24.236775543336027,22.161022570476277,20.979207481249627,19.907953565334275,19.67210605152759,19.86876261854171,20.357141683293694,19.067679582380663,20.446309696996995,20.386464337097536,22.02500233031525,22.7251500265053],"smearing":"DFTK.Smearing.Gaussian()","ndiag":[1,1,1,1,1,1,1,1,1,1,1,1,1,1,1,1,1,1,1,1,1,1,1,1,1,1,1,1,1,1,1,1,1,1,1,1,1,1,1,1,1,1,1,1,1,1,1,1,1,1,1,1,1,1,1,1,1,1,1,1,1,1,1,1,1,1,1,1,1,1,1,1,1,1,1,1,1,1,1,1,1,1,1,1,1,1,1,1,1,1,1,1,1,1,1,1,1,1,1],"fft_size":[25,25,450],"kwargs":"Base.Iterators.Pairs{Union{}, Union{}, Tuple{}, NamedTuple{(), Tuple{}}}()","n_kirred":10,"damping":"DFTK.FixedDamping(1.0)","type":"potmix"}