{"done":true,"kgrid":[6,6,1],"mixing":"KerkerMixing(0.8, 0.0)","temperature":0.001,"Ecut":20.0,"lattice":[[7.653390804734369,0.0,0.0],[0.0,7.653390804734369,0.0],[0.0,0.0,145.414425289953]],"n_electr":120,"n_bands":72,"α":[0.4,0.4,0.4,0.4,0.4,0.4,0.4,0.4,0.4,0.4,0.4,0.4,0.4,0.4,0.4,0.4,0.4,0.4,0.4,0.4,0.4,0.4,0.4,0.4,0.4,0.4,0.4,0.4,0.4,0.4,0.4,0.4,0.4,0.4,0.4,0.4,0.4,0.4,0.4,0.4,0.4,0.4,0.4,0.4,0.4,0.4,0.4,0.4,0.4,0.4,0.4,0.4,0.4,0.4,0.4,0.4,0.4,0.4,0.4,0.4,0.4,0.4,0.4,0.4,0.4,0.4,0.4,0.4,0.4,0.4,0.4,0.4,0.4,0.4,0.4,0.4,0.4,0.4,0.4,0.4,0.4,0.4,0.4,0.4,0.4,0.4,0.4,0.4,0.4,0.4,0.4,0.4,0.4,0.4,0.4,0.4,0.4,0.4,0.4],"energies":[-81.69398023098266,-82.65584505614473,-82.87600024570457,-82.88083976493466,-82.87858239976676,-82.87951591817792,-82.88122482448868,-82.8840721546104,-82.88792495588505,-82.88988058451262,-82.89261627303007,-82.89454964610177,-82.8956080067576,-82.89611917855571,-82.89641975635162,-82.8968204019126,-82.89714229640381,-82.89766971099482,-82.89804133641552,-82.89801552332848,-82.8981763867787,-82.898364724748,-82.89806310550404,-82.89818420733347,-82.89817946756583,-82.89837964404802,-82.89831160344264,-82.8982401162493,-82.89840211969572,-82.89842339073431,-82.89850825590526,-82.89835856037143,-82.89852238790598,-82.898509101782,-82.89828350060507,-82.89832196011314,-82.89836480620919,-82.89849521521384,-82.8986537102904,-82.89858912540785,-82.89865378918535,-82.89873367537783,-82.8988652182778,-82.89884955343135,-82.89885361230121,-82.89921158152488,-82.89920714333364,-82.89913109884382,-82.89919739062249,-82.89892952255593,-82.89898016011342,-82.89893437474937,-82.89891173510507,-82.89896444449708,-82.89894710986825,-82.89892245678183,-82.89894471452737,-82.89898740391084,-82.89901093874003,-82.89909828718314,-82.89911706694369,-82.8990753098958,-82.89903806180826,-82.89907551349872,-82.89909866681282,-82.89909043277389,-82.89908282165189,-82.89899018582196,-82.89919430437921,-82.89912334820532,-82.89902088816683,-82.89900240734255,-82.89918787490814,-82.8992164801221,-82.89923085617711,-82.8992986848799,-82.89948205341335,-82.8995091395103,-82.89957943521406,-82.89956219620215,-82.89952084470352,-82.89953304343835,-82.89950519611037,-82.89973955884703,-82.89977835158857,-82.89976037734897,-82.89988069724686,-82.9000149389976,-82.90020573145381,-82.90062106391422,-82.90046839235636,-82.90029438074815,-82.90021835754122,-82.90007863726255,-82.89997797042872,-82.8999823410411,-82.8999300628594,-82.89983211254173,-82.89975633125684],"residuals":[591.5398796916079,270.7522022479488,99.45976109037794,92.1875240059548,96.30471953103117,94.54572048200642,91.33155961566266,85.6561397437525,77.17041275854876,72.39353666068227,64.96519759067286,58.97118202552646,55.31606048717159,53.373537503944966,52.211755168322156,50.61303065672008,49.26182954504186,46.95890771438446,45.22450539497764,45.29699043060926,44.50729490695484,43.50952966776833,44.9591035644187,44.104462617587814,44.105873056233875,43.08169388118197,43.43526646343041,43.804977369009606,42.9421093504025,42.68373207087215,42.2421046761674,43.05332919519014,42.005591076811235,42.083994379414094,43.31630240868989,43.08421761541335,42.8711476286853,42.0709998498684,40.97532524639421,41.48598929549486,41.16016019275849,40.75167041910576,40.019962206570426,40.08460407950626,40.047186096971885,37.92172162447564,37.97265678042407,38.45221489319651,38.041655109186934,39.61446560457158,39.344778476030825,39.5633630299573,39.67826141308788,39.35389163537141,39.429635402422036,39.52950590021193,39.41433483816958,39.180729427726035,38.968272628196345,38.41134713197561,38.178259259552185,38.44449920445949,38.52930520461243,38.21571564117492,38.151920817013504,38.237961059373966,38.3584521162186,38.57352279349287,37.36417529190711,37.759871169280764,38.308118430410694,38.41372156536758,37.333860644654514,37.12360066362839,37.34621911872341,36.99284583377047,36.04073865496451,35.862693173996114,35.18027393276401,35.20031629151101,35.38175292100467,35.094097785371716,35.1521249913075,34.027535479829375,33.70360810667895,33.8562473363322,33.01874517151791,32.19473376468406,30.78490123415592,27.022607177119742,28.623867761831228,29.31892636677715,29.96700211942593,31.036333543007814,31.776421902433583,31.79362702964197,31.998559740731974,32.256439366928035,32.06339333869513],"smearing":"DFTK.Smearing.Gaussian()","ndiag":[1,1,1,1,1,1,1,1,1,1,1,1,1,1,1,1,1,1,1,1,1,1,1,1,1,1,1,1,1,1,1,1,1,1,1,1,1,1,1,1,1,1,1,1,1,1,1,1,1,1,1,1,1,1,1,1,1,1,1,1,1,1,1,1,1,1,1,1,1,1,1,1,1,1,1,1,1,1,1,1,1,1,1,1,1,1,1,1,1,1,1,1,1,1,1,1,1,1,1],"fft_size":[25,25,450],"kwargs":"Base.Iterators.Pairs{Union{}, Union{}, Tuple{}, NamedTuple{(), Tuple{}}}()","n_kirred":10,"damping":"DFTK.FixedDamping(0.4)","type":"potmix"}