{"done":true,"kgrid":[6,6,1],"mixing":"KerkerMixing(0.8, 0.0)","temperature":0.001,"Ecut":20.0,"lattice":[[7.653390804734369,0.0,0.0],[0.0,7.653390804734369,0.0],[0.0,0.0,145.414425289953]],"n_electr":120,"n_bands":72,"α":[0.2,0.2,0.2,0.2,0.2,0.2,0.2,0.2,0.2,0.2,0.2,0.2,0.2,0.2,0.2,0.2,0.2,0.2,0.2,0.2,0.2,0.2,0.2,0.2,0.2,0.2,0.2,0.2,0.2,0.2,0.2,0.2,0.2,0.2,0.2,0.2,0.2,0.2,0.2,0.2,0.2,0.2,0.2,0.2,0.2,0.2,0.2,0.2,0.2,0.2,0.2,0.2,0.2,0.2,0.2,0.2,0.2,0.2,0.2,0.2,0.2,0.2,0.2,0.2,0.2,0.2,0.2,0.2,0.2,0.2,0.2,0.2,0.2,0.2,0.2,0.2,0.2,0.2,0.2,0.2,0.2,0.2,0.2,0.2,0.2,0.2,0.2,0.2,0.2,0.2,0.2,0.2,0.2,0.2,0.2,0.2,0.2,0.2,0.2],"energies":[-81.69398023098537,-82.30055077239197,-82.88940083639179,-82.89509109225338,-82.87885362743849,-82.87549120063849,-82.87655249642256,-82.87776923042499,-82.88067822012803,-82.88342793618767,-82.8864061530008,-82.8887553521751,-82.89082264604197,-82.89209968771478,-82.89355952057694,-82.89514471042283,-82.89569244730303,-82.89611648226308,-82.89627168138689,-82.89644930559288,-82.89675254519335,-82.89697356584551,-82.89714658067358,-82.89732228221924,-82.89752069317797,-82.89792502734002,-82.89767683960133,-82.89747806670604,-82.89743998706946,-82.89758953509072,-82.8976766224881,-82.89767170423453,-82.89757424256888,-82.89749160369573,-82.89743340265315,-82.89749069023553,-82.89755400258032,-82.897532825732,-82.8976520711451,-82.89749274983497,-82.89752486984915,-82.89761838843708,-82.89754573351391,-82.89761655882475,-82.89755760046337,-82.89762670898376,-82.89763733644956,-82.8976325500156,-82.89768066408215,-82.89768501868132,-82.89778538167198,-82.89779086890488,-82.89781930406154,-82.89792473154333,-82.897939641902,-82.89805847535354,-82.89803340310532,-82.89819019109916,-82.89823469530285,-82.89832419096223,-82.89822753426046,-82.89815298402335,-82.89801383829057,-82.89790273770616,-82.89802441491933,-82.89799601430515,-82.89811317277089,-82.89807664553278,-82.8981158383327,-82.89817796072839,-82.89810744102702,-82.89850815229994,-82.89835237417043,-82.89830414666957,-82.89844504266637,-82.8983923909256,-82.89849432271758,-82.89873908330307,-82.89883474001712,-82.89875442835942,-82.89865980801956,-82.89869552742081,-82.89861453292451,-82.89864400616182,-82.89848464681187,-82.89846128583213,-82.89821486344991,-82.89797341363929,-82.89744656206292,-82.89770596226916,-82.89799063818633,-82.89828889494387,-82.8985549021199,-82.8980364553127,-82.89789860098087,-82.89816595610198,-82.89828704897509,-82.89805090687412,-82.89812374173549],"residuals":[591.5398796926016,419.3717346846588,61.04484753645941,46.03249176466176,95.92019365798237,101.83992035708613,99.97798653609718,97.80943939184496,92.39771155311433,86.92409886019163,80.5123083533765,75.0441304718341,69.83720273566847,66.37140423696191,62.09148423274443,56.95552729775166,55.0217421810991,53.445934926121964,52.84470933210401,52.15037922187366,50.93926330989659,50.03290814273281,49.298582787559766,48.533175326028626,47.65665248994292,45.82035351760072,46.9319272303822,47.71335114966325,47.65288712246718,46.987377069953666,46.60696430445722,46.640484784357334,47.066094619454674,47.35487964694009,47.604536894281274,47.08118175694875,46.80546494993309,46.898177579501606,46.30418048309296,47.209549815872805,47.05284919408901,46.46500267091541,46.738749770124,46.446783294599875,46.662670475663646,46.451937988872714,46.44639832950491,46.47478934305321,46.29179767345254,46.294430296426924,45.74034525887022,45.690541066175754,45.51460391684144,45.035447336256574,44.967120507926886,44.44173552422535,44.536147451471926,43.745648613997034,43.56332025490231,43.144610919573715,43.6543508171356,43.957189887605445,44.61440412995324,45.12062659338129,44.511689783895086,44.650849830744654,44.12127112361867,44.32521057639215,44.06062344677622,43.86415853209195,44.12783469436059,42.01874427751223,42.684061183055384,42.80360870366606,42.019892884401635,42.225024883358344,41.60309872885146,40.33721730701419,39.11587039627327,39.74440390198823,40.172272952555616,40.170080651848025,40.7408115426093,40.54685240078069,41.16807428435941,41.23557777933975,42.250591853502165,43.06844220867128,45.74689601977078,44.920714215239045,43.551324938322765,42.134247757825214,41.08616588468272,43.950310394113004,44.56560875635465,43.29298181871916,42.68581059933584,43.91547627565514,43.627852700580945],"smearing":"DFTK.Smearing.Gaussian()","ndiag":[1,1,1,1,1,1,1,1,1,1,1,1,1,1,1,1,1,1,1,1,1,1,1,1,1,1,1,1,1,1,1,1,1,1,1,1,1,1,1,1,1,1,1,1,1,1,1,1,1,1,1,1,1,1,1,1,1,1,1,1,1,1,1,1,1,1,1,1,1,1,1,1,1,1,1,1,1,1,1,1,1,1,1,1,1,1,1,1,1,1,1,1,1,1,1,1,1,1,1],"fft_size":[25,25,450],"kwargs":"Base.Iterators.Pairs{Union{}, Union{}, Tuple{}, NamedTuple{(), Tuple{}}}()","n_kirred":10,"damping":"DFTK.FixedDamping(0.2)","type":"potmix"}