{"done":true,"kgrid":[6,6,1],"mixing":"KerkerMixing(0.8, 0.0)","temperature":0.001,"Ecut":20.0,"lattice":[[7.653390804734369,0.0,0.0],[0.0,7.653390804734369,0.0],[0.0,0.0,145.414425289953]],"n_electr":120,"n_bands":72,"α":[0.3,0.3,0.3,0.3,0.3,0.3,0.3,0.3,0.3,0.3,0.3,0.3,0.3,0.3,0.3,0.3,0.3,0.3,0.3,0.3,0.3,0.3,0.3,0.3,0.3,0.3,0.3,0.3,0.3,0.3,0.3,0.3,0.3,0.3,0.3,0.3,0.3,0.3,0.3,0.3,0.3,0.3,0.3,0.3,0.3,0.3,0.3,0.3,0.3,0.3,0.3,0.3,0.3,0.3,0.3,0.3,0.3,0.3,0.3,0.3,0.3,0.3,0.3,0.3,0.3,0.3,0.3,0.3,0.3,0.3,0.3,0.3,0.3,0.3,0.3,0.3,0.3,0.3,0.3,0.3,0.3,0.3,0.3,0.3,0.3,0.3,0.3,0.3,0.3,0.3,0.3,0.3,0.3,0.3,0.3,0.3,0.3,0.3,0.3],"energies":[-81.69398023098357,-82.51458163610702,-82.88158082186554,-82.88758990806568,-82.87743781979842,-82.8773234411326,-82.87934193402972,-82.88123810989761,-82.88469898020826,-82.8884580973272,-82.88955256541979,-82.8917737023852,-82.8934514713217,-82.89474854971282,-82.89555383195685,-82.89627273125649,-82.89647452880294,-82.89670653162524,-82.89691531958496,-82.89718410601344,-82.89736386609627,-82.8976655533315,-82.89780449967107,-82.89814611813196,-82.89800181497529,-82.89803319008537,-82.89816481859036,-82.89818619156713,-82.89840679906574,-82.89840138898438,-82.89835213658131,-82.89828780029949,-82.89863816529207,-82.89839986356243,-82.89845592125097,-82.8984572181408,-82.89845808025412,-82.89834661711879,-82.89825999434248,-82.89827304277024,-82.89831642362667,-82.89830707988428,-82.89826886371948,-82.89827432315421,-82.89825393290796,-82.89830798688806,-82.89831259282694,-82.89836750079095,-82.89835764945558,-82.89833634958762,-82.89836332345615,-82.89831816713767,-82.89833093597235,-82.89833155135189,-82.8985204272113,-82.8985421309968,-82.89860303113112,-82.89868412770475,-82.8988635470929,-82.89888906797727,-82.89887932474302,-82.8988577694862,-82.89901497174563,-82.89902923904613,-82.899042361942,-82.8990474558228,-82.89898403850344,-82.89898066202905,-82.89899069973798,-82.89923322797631,-82.89926770539941,-82.8993026399054,-82.89928403804178,-82.89911463777563,-82.89918700074317,-82.89917152912564,-82.89915507535345,-82.89916296176925,-82.89917237470613,-82.89920359707486,-82.89933650002237,-82.89934077083231,-82.89934436925228,-82.89923418471662,-82.89935837082942,-82.89935133011818,-82.89930212242125,-82.89928773036061,-82.89921747533762,-82.89944022789618,-82.8995012864016,-82.89962546451433,-82.89962748156114,-82.89943190010261,-82.89929892658371,-82.89928076554538,-82.8994178159833,-82.89958406097537,-82.89983974818766],"residuals":[591.5398796919384,337.688225647913,86.78430708087525,76.87218759469629,98.37286839847756,98.49936680358742,94.8498675649556,91.30116857044054,84.330185457646,75.89237954738698,73.20719759399364,67.35002665811052,62.460159726379295,58.27703226305944,55.48371620774221,52.82043376040701,52.03516148801888,51.104136081455025,50.2570165005226,49.13655040797907,48.31149769178287,46.96249691111137,46.30925861662092,44.670553916515885,45.33327315530996,45.15377551954721,44.216998509691464,44.11552251968783,43.002521383818696,43.03980052759726,43.296434661435704,43.6687379372146,41.625919098173874,42.95750801878181,42.62715101056872,42.59877832249598,42.60219642969256,43.23297996602352,43.60339933230961,43.4281071426496,43.203526266357635,43.16444175027496,43.38729319735261,43.27092409774692,43.36092340363549,43.06100721184733,42.95990092840048,42.70483368700242,42.74090722712572,42.85860888798069,42.70548999340946,42.83706018361641,42.81273715634694,42.73539012835873,41.314708638572974,41.30624931350246,41.13311157895106,40.777356101085275,39.61966400865845,39.439962637499626,39.43396782352279,39.771887652020716,38.84054278145602,38.7621816617337,38.525489634438664,38.55284450266545,38.9108442460989,38.908781914918116,38.903560818189945,37.609960808530175,37.14505064584041,36.721842231392316,36.834765969042586,37.931927208256326,37.48340823522252,37.63886172014654,37.7194501720335,37.67987203402225,37.57172047797085,37.42968535998873,36.62591636944453,36.60589795514781,36.555735626017054,37.047300609343665,36.20518966960468,36.18026020606315,36.43709906130192,36.37692228744993,36.74421036237252,35.59930807939081,35.229338603489474,34.42163385987668,34.09758288773628,33.30255183315238,34.09789136943167,34.26573026885117,33.66997531827939,33.31363409089807,32.952378906584876],"smearing":"DFTK.Smearing.Gaussian()","ndiag":[1,1,1,1,1,1,1,1,1,1,1,1,1,1,1,1,1,1,1,1,1,1,1,1,1,1,1,1,1,1,1,1,1,1,1,1,1,1,1,1,1,1,1,1,1,1,1,1,1,1,1,1,1,1,1,1,1,1,1,1,1,1,1,1,1,1,1,1,1,1,1,1,1,1,1,1,1,1,1,1,1,1,1,1,1,1,1,1,1,1,1,1,1,1,1,1,1,1,1],"fft_size":[25,25,450],"kwargs":"Base.Iterators.Pairs{Union{}, Union{}, Tuple{}, NamedTuple{(), Tuple{}}}()","n_kirred":10,"damping":"DFTK.FixedDamping(0.3)","type":"potmix"}