{"done":true,"kgrid":[6,6,1],"mixing":"KerkerMixing(0.8, 0.0)","temperature":0.001,"Ecut":20.0,"lattice":[[7.653390804734369,0.0,0.0],[0.0,7.653390804734369,0.0],[0.0,0.0,145.414425289953]],"n_electr":120,"n_bands":72,"α":[0.9,0.9,0.9,0.9,0.9,0.9,0.9,0.9,0.9,0.9,0.9,0.9,0.9,0.9,0.9,0.9,0.9,0.9,0.9,0.9,0.9,0.9,0.9,0.9,0.9,0.9,0.9,0.9,0.9,0.9,0.9,0.9,0.9,0.9,0.9,0.9,0.9,0.9,0.9,0.9,0.9,0.9,0.9,0.9,0.9,0.9,0.9,0.9,0.9,0.9,0.9,0.9,0.9,0.9,0.9,0.9,0.9,0.9,0.9,0.9,0.9,0.9,0.9,0.9,0.9,0.9,0.9,0.9,0.9,0.9,0.9,0.9,0.9,0.9,0.9,0.9,0.9,0.9,0.9,0.9,0.9,0.9,0.9,0.9,0.9,0.9,0.9,0.9,0.9,0.9,0.9,0.9,0.9,0.9,0.9,0.9,0.9,0.9,0.9],"energies":[-81.69398023098357,-82.85793422727455,-82.77206861695804,-82.8803851880567,-82.8800583652642,-82.88507890289628,-82.89067450408396,-82.89424660810283,-82.89613868274056,-82.8969129236856,-82.89758435535674,-82.8979821959587,-82.89832995018065,-82.89859757960033,-82.89863958911323,-82.89891571577913,-82.89899461836151,-82.89883946233458,-82.89934784812723,-82.89925000593556,-82.89929867963882,-82.89929813116035,-82.8992651833732,-82.89970879461961,-82.89971991903339,-82.89974360671296,-82.89971123993638,-82.89975870511361,-82.89971951921356,-82.89954641898217,-82.89956736681808,-82.89966547460389,-82.89971874439881,-82.89985451297267,-82.89977963798438,-82.89979334132532,-82.89987831555005,-82.90007261186699,-82.90018584530341,-82.90017001664398,-82.90014495412254,-82.90025025935944,-82.89986840195705,-82.90012598930241,-82.9001471072385,-82.90024668888789,-82.90003682574307,-82.90013054237255,-82.90027857222047,-82.90054720829417,-82.90060995652435,-82.90032414808223,-82.90036830988356,-82.90036230559384,-82.90046577898818,-82.90047401147646,-82.9004726364431,-82.90057274277055,-82.90059979872716,-82.90055231273463,-82.90054737793733,-82.90055682231214,-82.90062099737283,-82.9006214300943,-82.90064102554366,-82.90063277367946,-82.90064683499446,-82.90066549277913,-82.90066124421298,-82.90078808629802,-82.90094757256587,-82.90083124831443,-82.90072572931933,-82.90016224946949,-82.90017391174977,-82.90023762153257,-82.89971341321461,-82.89970199768689,-82.90000486329707,-82.89999519214264,-82.90052709978417,-82.90077959529516,-82.90068724570362,-82.9006360219627,-82.90066916643855,-82.90063073665112,-82.90046744673084,-82.9006540775259,-82.90070460294909,-82.90068743799003,-82.90055852153358,-82.90066845026271,-82.90072232501942,-82.90071801963097,-82.90080674708845,-82.9007539989404,-82.90077848644344,-82.9007259980956,-82.90072019524617],"residuals":[591.5398796919384,75.17773805084526,207.92062739896517,92.32323355407468,93.73428011024065,83.60634999921861,70.35565769265516,59.9097783760078,53.27348262459175,50.19033982984777,47.2737036098557,45.40901028779612,43.66246285861302,42.27608806886197,42.02727270242083,40.44681243599476,40.00371528318352,40.815767225744914,37.59569389520956,38.17603823698257,37.85637665748555,37.78540535200598,37.91239766636834,34.578677058239606,34.56952532220172,34.43002203278041,34.645521458916946,34.208527399948906,34.606557029939395,35.878260879785685,35.72545003034951,34.99755595568669,34.57847468313665,33.40273010191507,34.03195944135868,33.91785880809036,33.20093390469251,31.416640193421177,30.302302097832168,30.449224032515865,30.68683418934094,29.640558759844367,33.25136623145474,30.763504558672604,30.551242259870712,29.473630603561695,31.705275347210296,30.82037709737856,29.361171931720726,26.3068179727239,25.554180855128163,28.87550385667273,28.415788813130956,28.493637197116605,27.42390400501234,27.33170811139521,27.356225687569676,26.094046619554298,25.475345401216583,26.363956196269683,26.374852669436994,26.233113549073636,25.36340818764248,25.06471131523598,24.31578063762012,24.09821881879072,23.902413588522094,23.503775683147698,24.656887028943633,23.534898042760755,21.70711560108355,23.21902866131656,24.335219615394788,28.821642616477593,28.54837600503905,28.121291782647628,29.843495594582517,29.887434764139783,29.04587961104941,29.06737046014467,24.58635094730525,23.306193899584727,24.03624516134096,24.293941266834395,24.188645826034104,23.913491767358206,25.49069279156633,24.48098384347647,23.999085127096585,24.05980388861719,24.40766208393546,23.854849797844654,23.611557922072475,23.56744993556134,21.548309567772723,22.645209526698487,22.29941698048858,22.999777391427205,23.13518624010382],"smearing":"DFTK.Smearing.Gaussian()","ndiag":[1,1,1,1,1,1,1,1,1,1,1,1,1,1,1,1,1,1,1,1,1,1,1,1,1,1,1,1,1,1,1,1,1,1,1,1,1,1,1,1,1,1,1,1,1,1,1,1,1,1,1,1,1,1,1,1,1,1,1,1,1,1,1,1,1,1,1,1,1,1,1,1,1,1,1,1,1,1,1,1,1,1,1,1,1,1,1,1,1,1,1,1,1,1,1,1,1,1,1],"fft_size":[25,25,450],"kwargs":"Base.Iterators.Pairs{Union{}, Union{}, Tuple{}, NamedTuple{(), Tuple{}}}()","n_kirred":10,"damping":"DFTK.FixedDamping(0.9)","type":"potmix"}