{"done":true,"kgrid":[6,6,1],"mixing":"KerkerMixing(0.8, 0.0)","temperature":0.001,"Ecut":20.0,"lattice":[[7.653390804734369,0.0,0.0],[0.0,7.653390804734369,0.0],[0.0,0.0,145.414425289953]],"n_electr":120,"n_bands":72,"α":[0.6,0.6,0.6,0.6,0.6,0.6,0.6,0.6,0.6,0.6,0.6,0.6,0.6,0.6,0.6,0.6,0.6,0.6,0.6,0.6,0.6,0.6,0.6,0.6,0.6,0.6,0.6,0.6,0.6,0.6,0.6,0.6,0.6,0.6,0.6,0.6,0.6,0.6,0.6,0.6,0.6,0.6,0.6,0.6,0.6,0.6,0.6,0.6,0.6,0.6,0.6,0.6,0.6,0.6,0.6,0.6,0.6,0.6,0.6,0.6,0.6,0.6,0.6,0.6,0.6,0.6,0.6,0.6,0.6,0.6,0.6,0.6,0.6,0.6,0.6,0.6,0.6,0.6,0.6,0.6,0.6,0.6,0.6,0.6,0.6,0.6,0.6,0.6,0.6,0.6,0.6,0.6,0.6,0.6,0.6,0.6,0.6,0.6,0.6],"energies":[-81.69398023098715,-82.83694587608545,-82.8518610113284,-82.87697828832303,-82.87968391820122,-82.88206756540883,-82.88630065865041,-82.89023237364262,-82.89258332417158,-82.89488825020065,-82.8961729362844,-82.89682241170784,-82.89730965422086,-82.89777126408315,-82.89800567749636,-82.89825039456686,-82.89851785676983,-82.89852557897244,-82.89853244432521,-82.89915865083616,-82.89902931862109,-82.89884649195082,-82.89883231059544,-82.89886566021411,-82.898815834776,-82.89873679375431,-82.89866618559863,-82.89839976692483,-82.89836606040157,-82.89838064926616,-82.89845451172434,-82.89843757181161,-82.89844630488928,-82.89865082113282,-82.89870018588843,-82.8990346631987,-82.8991879176995,-82.89893767771,-82.8990826924184,-82.89956644983224,-82.89965025575248,-82.89966809706331,-82.89902393473469,-82.89911025027473,-82.8993030655947,-82.89945430417448,-82.89939510175027,-82.89968052199909,-82.89974576807195,-82.89964716735118,-82.89986736900205,-82.90007322298592,-82.89998995901507,-82.90000977297989,-82.90031843993657,-82.89986940295556,-82.89996444109678,-82.89998066128177,-82.90025460288899,-82.90022472796542,-82.90035107161336,-82.90018793761097,-82.90021957567811,-82.90021670851515,-82.90024987771483,-82.90025871962996,-82.90030691498686,-82.90034031297021,-82.90038783143576,-82.90037131849486,-82.90039041419908,-82.90040141699423,-82.9004554166126,-82.90057869855904,-82.9005971944568,-82.90057866232252,-82.90044402833686,-82.90052239720536,-82.900471630135,-82.90048864257479,-82.90064656380957,-82.90066296037467,-82.90069486346934,-82.90086835424127,-82.90084361829986,-82.90084102626135,-82.90080731803286,-82.90065879941517,-82.90085209635589,-82.90089669265744,-82.90090434352588,-82.89908592409175,-82.89901052779929,-82.8993999996996,-82.89934997326857,-82.90067500817592,-82.90074046833328,-82.90080908314366,-82.90078288045393],"residuals":[591.5398796912318,138.9610441445183,135.60257117493313,99.17102251337315,94.28735912523636,89.74849973009249,80.91631170779121,71.50200345217421,65.03851531825293,57.78262327283872,53.153806639388385,50.58607942257754,48.529984593557245,46.46125457578419,45.350495769120506,44.1439590222297,42.779818588613026,42.72655807928755,42.52989894061182,39.013517091223875,39.73179261620817,40.74388773663999,40.81962888901859,40.61677823086299,40.85862537936397,41.27648275914734,41.61824377877481,42.74193137999522,42.65826020248004,42.68635025369237,42.45591250597207,42.39953049200137,42.31019712394161,41.080016915131296,40.91863247137884,38.997585973227906,37.956207578818145,39.70843428928216,38.83909101466688,35.571266257495736,34.9489439529645,34.822842813231006,39.036713174568256,38.404534555213104,37.05981666854982,35.90470267791829,36.3997833565372,34.313358167680526,33.842164841982814,34.606640655808796,32.9879998998511,31.31776573476679,32.01615870634207,31.859783839199835,29.186592126530247,32.96989880673562,32.24332309720552,32.07682530054496,29.636849186189437,29.888008712140724,28.55855222161936,30.212160749355814,29.85343560590028,29.86610076848443,29.29490251398932,28.455810912855462,27.994260722168015,27.656657283900373,27.397439208463307,28.13624262521919,27.705713251112584,27.440597418604177,26.600213660926062,24.72085780208703,24.576153675337125,24.52374463843532,25.848715152736872,25.347116390636277,25.402073248610403,24.980217280073237,23.398800399353107,23.15396707069853,22.74728961941802,20.09382846581102,20.258055887457516,19.97011481568464,20.32829053278838,22.889972479207316,19.43104704450106,19.562359220064156,19.912915097069426,37.048364667972635,37.41301330990655,34.14702323227618,34.78603022869519,24.80041707566476,24.03080274956971,21.592153944847468,21.587055932333353],"smearing":"DFTK.Smearing.Gaussian()","ndiag":[1,1,1,1,1,1,1,1,1,1,1,1,1,1,1,1,1,1,1,1,1,1,1,1,1,1,1,1,1,1,1,1,1,1,1,1,1,1,1,1,1,1,1,1,1,1,1,1,1,1,1,1,1,1,1,1,1,1,1,1,1,1,1,1,1,1,1,1,1,1,1,1,1,1,1,1,1,1,1,1,1,1,1,1,1,1,1,1,1,1,1,1,1,1,1,1,1,1,1],"fft_size":[25,25,450],"kwargs":"Base.Iterators.Pairs{Union{}, Union{}, Tuple{}, NamedTuple{(), Tuple{}}}()","n_kirred":10,"damping":"DFTK.FixedDamping(0.6)","type":"potmix"}