{"done":true,"kgrid":[6,6,1],"mixing":"KerkerMixing(0.8, 0.0)","temperature":0.001,"Ecut":20.0,"lattice":[[7.653390804734369,0.0,0.0],[0.0,7.653390804734369,0.0],[0.0,0.0,145.414425289953]],"n_electr":120,"n_bands":72,"α":[0.8,0.8,0.8,0.8,0.8,0.8,0.8,0.8,0.8,0.8,0.8,0.8,0.8,0.8,0.8,0.8,0.8,0.8,0.8,0.8,0.8,0.8,0.8,0.8,0.8,0.8,0.8,0.8,0.8,0.8,0.8,0.8,0.8,0.8,0.8,0.8,0.8,0.8,0.8,0.8,0.8,0.8,0.8,0.8,0.8,0.8,0.8,0.8,0.8,0.8,0.8,0.8,0.8,0.8,0.8,0.8,0.8,0.8,0.8,0.8,0.8,0.8,0.8,0.8,0.8,0.8,0.8,0.8,0.8,0.8,0.8,0.8,0.8,0.8,0.8,0.8,0.8,0.8,0.8,0.8,0.8,0.8,0.8,0.8,0.8,0.8,0.8,0.8,0.8,0.8,0.8,0.8,0.8,0.8,0.8,0.8,0.8,0.8,0.8],"energies":[-81.69398023098266,-82.88613799726804,-82.80450352420958,-82.87926680515632,-82.8800886425932,-82.88400785897268,-82.88957179581088,-82.8932650558185,-82.89562117806531,-82.89665570128523,-82.89718544736775,-82.89771162323973,-82.8981016493435,-82.89850372390464,-82.89855772760939,-82.8986834742242,-82.89897543164898,-82.89895186100381,-82.89895134996246,-82.89883793890807,-82.89930006511679,-82.89927240368175,-82.89906791740339,-82.899020936355,-82.8988832780951,-82.89885816532158,-82.89886415660757,-82.89892947901603,-82.89899878147561,-82.89916848988976,-82.8992297920296,-82.89910829191902,-82.89910306879419,-82.89910812159427,-82.89918199711839,-82.89919099979511,-82.89916145948737,-82.89931748398935,-82.89992247118973,-82.89926304946201,-82.89954728424536,-82.89957341176151,-82.89958452216665,-82.89960095363826,-82.89960850612518,-82.89961060351139,-82.89963795321322,-82.89956081203924,-82.89957821816654,-82.89939551134614,-82.89936390893776,-82.89947420645574,-82.89958445007971,-82.89960630219917,-82.89992902623439,-82.90004276886914,-82.90016841124957,-82.90045276057556,-82.90045875760188,-82.90016920871099,-82.89948687220362,-82.89959097878416,-82.89984075123208,-82.90012945631598,-82.90032740415809,-82.90013300007914,-82.89989676529943,-82.89985470129162,-82.89960785504553,-82.8999731519997,-82.90023381540315,-82.90027590582332,-82.90046310930954,-82.90068735246996,-82.90047002579797,-82.90012228272526,-82.89935310556368,-82.90067034960379,-82.90058713560741,-82.90015354445237,-82.899393044694,-82.89730072502022,-82.89821421736755,-82.89788764565526,-82.90030964769768,-82.90067825441787,-82.90070861604597,-82.90042739446186,-82.90001760436301,-82.89950459027567,-82.8996906576341,-82.89974952551691,-82.89974985904658,-82.89999692167817,-82.90008384437661,-82.90011544956093,-82.89982036859136,-82.89978928259573,-82.89987472795154],"residuals":[591.5398796916079,26.72987197390379,182.76632346669209,94.6550477655341,93.61396196287674,85.88707215278261,73.19112549357042,63.00670884032,55.214354163524575,51.263642214383594,49.05517952737037,46.707869636274296,44.83791655958147,42.79160286195131,42.49908760118285,41.793370561425846,40.14896973203035,40.25149466042566,40.15779873298874,40.75659215408872,37.69972578158603,37.91055602617349,39.17701762136173,39.45950911590849,40.224412316991454,40.29959680333987,39.88512577266413,39.90923701145837,39.474236265299766,38.36162081561215,37.87813807456686,38.648543298268656,38.458344496503074,38.42510493675114,37.89943318026383,37.84404212363822,37.96527529520837,37.06766460551832,32.73106134353942,37.27773426937304,35.43945149847932,35.293775710613666,35.19318592889076,35.12503774076943,35.043545961695834,34.98370118161338,34.95103765785527,35.39610168134824,35.233769468629525,36.34534720653411,36.513049614474404,35.72673448284776,34.971300339022754,34.775838821468085,32.71439418254855,31.93470910450108,31.023376766185365,28.693832102876193,28.642632914952948,31.008575377984293,35.45217802084721,34.86083905706904,33.000781116481186,30.364660951411697,28.501430862682238,29.63909391829085,30.957689675935615,31.419434195031066,33.60167713863359,31.26519230199606,29.17316798457912,28.783652598239883,27.065898583828925,23.881821820107316,26.494054603299933,29.388180474899652,34.55365349975716,23.639070076723325,24.35608092791484,27.495185658768946,31.52248416053509,39.61817843298017,35.99647484539839,36.180320080783275,25.292828065068054,21.12824516802499,20.397391117011523,16.58842722379465,19.768284468605803,20.17779662411115,20.440543812221218,19.639123413411323,23.666600721569022,25.10101038329749,24.778250375131535,23.87509079094435,23.834415857541202,22.841051635238,21.67523586668764],"smearing":"DFTK.Smearing.Gaussian()","ndiag":[1,1,1,1,1,1,1,1,1,1,1,1,1,1,1,1,1,1,1,1,1,1,1,1,1,1,1,1,1,1,1,1,1,1,1,1,1,1,1,1,1,1,1,1,1,1,1,1,1,1,1,1,1,1,1,1,1,1,1,1,1,1,1,1,1,1,1,1,1,1,1,1,1,1,1,1,1,1,1,1,1,1,1,1,1,1,1,1,1,1,1,1,1,1,1,1,1,1,1],"fft_size":[25,25,450],"kwargs":"Base.Iterators.Pairs{Union{}, Union{}, Tuple{}, NamedTuple{(), Tuple{}}}()","n_kirred":10,"damping":"DFTK.FixedDamping(0.8)","type":"potmix"}