{"done":true,"kgrid":[7,7,1],"mixing":"KerkerMixing(0.8, 0.0)","temperature":0.01,"Ecut":25.0,"lattice":[[5.419995307631908,0.0,0.0],[0.0,7.665076871089055,0.0],[0.0,0.0,68.03011403036199]],"n_electr":560,"n_bands":672,"α":[0.8,0.1717032398866367,0.2,-0.05071903053725117,0.2,0.2,0.2,0.24322218803816756,0.061739838017843635,0.05,0.2,0.2,0.2,0.2966782615579502,0.2966782615579502,0.30987017799841904,0.30987017799841904,0.30987017799841904,0.30987017799841904,0.30987017799841904,0.30987017799841904,0.3283026808747433,0.3325736819125586,0.3325736819125586,0.3325736819125586,0.5242280912403835,0.5242280912403835,0.5745306978226836,0.5745306978226836,0.09038470238879641,0.2,0.2,0.28864052280098274],"energies":[-1672.349096347934,-2303.350650518395,-3543.228136829251,-3554.641130409203,-3866.0379786677036,-3847.723473280628,-3896.908143151144,-3898.8110487528847,-3899.0166463413475,-3899.1460586630105,-3899.1405504995787,-3899.44764683831,-3899.49305716477,-3899.5334894705734,-3899.5366416812867,-3899.53676520583,-3899.53659652548,-3899.536905052723,-3899.5369976123056,-3899.5370014847094,-3899.5370037120038,-3899.5370039567097,-3899.5370038881733,-3899.537003791306,-3899.537004138894,-3899.5370041507417,-3899.537004216397,-3899.537004217353,-3899.5370042232007,-3899.5370042233267,-3899.5370042252257,-3899.5370042255236,-3899.5370042255304],"residuals":[23432.21177357515,21166.08430564493,7781.875128140949,5644.098478769507,1709.1079570060342,3474.654634779881,298.6172134341233,237.14992928515593,279.60405421421626,261.0892201333364,126.1414811922006,167.13044212689402,97.45678423845426,12.647833236244221,7.188294602894019,2.922492866680144,10.509845082939966,2.3086851561659905,0.5127334998302021,0.5973923386007415,0.14440896609849177,0.08480279606690248,0.19648426704704447,0.33795930022260673,0.1372273362815517,0.1125341860985511,0.022829317626646223,0.016150557674307998,0.019333319220256728,0.020823301648236908,0.008253140956647115,0.002100511122556182,0.0014354096458624468],"smearing":"DFTK.Smearing.Gaussian()","ndiag":[1,2,1,2,1,1,1,1,2,2,1,1,1,1,1,1,1,1,1,1,1,1,1,1,1,1,1,1,1,2,1,1,1],"fft_size":[24,27,240],"kwargs":"Base.Iterators.Pairs{Union{}, Union{}, Tuple{}, NamedTuple{(), Tuple{}}}()","n_kirred":32,"damping":"DFTK.AdaptiveDamping(0.05, 1.0, 0.8, 0.2, 1.1, 0.1)","type":"potmix"}