{"done":true,"kgrid":[7,7,1],"mixing":"KerkerMixing(0.8, 0.0)","temperature":0.01,"Ecut":25.0,"lattice":[[5.419995307631908,0.0,0.0],[0.0,7.665076871089055,0.0],[0.0,0.0,68.03011403036199]],"n_electr":560,"n_bands":672,"α":[0.1,0.1,0.1,0.1,0.1,0.1,0.1,0.1,0.1,0.1,0.1,0.1,0.1,0.1,0.1,0.1,0.1,0.1,0.1,0.1,0.1,0.1,0.1,0.1,0.1,0.1,0.1,0.1,0.1,0.1,0.1,0.1,0.1],"energies":[-1672.3490963479312,-3740.5656420829646,-3203.381616693524,-3744.226132122326,-3821.606127124931,-3885.9605984559075,-3892.5424853044856,-3878.173923367296,-3898.7163016880622,-3899.3454520873875,-3899.4416604021335,-3899.5319099680078,-3899.5180003668834,-3899.533887942147,-3899.5366712530927,-3899.5252583669967,-3899.5366994630544,-3899.5367603952322,-3899.5369686970957,-3899.536996254479,-3899.537002868236,-3899.537003870425,-3899.537003902542,-3899.537004122224,-3899.53700411511,-3899.537004212139,-3899.5370042200616,-3899.537004221956,-3899.537004223355,-3899.537004224933,-3899.537004225281,-3899.5370042255154,-3899.5370042255217],"residuals":[23432.21177357516,902.9552018517854,13153.003950615965,5193.09378149717,4572.887118701028,1988.5189779093166,1435.74843618864,2499.3630541995544,470.9224237238536,236.86531915577956,159.99033662730847,19.61781497944071,71.12629681107923,25.797450030554806,1.816532521288673,58.25962189764242,9.227186103734269,8.139702058735036,2.942462405594305,1.317479976808153,0.3046550360489773,0.05794325400870332,0.1326512808449592,0.034702838807042655,0.154061970255929,0.00952458694372152,0.014927652933676724,0.008956026073254672,0.008891796883248928,0.0032471782182858606,0.00271801139230061,0.000903461641984696,0.000788611233848553],"smearing":"DFTK.Smearing.Gaussian()","ndiag":[1,1,1,1,1,1,1,1,1,1,1,1,1,1,1,1,1,1,1,1,1,1,1,1,1,1,1,1,1,1,1,1,1],"fft_size":[24,27,240],"kwargs":"Base.Iterators.Pairs{Union{}, Union{}, Tuple{}, NamedTuple{(), Tuple{}}}()","n_kirred":32,"damping":"DFTK.FixedDamping(0.1)","type":"potmix"}