{"done":true,"kgrid":[7,7,1],"mixing":"KerkerMixing(0.8, 0.0)","temperature":0.01,"Ecut":25.0,"lattice":[[5.419995307631908,0.0,0.0],[0.0,7.665076871089055,0.0],[0.0,0.0,68.03011403036199]],"n_electr":560,"n_bands":672,"α":[0.3,0.3,0.3,0.3,0.3,0.3,0.3,0.3,0.3,0.3,0.3,0.3,0.3,0.3,0.3,0.3,0.3,0.3,0.3,0.3,0.3,0.3,0.3,0.3,0.3,0.3,0.3,0.3,0.3,0.3,0.3,0.3,0.3,0.3,0.3,0.3,0.3,0.3,0.3,0.3],"energies":[-1672.34909634793,-28.46763155243736,-3253.147156685987,-2296.6527813030716,-1852.3972758729399,-3283.4344259581185,-3757.7539089214174,-3897.7713420755213,-3896.4614612818004,-3882.035368437333,-3880.3505568939327,-3892.062305290703,-3899.442088557828,-3899.5049374029,-3899.525961223578,-3899.532789916986,-3899.534543525033,-3899.5355280803656,-3899.5367598380535,-3899.536951622427,-3899.5369624861887,-3899.5369064688066,-3899.5369752310835,-3899.5370028463462,-3899.5370025620473,-3899.5370040090697,-3899.5370041060696,-3899.53700420409,-3899.5370042125915,-3899.5370042207396,-3899.537004219372,-3899.5370042195254,-3899.5370042244913,-3899.5370042243912,-3899.537004224989,-3899.5370042253135,-3899.5370042254626,-3899.5370042255045,-3899.5370042255418,-3899.5370042255336],"residuals":[23432.211773575164,33762.38651807304,11481.669329423714,22196.501626594254,24870.339039022452,12866.162687343356,6261.557167584456,549.919388130461,843.9018688105454,2327.8689079281266,2346.594082646566,1465.128198758879,167.69902756969068,68.73195402568791,34.42508450328645,26.020900334089156,15.499063204928284,16.28802340617085,6.276758420236048,0.9141850516238706,1.205761798953078,5.181570535025185,2.8816980612793346,0.2246763392399605,0.6489958408191354,0.12209107894086177,0.07842658519888114,0.025832276324608012,0.03967978585337822,0.004426691469882374,0.03023031293277244,0.03670986314214144,0.009492808417595281,0.01328714713495537,0.009742242922935972,0.00627309251313731,0.0038175728070441615,0.0019099967975542914,0.0003315165464051663,0.001167510791054865],"smearing":"DFTK.Smearing.Gaussian()","ndiag":[1,1,1,1,1,1,1,1,1,1,1,1,1,1,1,1,1,1,1,1,1,1,1,1,1,1,1,1,1,1,1,1,1,1,1,1,1,1,1,1],"fft_size":[24,27,240],"kwargs":"Base.Iterators.Pairs{Union{}, Union{}, Tuple{}, NamedTuple{(), Tuple{}}}()","n_kirred":32,"damping":"DFTK.FixedDamping(0.3)","type":"potmix"}