{"done":true,"kgrid":[7,7,1],"mixing":"KerkerMixing(0.8, 0.0)","temperature":0.01,"Ecut":25.0,"lattice":[[5.419995307631908,0.0,0.0],[0.0,7.665076871089055,0.0],[0.0,0.0,68.03011403036199]],"n_electr":560,"n_bands":672,"α":[1.0,1.0,1.0,1.0,1.0,1.0,1.0,1.0,1.0,1.0,1.0,1.0,1.0,1.0,1.0,1.0,1.0,1.0,1.0,1.0,1.0,1.0,1.0,1.0,1.0,1.0,1.0,1.0,1.0,1.0,1.0,1.0,1.0,1.0,1.0,1.0,1.0,1.0,1.0,1.0,1.0,1.0,1.0,1.0,1.0,1.0,1.0,1.0,1.0,1.0,1.0,1.0,1.0,1.0,1.0,1.0,1.0,1.0,1.0,1.0,1.0,1.0,1.0,1.0,1.0,1.0,1.0,1.0,1.0,1.0,1.0,1.0,1.0,1.0,1.0,1.0,1.0,1.0,1.0,1.0,1.0,1.0,1.0,1.0,1.0,1.0,1.0,1.0,1.0,1.0,1.0,1.0,1.0,1.0,1.0,1.0,1.0,1.0,1.0],"energies":[-1672.3490963479312,34983.038131934016,-2415.406087195093,-3281.7810013408184,-3785.5341407839205,-3797.0447105903,-3853.336708422425,-3850.2528080037455,-3892.9837853296945,-3889.695240347061,-3890.179069516399,-3892.979438651719,-3897.099308319802,-3897.4283762419172,-3898.831255066497,-3896.2194711434336,-3898.1388271774736,-3898.9592669980207,-3899.2436705986333,-3899.249753176099,-3899.2337740665166,-3899.149645570313,-3899.1711848696173,-3899.1264490000485,-3899.2703891527094,-3899.276518795663,-3899.280840917031,-3899.2828970159107,-3899.288123192917,-3899.2961527600846,-3899.2966337634193,-3899.2640041504783,-3899.2955434515043,-3899.166520648361,-3898.5568650323685,-3899.287833303629,-3899.2005061952273,-3899.292417058114,-3899.2617743179044,-3899.2224091758726,-3899.288696182973,-3899.2997249517266,-3899.1341707060433,-3899.2873205025617,-3898.657442289318,-3898.938534589405,-3899.070094394218,-3899.00522472075,-3899.1734477219725,-3899.2391874560717,-3899.2461364670703,-3899.2277459099323,-3898.983060906628,-3896.019104626408,-3899.255242547953,-3895.41205446172,-3897.326839057985,-3897.041870047706,-3896.5290462166777,-3898.9891204440532,-3898.86863291171,-3898.3216576027394,-3898.2272639725174,-3898.0993417875998,-3898.285075364089,-3897.133936222539,-3898.2775874405665,-3897.467346891011,-3877.5460285691115,-3897.275665928988,-3898.1851481998474,-3898.3513653001514,-3897.727204949861,-3898.3300822210867,-3898.6657728629343,-3898.893972231773,-3899.0306703329625,-3898.4071907425027,-3899.364366553892,-3899.334498197676,-3899.1657121735398,-3897.8129520497,-3898.8552330798775,-3899.4666780800576,-3899.0737647194073,-3899.521581240493,-3899.5173780315695,-3899.494115464875,-3899.5011802240647,-3899.5278612573325,-3899.518427262795,-3899.5196188224213,-3899.518508092871,-3899.5227631771822,-3899.513682594875,-3899.4175262031677,-3899.5162356263722,-3899.496962270961,-3899.5201811474203],"residuals":[23432.21177357517,105461.15526648852,19812.080458474815,13645.910055700133,4338.3989205984135,4899.228712263675,2782.4984052117547,2256.1575833825896,1072.0199139733297,654.6365028136266,852.6851991500621,1318.607163066798,654.4863874973607,725.780806019224,382.67088860253324,907.8964358717346,568.5107312129379,301.69943760586204,119.13544615759322,85.25996255415224,106.47623574871298,193.1540173062171,168.88304971965638,178.90660566760639,48.60206030329497,78.31231080342307,65.07796786061462,41.7795206332239,40.75144453266104,16.920345154697518,16.368872933242262,63.45470790929759,18.586949019145298,149.68261105747516,417.705075246804,47.708939147920454,125.31882015355855,22.667890401982596,35.079794700578276,33.4242333484097,38.359138173779115,43.50419276840062,88.63481000466867,41.12302337495542,351.21244993687526,288.1496889194989,234.97078728108232,148.67577559186424,177.48503657489985,157.85950137841297,149.46571562795836,149.59538472058892,280.776149066769,858.189862803465,88.8131687153918,918.4431715887686,697.5496599106416,539.3020508721722,673.7716597989672,61.31267689200089,343.3220975182607,544.2460988487538,560.832409284093,587.673542265401,594.4818409788222,486.69060033319374,139.55361307408603,404.5889676662256,2330.751648566304,683.7134557821519,273.97897430268023,150.7295018527941,424.4785446466385,524.3327736211689,482.1819773968847,425.30464236856517,374.53288296679466,466.72154629078443,99.4466674716808,212.86715682625757,190.55949085667456,540.6338511273472,208.28584868816782,126.95475550404727,235.09317788170137,16.000929047251006,50.197940077154755,81.97536028562449,79.74719537048686,8.4384627671724,39.938929503587175,25.78094661281517,37.42963463166652,48.02287153920084,73.36906108694643,166.11362825982496,57.05889859745985,58.152144667668125,60.72699009362027],"smearing":"DFTK.Smearing.Gaussian()","ndiag":[1,1,1,1,1,1,1,1,1,1,1,1,1,1,1,1,1,1,1,1,1,1,1,1,1,1,1,1,1,1,1,1,1,1,1,1,1,1,1,1,1,1,1,1,1,1,1,1,1,1,1,1,1,1,1,1,1,1,1,1,1,1,1,1,1,1,1,1,1,1,1,1,1,1,1,1,1,1,1,1,1,1,1,1,1,1,1,1,1,1,1,1,1,1,1,1,1,1,1],"fft_size":[24,27,240],"kwargs":"Base.Iterators.Pairs{Union{}, Union{}, Tuple{}, NamedTuple{(), Tuple{}}}()","n_kirred":32,"damping":"DFTK.FixedDamping(1.0)","type":"potmix"}