{"done":true,"kgrid":[7,7,1],"mixing":"KerkerMixing(0.8, 0.0)","temperature":0.01,"Ecut":25.0,"lattice":[[5.419995307631908,0.0,0.0],[0.0,7.665076871089055,0.0],[0.0,0.0,68.03011403036199]],"n_electr":560,"n_bands":672,"α":[0.9,0.9,0.9,0.9,0.9,0.9,0.9,0.9,0.9,0.9,0.9,0.9,0.9,0.9,0.9,0.9,0.9,0.9,0.9,0.9,0.9,0.9,0.9,0.9,0.9,0.9,0.9,0.9,0.9,0.9,0.9,0.9,0.9,0.9,0.9,0.9,0.9,0.9,0.9,0.9,0.9,0.9,0.9,0.9,0.9,0.9,0.9,0.9,0.9,0.9,0.9,0.9,0.9,0.9,0.9,0.9,0.9,0.9,0.9,0.9,0.9,0.9,0.9,0.9,0.9,0.9,0.9,0.9,0.9,0.9,0.9,0.9,0.9,0.9,0.9,0.9,0.9,0.9,0.9,0.9,0.9,0.9,0.9,0.9,0.9,0.9,0.9,0.9,0.9,0.9,0.9,0.9,0.9,0.9,0.9,0.9,0.9,0.9,0.9],"energies":[-1672.3490963479294,29263.76952633589,-2339.9590823607173,-3434.761643764507,-3715.9049381341697,-3809.830713693565,-3855.077279450071,-3849.2513918948825,-3896.071818167808,-3892.8797575063486,-3891.568409122094,-3898.5772457596463,-3898.716234180557,-3899.3493841345653,-3898.999230310819,-3898.450493966164,-3898.258527916746,-3898.642089716945,-3898.645510673469,-3898.7031748863747,-3898.986156134994,-3897.9848677607415,-3897.822768167565,-3899.1439584479585,-3898.5913493099697,-3898.1988762316396,-3898.402856253009,-3898.031413273205,-3897.298591871887,-3898.4765620004287,-3899.076389263667,-3899.047550943627,-3899.2503861860173,-3899.2686391262578,-3899.2392948218207,-3898.9766286126437,-3899.2818791636896,-3898.9778655278024,-3899.2718326181216,-3899.264651338822,-3899.266937981909,-3899.1639137274574,-3899.1590669110637,-3897.955839605205,-3898.988850434946,-3897.025363027062,-3899.300358269752,-3898.6530722554453,-3898.081597372299,-3899.0252668367357,-3899.2409402440867,-3899.0812745427174,-3899.0170206485445,-3898.6349563224426,-3899.096848202571,-3894.0214351445406,-3899.233557948058,-3898.4109235410456,-3897.994871970553,-3894.8165165491637,-3899.017213000542,-3899.1164220321893,-3897.6483642770486,-3899.324574132816,-3899.0786204715628,-3898.944213936613,-3899.0947443090845,-3898.9517160341784,-3898.809028042688,-3896.538553632269,-3899.1240826029994,-3898.998712160774,-3898.5659427852547,-3899.044336413454,-3899.2353143225573,-3898.6449060727687,-3899.2855328014057,-3899.3809449980954,-3899.348859837117,-3899.4372121406527,-3899.337329098629,-3899.401255454415,-3899.510957516086,-3899.5067342974685,-3899.5158188235037,-3899.4701630459176,-3899.5161894097323,-3899.5171162901097,-3899.5162991354596,-3899.5122205755924,-3899.5162315455577,-3899.5140781549485,-3899.5113083796236,-3899.5127659771206,-3899.5014755575535,-3899.51478727295,-3899.5148743950126,-3899.5195337645678,-3899.514983916285],"residuals":[23432.21177357516,97487.68542677832,20446.670852597064,11965.802437422039,6389.052474624479,4164.216669491634,2991.608998077866,2627.1094086488224,364.53084827996184,766.7914985049503,787.3168590046839,338.97822049914487,232.15163476602856,52.31209817803215,289.0341774362853,460.92106369251417,608.3649975247264,377.07913927063356,460.0973914780535,252.45101850640717,334.11202539128965,595.8843086895666,581.272958829075,178.78439910910112,437.87485032852277,581.2488784798919,466.6266622019275,436.67890479547026,746.9792642770713,502.2506202076567,235.63815647334098,248.93688489564212,127.40502901614681,104.50881430962328,77.3271899818152,167.1503077155715,62.79402035775347,253.71791854390742,61.60376498274745,73.43235453873119,93.86062057024485,213.24988162090128,184.49145601675698,575.8638626017797,186.04365603829285,782.8700389845822,71.37785541360901,182.10664694596625,471.2108709341593,228.08215985472907,93.00758965850939,192.54100374004645,214.34473927522495,376.4689892225844,185.60283929934016,1170.0286870978741,107.28660758744275,504.6217315032267,359.07792935431905,435.47599647006547,280.67221313524135,270.0399877042041,624.2569631523011,118.72676346175787,123.41933083463832,384.5957425716477,321.3197858795405,397.2222919135969,431.3427023626898,740.0018236936895,114.58225970030789,156.9553865237797,413.60904158497715,371.811601517813,282.920107386494,367.19474170969465,87.62266589726563,185.50362103060303,177.81601372740303,98.95160311146935,224.47216496894094,118.76389433463112,45.20564630785181,43.393930326047425,8.847450184803598,91.70987712643948,32.466048844161485,23.87904140435858,34.44517330067109,47.859358276820586,33.90033516165588,41.680328238185986,50.872063913374205,46.25689517300152,71.32109012889042,27.227701790041557,42.12092921699539,12.27466013100534,35.528523463132835],"smearing":"DFTK.Smearing.Gaussian()","ndiag":[1,1,1,1,1,1,1,1,1,1,1,1,1,1,1,1,1,1,1,1,1,1,1,1,1,1,1,1,1,1,1,1,1,1,1,1,1,1,1,1,1,1,1,1,1,1,1,1,1,1,1,1,1,1,1,1,1,1,1,1,1,1,1,1,1,1,1,1,1,1,1,1,1,1,1,1,1,1,1,1,1,1,1,1,1,1,1,1,1,1,1,1,1,1,1,1,1,1,1],"fft_size":[24,27,240],"kwargs":"Base.Iterators.Pairs{Union{}, Union{}, Tuple{}, NamedTuple{(), Tuple{}}}()","n_kirred":32,"damping":"DFTK.FixedDamping(0.9)","type":"potmix"}