{"done":true,"kgrid":[7,7,1],"mixing":"KerkerMixing(0.8, 0.0)","temperature":0.01,"Ecut":25.0,"lattice":[[5.419995307631908,0.0,0.0],[0.0,7.665076871089055,0.0],[0.0,0.0,68.03011403036199]],"n_electr":560,"n_bands":672,"α":[0.2,0.2,0.2,0.2,0.2,0.2,0.2,0.2,0.2,0.2,0.2,0.2,0.2,0.2,0.2,0.2,0.2,0.2,0.2,0.2,0.2,0.2,0.2,0.2,0.2,0.2,0.2,0.2,0.2,0.2,0.2,0.2,0.2,0.2,0.2,0.2,0.2],"energies":[-1672.349096347934,-2004.110803891747,-3417.353032054871,-3062.535380006999,-3757.554321217178,-3853.09820757209,-3896.079222734222,-3898.949677105973,-3890.028716483739,-3898.3515620502512,-3899.3340837953156,-3899.484954773716,-3899.506355738275,-3899.531253150729,-3899.525802123142,-3899.5309209699703,-3899.5366939083724,-3899.536518177659,-3899.5369303271113,-3899.5369717642143,-3899.5369921184733,-3899.5369972467406,-3899.5370032710457,-3899.53700355729,-3899.5370040232483,-3899.537004143247,-3899.537004193744,-3899.5370042149616,-3899.537004217334,-3899.5370042234545,-3899.537004223005,-3899.5370042242994,-3899.5370042254062,-3899.5370042254617,-3899.537004225506,-3899.5370042255295,-3899.5370042255354],"residuals":[23432.211773575134,23269.847721143404,9620.852597798807,15789.0179973871,5650.975896701966,2126.689164023386,850.5345852292675,178.010728374633,1146.5187426572052,590.8557240670357,239.82622382601267,117.68557497102408,89.68545218706446,26.727801593344996,55.6818800973944,41.067923137530606,2.7030463462418854,10.825410788267538,3.2890358453490105,1.5892924733742684,1.3852781493556081,0.8278314296831292,0.05792596455908396,0.3495828529321812,0.2146067807212233,0.1254885098554982,0.0726655040122849,0.016067761195711995,0.03708976617219582,0.0034518883484971914,0.017411071065474557,0.014527587877873206,0.0029982836575600477,0.0019287017679277966,0.00021204250462558805,0.0004254161960901841,0.00021960239956265412],"smearing":"DFTK.Smearing.Gaussian()","ndiag":[1,1,1,1,1,1,1,1,1,1,1,1,1,1,1,1,1,1,1,1,1,1,1,1,1,1,1,1,1,1,1,1,1,1,1,1,1],"fft_size":[24,27,240],"kwargs":"Base.Iterators.Pairs{Union{}, Union{}, Tuple{}, NamedTuple{(), Tuple{}}}()","n_kirred":32,"damping":"DFTK.FixedDamping(0.2)","type":"potmix"}