{"done":true,"kgrid":[7,7,1],"mixing":"KerkerMixing(0.8, 0.0)","temperature":0.01,"Ecut":25.0,"lattice":[[5.419995307631908,0.0,0.0],[0.0,7.665076871089055,0.0],[0.0,0.0,68.03011403036199]],"n_electr":560,"n_bands":672,"α":[0.5,0.5,0.5,0.5,0.5,0.5,0.5,0.5,0.5,0.5,0.5,0.5,0.5,0.5,0.5,0.5,0.5,0.5,0.5,0.5,0.5,0.5,0.5,0.5,0.5,0.5,0.5,0.5,0.5,0.5,0.5,0.5,0.5,0.5,0.5,0.5,0.5,0.5,0.5,0.5,0.5],"energies":[-1672.3490963479312,8807.512728966112,-2531.520071266542,-3710.442821025844,-3261.9417355245314,-3849.0421490003564,-3879.584729643824,-3882.1066799299083,-3893.9523466752025,-3898.514578100341,-3897.9332157785093,-3898.473896576176,-3899.5033921619956,-3899.4973477941617,-3899.511099060859,-3899.51673841146,-3899.5304916365685,-3899.5332608819704,-3899.536943718347,-3899.5368393005206,-3899.5368686380034,-3899.536991980818,-3899.5369991973826,-3899.537001133132,-3899.5369986124665,-3899.5370036299096,-3899.5370035664155,-3899.5370040500006,-3899.537004206899,-3899.5370041811134,-3899.5370041925657,-3899.537004215291,-3899.5370042243844,-3899.537004224662,-3899.5370042248373,-3899.537004225156,-3899.537004225182,-3899.537004225496,-3899.537004225357,-3899.5370042255163,-3899.5370042255136],"residuals":[23432.21177357516,60542.84106045156,19375.538342392385,5987.6853520054065,14185.76095078394,2547.752654736798,1888.3003903831382,2078.9998219521863,964.6658214913216,403.9808465509001,626.0620254203936,514.8111285724573,17.864303898976843,47.22070731138429,55.18840058052662,65.1113830227703,39.53951743687151,30.590708012683557,0.4917876714175516,5.835103442289494,3.6567990177113767,0.5564676204450149,0.7678787728046018,0.5047059763942181,1.2319110875157684,0.1400022775710511,0.4189547260870033,0.14970335504538412,0.027623840308289887,0.07256308209050123,0.08715484031492203,0.05297092874063225,0.010226372797019037,0.003596323974610577,0.006137926482699516,0.008039929509290316,0.007105356713725634,0.0008426425628296126,0.006792412364705626,0.0012018480988291009,0.002030315814860349],"smearing":"DFTK.Smearing.Gaussian()","ndiag":[1,1,1,1,1,1,1,1,1,1,1,1,1,1,1,1,1,1,1,1,1,1,1,1,1,1,1,1,1,1,1,1,1,1,1,1,1,1,1,1,1],"fft_size":[24,27,240],"kwargs":"Base.Iterators.Pairs{Union{}, Union{}, Tuple{}, NamedTuple{(), Tuple{}}}()","n_kirred":32,"damping":"DFTK.FixedDamping(0.5)","type":"potmix"}