{"done":true,"kgrid":[7,7,1],"mixing":"KerkerMixing(0.8, 0.0)","temperature":0.01,"Ecut":25.0,"lattice":[[5.419995307631908,0.0,0.0],[0.0,7.665076871089055,0.0],[0.0,0.0,68.03011403036199]],"n_electr":560,"n_bands":672,"α":[0.7,0.7,0.7,0.7,0.7,0.7,0.7,0.7,0.7,0.7,0.7,0.7,0.7,0.7,0.7,0.7,0.7,0.7,0.7,0.7,0.7,0.7,0.7,0.7,0.7,0.7,0.7,0.7,0.7,0.7,0.7,0.7,0.7,0.7,0.7,0.7,0.7,0.7,0.7,0.7,0.7,0.7,0.7,0.7,0.7,0.7],"energies":[-1672.3490963479294,18422.79346760405,-2275.6578704618505,-3726.0445669907963,-3532.043409838515,-3862.1843134140167,-3854.4954763715114,-3870.597566921147,-3889.9007351995024,-3892.367178121523,-3896.837636674273,-3897.6256215164003,-3899.3888222879227,-3899.2355690368804,-3898.1489508578993,-3899.4686074060423,-3899.5267605912113,-3899.51612151968,-3899.518469631435,-3899.53281049685,-3899.5354126288466,-3899.5365288789353,-3899.536843003573,-3899.5369150449296,-3899.536992490648,-3899.5369695398417,-3899.5369898481667,-3899.5370025594325,-3899.537002678539,-3899.5370040282155,-3899.5370038638694,-3899.53700415951,-3899.5370040850844,-3899.5370041907986,-3899.5370042199384,-3899.537004223326,-3899.5370042220707,-3899.537004224642,-3899.537004225002,-3899.537004225282,-3899.537004225477,-3899.5370042253276,-3899.53700422535,-3899.537004225508,-3899.537004225531,-3899.537004225532],"residuals":[23432.211773575164,80070.97951698529,21120.30946881352,7130.363363532218,10238.500061096323,1695.4230344893535,3283.298277987802,2076.0607801688375,1447.9030535452744,1299.752750620261,813.8821750455013,737.3998556147902,164.32952346069234,270.565577241093,600.2365779734156,123.49108646223765,16.13183994584035,65.0344740395426,61.63485518820445,24.516618204994586,13.223632669714839,6.114455924414814,4.282533438490298,3.0781975915376765,0.7230387050793171,2.8093815922818104,1.846598898949077,0.18236758429679123,0.5358717613566912,0.1324323257966509,0.29981053703622945,0.12994833990838858,0.20219763891766115,0.06107661760272464,0.015125631801031174,0.010251736708119607,0.02822906050016717,0.013075458509431962,0.006585897038119677,0.0022603441276593424,0.0013322395780493157,0.004000153850658832,0.006432843782667089,0.0019761890392816102,0.001916649843798555,0.0008700403567406087],"smearing":"DFTK.Smearing.Gaussian()","ndiag":[1,1,1,1,1,1,1,1,1,1,1,1,1,1,1,1,1,1,1,1,1,1,1,1,1,1,1,1,1,1,1,1,1,1,1,1,1,1,1,1,1,1,1,1,1,1],"fft_size":[24,27,240],"kwargs":"Base.Iterators.Pairs{Union{}, Union{}, Tuple{}, NamedTuple{(), Tuple{}}}()","n_kirred":32,"damping":"DFTK.FixedDamping(0.7)","type":"potmix"}