{"done":true,"kgrid":[7,7,1],"mixing":"KerkerMixing(0.8, 0.0)","temperature":0.01,"Ecut":25.0,"lattice":[[5.419995307631908,0.0,0.0],[0.0,7.665076871089055,0.0],[0.0,0.0,68.03011403036199]],"n_electr":560,"n_bands":672,"α":[0.4,0.4,0.4,0.4,0.4,0.4,0.4,0.4,0.4,0.4,0.4,0.4,0.4,0.4,0.4,0.4,0.4,0.4,0.4,0.4,0.4,0.4,0.4,0.4,0.4,0.4,0.4,0.4,0.4,0.4,0.4,0.4,0.4,0.4,0.4,0.4,0.4,0.4],"energies":[-1672.3490963479296,4036.8184428201953,-2840.509782503127,-3630.469099750109,-3664.866751272896,-3813.2480671595818,-3895.2735105727684,-3893.252602469017,-3873.4932918063782,-3898.3382325613707,-3894.1392940768164,-3897.0940170658305,-3899.335040372225,-3899.5245975519733,-3899.5288172783553,-3899.5241523655277,-3899.533485577945,-3899.5357071299713,-3899.5365976088783,-3899.5369058186507,-3899.536894681189,-3899.536887588591,-3899.536995173429,-3899.537003113387,-3899.5370035935416,-3899.5370039565005,-3899.537004088164,-3899.5370041755305,-3899.5370041898186,-3899.537004224046,-3899.5370042252453,-3899.5370042250497,-3899.537004225378,-3899.5370042254576,-3899.537004225508,-3899.537004225523,-3899.5370042255363,-3899.537004225539],"residuals":[23432.211773575178,47931.19254749389,16742.036589662817,8246.348472191577,7753.1588598566605,4595.77156001327,589.108851585452,1035.115591265463,2843.004862565794,377.10711105226716,1216.0221888640274,849.2328678731344,233.74821473462066,32.95666274654947,16.755484659661114,56.829805257399904,26.51295525703306,10.108762979270496,6.794008804777522,1.2929653218686203,5.1466112065136045,4.466755280855065,0.55531674505248,0.17489777466631595,0.20167094326185026,0.15634758699554205,0.06913390495030325,0.05255022374989887,0.0995665933994387,0.0026188946020812825,0.003866781166180054,0.0022226723323201247,0.0011040832506649784,0.002702084128383963,0.002488238689823164,0.0011767397451966412,0.0011852021979722916,0.00034211104031402006],"smearing":"DFTK.Smearing.Gaussian()","ndiag":[1,1,1,1,1,1,1,1,1,1,1,1,1,1,1,1,1,1,1,1,1,1,1,1,1,1,1,1,1,1,1,1,1,1,1,1,1,1],"fft_size":[24,27,240],"kwargs":"Base.Iterators.Pairs{Union{}, Union{}, Tuple{}, NamedTuple{(), Tuple{}}}()","n_kirred":32,"damping":"DFTK.FixedDamping(0.4)","type":"potmix"}