{"done":true,"kgrid":[7,7,1],"mixing":"KerkerMixing(0.8, 0.0)","temperature":0.01,"Ecut":25.0,"lattice":[[5.419995307631908,0.0,0.0],[0.0,7.665076871089055,0.0],[0.0,0.0,68.03011403036199]],"n_electr":560,"n_bands":672,"α":[0.8,0.8,0.8,0.8,0.8,0.8,0.8,0.8,0.8,0.8,0.8,0.8,0.8,0.8,0.8,0.8,0.8,0.8,0.8,0.8,0.8,0.8,0.8,0.8,0.8,0.8,0.8,0.8,0.8,0.8,0.8,0.8,0.8,0.8,0.8,0.8,0.8,0.8,0.8,0.8,0.8,0.8,0.8,0.8,0.8,0.8,0.8,0.8,0.8,0.8],"energies":[-1672.3490963479303,23952.924179468027,-2292.486240210885,-3583.0172209237603,-3639.541484833008,-3843.43618949394,-3852.715850399755,-3855.0333278901294,-3894.679196076766,-3892.708659896128,-3895.021289364226,-3897.4038038751614,-3899.4025595516023,-3899.4380771895976,-3899.40052258499,-3899.4142363194205,-3899.165385026811,-3899.4945378395983,-3899.524678736754,-3899.509345881294,-3899.500823380045,-3899.518625498649,-3899.5200944291964,-3899.5312998005047,-3899.534835481744,-3899.535853245747,-3899.5368435207743,-3899.5364908033353,-3899.5368214968967,-3899.536986947233,-3899.5369803826993,-3899.536978908688,-3899.5370023885584,-3899.5369869550595,-3899.5370034595767,-3899.5370039824024,-3899.5370040921853,-3899.5370041549345,-3899.5370041746883,-3899.5370042169843,-3899.5370042222394,-3899.537004220403,-3899.5370042220857,-3899.537004223814,-3899.537004224991,-3899.5370042252166,-3899.53700422532,-3899.537004225513,-3899.537004225496,-3899.5370042255013],"residuals":[23432.21177357516,89406.18317541677,20881.1106505861,9920.516212236118,8167.125212247811,2816.5702679497026,3235.7120824730823,2647.0765371479147,799.5216292150611,992.8030722309835,921.4196465973309,770.8715823212843,48.01255401211759,34.23171425834685,79.25334434810125,123.71734268689475,310.3131219295655,80.77084793566826,20.90653600166907,70.19366417580027,91.54708328665659,55.35589811573239,59.06286530918143,35.77450957575197,21.775528842860304,15.000328775522075,5.242309155744234,12.347165971357274,6.950700134941036,1.6504466558352653,2.5369326141693023,1.8663832053732081,0.3853380859733474,1.8798063432308432,0.4653812407051767,0.23713973193549565,0.18587989023882942,0.1217050880650607,0.08417404800948693,0.023414650530864865,0.013362025310044807,0.03352938343381227,0.028994087366010623,0.014614627438695951,0.0094483662272527,0.009794468880651145,0.004873943845085049,0.001864510172497563,0.0005082266755714374,0.0007449965953924729],"smearing":"DFTK.Smearing.Gaussian()","ndiag":[1,1,1,1,1,1,1,1,1,1,1,1,1,1,1,1,1,1,1,1,1,1,1,1,1,1,1,1,1,1,1,1,1,1,1,1,1,1,1,1,1,1,1,1,1,1,1,1,1,1],"fft_size":[24,27,240],"kwargs":"Base.Iterators.Pairs{Union{}, Union{}, Tuple{}, NamedTuple{(), Tuple{}}}()","n_kirred":32,"damping":"DFTK.FixedDamping(0.8)","type":"potmix"}