{"done":true,"kgrid":[7,7,1],"mixing":"KerkerMixing(0.8, 0.0)","temperature":0.01,"Ecut":25.0,"lattice":[[5.419995307631908,0.0,0.0],[0.0,7.665076871089055,0.0],[0.0,0.0,68.03011403036199]],"n_electr":560,"n_bands":672,"α":[0.6,0.6,0.6,0.6,0.6,0.6,0.6,0.6,0.6,0.6,0.6,0.6,0.6,0.6,0.6,0.6,0.6,0.6,0.6,0.6,0.6,0.6,0.6,0.6,0.6,0.6,0.6,0.6,0.6,0.6,0.6,0.6,0.6,0.6,0.6,0.6,0.6,0.6,0.6,0.6,0.6,0.6,0.6,0.6,0.6,0.6,0.6,0.6,0.6,0.6],"energies":[-1672.3490963479321,12996.086928370984,-2322.944199931338,-3783.2735309472173,-3400.7878359118677,-3849.6614845718286,-3857.1643751239467,-3887.244361605738,-3882.9248661203633,-3887.8997943482773,-3897.866415078694,-3898.136288812269,-3898.862274125252,-3899.507481904692,-3899.4829886873054,-3899.5201903972443,-3899.528656993368,-3899.524526284221,-3899.532221895125,-3899.536467720362,-3899.536745016466,-3899.536916846065,-3899.5369866652863,-3899.5369795708425,-3899.5369978014605,-3899.5370009182734,-3899.537002625301,-3899.537003531441,-3899.537003651039,-3899.5370040257817,-3899.537004177612,-3899.5370042101226,-3899.537004163493,-3899.537004202676,-3899.5370042170675,-3899.5370042237564,-3899.5370042240097,-3899.537004224414,-3899.53700422508,-3899.537004225366,-3899.537004225368,-3899.537004225433,-3899.537004225503,-3899.537004225486,-3899.5370042255176,-3899.5370042255427,-3899.5370042254735,-3899.5370042255336,-3899.5370042255413,-3899.5370042255336],"residuals":[23432.21177357516,69686.70781996289,20899.07191636246,5099.462174447226,12308.75194798581,1756.792164905633,3456.3916503966216,924.9775536038749,2103.609711443331,1851.6437961833672,624.6096943316736,609.5802182683049,421.8469791480076,46.97096013850002,100.57629376025145,47.864876081257634,32.3006816920026,55.874592444884215,29.8934688845289,10.564196373515916,5.869922340425508,4.070837752742359,1.2343992337685403,1.4302344443374027,0.5717321675299509,0.6028195287068568,0.23567539263833856,0.29144733405673745,0.34607055670854575,0.1321041196117887,0.02718689020251093,0.031330540729851065,0.1112433691004011,0.05215632643523672,0.047211670264327765,0.007167276870269226,0.019373460594344544,0.014203109256782356,0.008659661372093187,0.005373081307478665,0.0010855091941338283,0.004199881336040026,0.0016164251671852569,0.0036745437949968476,0.002403148699061664,0.0012138355921031989,0.0032340794846619967,0.0013102852028431375,0.00034233951467577193,0.0006661290873398903],"smearing":"DFTK.Smearing.Gaussian()","ndiag":[1,1,1,1,1,1,1,1,1,1,1,1,1,1,1,1,1,1,1,1,1,1,1,1,1,1,1,1,1,1,1,1,1,1,1,1,1,1,1,1,1,1,1,1,1,1,1,1,1,1],"fft_size":[24,27,240],"kwargs":"Base.Iterators.Pairs{Union{}, Union{}, Tuple{}, NamedTuple{(), Tuple{}}}()","n_kirred":32,"damping":"DFTK.FixedDamping(0.6)","type":"potmix"}
