{"done":true,"kgrid":[13,13,13],"mixing":"KerkerMixing(0.8, 0.0)","temperature":0.01,"Ecut":45.0,"lattice":[[0.0,5.502882474910242,5.502882474910242],[5.502882474910242,0.0,5.502882474910242],[5.502882474910242,5.502882474910242,0.0]],"n_electr":49,"n_bands":59,"α":[0.3,0.3,0.3,0.3,0.3,0.3,0.3,0.3,0.3,0.3,0.3,0.3,0.3,0.3,0.3,0.3,0.3,0.3,0.3,0.3,0.3,0.3,0.3,0.3,0.3,0.3,0.3,0.3,0.3,0.3,0.3,0.3,0.3,0.3,0.3,0.3,0.3,0.3,0.3,0.3,0.3,0.3,0.3,0.3,0.3,0.3,0.3,0.3,0.3,0.3,0.3,0.3,0.3,0.3,0.3,0.3,0.3,0.3,0.3,0.3,0.3,0.3,0.3,0.3,0.3,0.3,0.3,0.3,0.3,0.3,0.3,0.3,0.3,0.3,0.3,0.3,0.3,0.3,0.3,0.3,0.3,0.3,0.3,0.3,0.3,0.3,0.3,0.3,0.3,0.3,0.3,0.3,0.3,0.3,0.3,0.3,0.3,0.3,0.3],"energies":[-292.8700496342861,-320.8477307012174,-309.5384711235546,-321.083562189141,-320.27407949004447,-323.9081475463891,-326.98623136952347,-321.6712187669278,-332.2799169761997,-328.64874165789075,-329.69803160844486,-333.12663870105723,-332.1243254445539,-332.3050871297547,-332.98387327927594,-333.020571194286,-333.301602352065,-333.300839415507,-333.2966355535754,-333.30006818916183,-333.3018895804161,-333.30126629418004,-333.3017497214426,-333.2986701131475,-333.3016149746311,-333.3026150873805,-333.30269190868216,-333.3026817933017,-333.3026955948757,-333.30274923924367,-333.30267591326736,-333.3022985253279,-333.3028916370812,-333.30276689494934,-333.30294153241164,-333.30306505938483,-333.3031620190009,-333.3032163785872,-333.303213476445,-333.3031636902928,-333.3031263156923,-333.3031051622343,-333.30315537382876,-333.3031818638066,-333.30315300166626,-333.3032810841737,-333.3033034827828,-333.3033819682108,-333.30329675038405,-333.3034217990624,-333.30334549298055,-333.30338342236064,-333.30345688916924,-333.3034623014147,-333.3035424754769,-333.3035202883876,-333.30343935236806,-333.303446619055,-333.30351782313556,-333.30346727016416,-333.30351199651096,-333.3036595169481,-333.30356709062994,-333.30360751205905,-333.3036400170251,-333.3037737341303,-333.30387409034773,-333.3040198677716,-333.30396487479396,-333.3040116739512,-333.30362755651595,-333.3040262991178,-333.3040290505498,-333.3034397148169,-333.3039830716643,-333.3041028132408,-333.30431618951997,-333.30433932313434,-333.30444205058586,-333.30448337858877,-333.3044627904656,-333.3044705322291,-333.30443759401834,-333.30437797362197,-333.30439830323235,-333.3044381474673,-333.3045317443083,-333.30439329899826,-333.3041474128801,-333.30426660535375,-333.3043166979153,-333.3043188892996,-333.30248949103583,-333.30322089080596,-333.30212125830576,-333.3040211998004,-333.30425048450843,-333.3039293901031,-333.3042579861039],"residuals":[626.3202166913118,331.54211569886337,579.4739135996497,397.23617274664394,410.0180137197019,352.20611730209896,274.73565189287484,410.3242855087678,108.60657286370719,252.31399000113217,219.09562157566558,51.11564710844506,129.81211112562497,119.03823553760611,66.72229578830127,62.40838656850524,1.7741124015868668,3.7486039463251077,8.598360503785221,5.71093663113624,2.7559388575782995,3.747175360487976,3.9059091034380478,7.638423223142647,3.7013019002115772,1.0246523775479104,0.2881711301467743,0.3729602672900434,0.3382793585042252,0.2930742379541973,0.2882381542474297,0.683179134799932,0.6451390384893487,1.347001320381541,2.381852274663665,1.3170841312421386,0.6490271239179097,0.6876922835823376,0.6901731955904691,0.8729700832605364,0.9313377813029378,1.0708492413601087,0.8789783801629716,0.8713222729916965,0.8221548319678676,0.5650028947972029,0.19318541760224195,0.1485882006607255,0.5404980057919722,0.775748667706885,0.39460743416904936,0.8063164726131558,1.0479823208733516,1.3410874167761548,1.1146990222678752,1.2739172498614681,1.7267287175924735,1.948274603501869,1.6271431050226417,1.8328202212218925,1.780186632734291,1.4623960369372375,1.800636759653392,1.7957623282938868,2.1069154413615285,1.7304872248727103,1.2902795152177227,1.033726637681191,0.8967808429484492,0.8919531582078529,1.948248881590801,0.807298042084813,0.770927103741916,2.549053581047474,1.3729449380902377,1.2037913724359246,0.7291731880209725,0.91866323107705,0.9781577658569358,0.9435274779344136,0.9989676873862511,1.3571873316870982,1.2806366899892392,1.0041198739588362,0.8390259763827961,1.1818800310090942,0.44407578369161305,0.5913753461375902,2.0960268828119117,1.7244885573321571,1.5100140837601528,1.5399209476634945,4.8669780923087425,3.8667572077018133,5.120925661384438,2.6035938156129537,2.0948581683281198,2.898215607435415,2.1500498038093436],"smearing":"DFTK.Smearing.Gaussian()","ndiag":[1,1,1,1,1,1,1,1,1,1,1,1,1,1,1,1,1,1,1,1,1,1,1,1,1,1,1,1,1,1,1,1,1,1,1,1,1,1,1,1,1,1,1,1,1,1,1,1,1,1,1,1,1,1,1,1,1,1,1,1,1,1,1,1,1,1,1,1,1,1,1,1,1,1,1,1,1,1,1,1,1,1,1,1,1,1,1,1,1,1,1,1,1,1,1,1,1,1,1],"fft_size":[50,50,50],"kwargs":"Base.Iterators.Pairs{Symbol, DFTK.AndersonAcceleration, Tuple{Symbol}, NamedTuple{(:acceleration,), Tuple{DFTK.AndersonAcceleration}}}(:acceleration => DFTK.AndersonAcceleration(10, Any[], Any[], 1.0e8))","n_kirred":168,"damping":"DFTK.FixedDamping(0.3)","type":"potmix"}