{"done":true,"kgrid":[13,13,13],"mixing":"KerkerMixing(0.8, 0.0)","temperature":0.01,"Ecut":45.0,"lattice":[[0.0,5.502882474910242,5.502882474910242],[5.502882474910242,0.0,5.502882474910242],[5.502882474910242,5.502882474910242,0.0]],"n_electr":49,"n_bands":59,"α":[0.3,0.3,0.3,0.3,0.3,0.3,0.3,0.3,0.3,0.3,0.3,0.3,0.3,0.3,0.3,0.3,0.3,0.3,0.3,0.3,0.3,0.3,0.3,0.3,0.3,0.3,0.3,0.3,0.3,0.3,0.3,0.3,0.3,0.3,0.3,0.3,0.3,0.3,0.3,0.3,0.3,0.3,0.3,0.3,0.3,0.3,0.3,0.3,0.3,0.3,0.3,0.3,0.3,0.3,0.3,0.3,0.3,0.3,0.3,0.3,0.3,0.3,0.3,0.3,0.3,0.3,0.3,0.3,0.3,0.3,0.3,0.3,0.3,0.3,0.3,0.3,0.3,0.3,0.3,0.3,0.3,0.3,0.3,0.3,0.3,0.3,0.3,0.3,0.3,0.3,0.3,0.3,0.3,0.3,0.3,0.3,0.3,0.3,0.3],"energies":[-292.87004963428603,-320.84773129665626,-309.53847176855703,-321.08356312647925,-320.27408314328943,-323.9081519439046,-326.98621926548066,-321.6712220503745,-332.2798873677831,-328.64880298909543,-329.69802116643973,-333.12660250661446,-332.1243732033137,-332.3051061720369,-332.9839037251099,-333.02062587214186,-333.3016031987558,-333.300842021623,-333.29663438272814,-333.3000742301136,-333.30189015903954,-333.30126414840953,-333.30175226501007,-333.2986839741284,-333.30161755544077,-333.302615312849,-333.30269286291565,-333.30268267460764,-333.30269633137215,-333.30275288326783,-333.30267850749084,-333.30241137323793,-333.3027712215537,-333.30241384407026,-333.3026184581006,-333.3026725883736,-333.3023685894863,-333.3025130709287,-333.3023126380403,-333.3026844200056,-333.3026962597949,-333.30265350073546,-333.30267672275704,-333.3027591406579,-333.3027264215267,-333.3029230547376,-333.30264584730804,-333.3028642068685,-333.30266006025937,-333.30253532832864,-333.30238542554486,-333.30240288648,-333.30245219244847,-333.30274335032425,-333.3028194042616,-333.30318663971826,-333.30325244335666,-333.3032552664512,-333.3032667975002,-333.30331055049595,-333.3033125063519,-333.30331097867804,-333.30334989887456,-333.3033584807297,-333.303343198437,-333.3033996970283,-333.3033352468821,-333.3033610117405,-333.3035450698683,-333.3034750078994,-333.3033928099689,-333.30351300362184,-333.30351873253016,-333.30351829249037,-333.30352047720976,-333.3035386484288,-333.30354286377366,-333.3034022134569,-333.30346848222996,-333.3034795846923,-333.30358923563267,-333.30361178124235,-333.30359765209033,-333.3033693363073,-333.30314436416273,-333.3032385726447,-333.30344296460186,-333.3036245915812,-333.3039478086544,-333.30352577972235,-333.3037908858683,-333.3040073277048,-333.3037302513918,-333.30397041158113,-333.3038959602332,-333.30402193341695,-333.3038170945971,-333.3039665736011,-333.3038003164306],"residuals":[626.3202166913112,331.54211042653685,579.4739059468844,397.23615875379556,410.01795934295814,352.2060406877757,274.73590789819735,410.32420428042013,108.6082966194612,252.31233960632275,219.0959495203316,51.120981141296134,129.80964841909903,119.03712608623246,66.71904997746817,62.402245907702095,1.7703548230935409,3.7435098503276056,8.599046444753398,5.703392732360648,2.754348047166511,3.749499796532728,3.9000164475990506,7.624715363228571,3.6984206387131735,1.0262182411441578,0.2869783002302121,0.37194235457586666,0.3372260118191703,0.2935697894280784,0.3031239286200178,0.6464297030970064,0.3802070808012548,0.6003839194125952,0.3305428425032744,0.43149337660275666,0.6721533031941964,0.16462003399777886,0.6439755852717572,0.7299392129707861,0.1197241682616446,0.2872872037409782,0.4648369829374094,0.6695325017143474,0.37554639534085593,0.4151403502280248,0.470836526728866,0.45360744862976016,2.088284952210813,2.288626034121256,2.205356753149038,2.0879419775280015,2.135733725355735,2.1571985981010204,2.20922733906941,1.0293295198715302,0.625986433619083,0.7848007518373799,0.7386221999475401,0.7332005656050268,0.757449822651806,0.7155247222197998,0.7838056526568494,0.7033965321105827,0.7194530613826055,1.0623361754594671,0.9858965568142949,0.9505591259297894,0.8469106340657919,0.7265395864029751,1.0259076556949853,0.5824593584327737,0.8259100998434699,0.8758348908131179,0.5842257643425723,0.5404471807241431,1.1012973598355194,1.2209288301527474,1.357117548209036,1.5262384904692212,1.3711041400872912,1.3219694453040831,1.1880477564233562,1.7432082219846363,2.053131399920807,1.7475007409167973,1.4462889201227405,1.303192210811906,0.6358207237602261,1.9417564029904189,1.0271405658972625,1.038481295426926,1.6666679750625475,1.2899547288618132,1.335641652607938,1.4668470770414554,1.4577420925382647,0.531439819614655,1.0444107877658795],"smearing":"DFTK.Smearing.Gaussian()","ndiag":[1,1,1,1,1,1,1,1,1,1,1,1,1,1,1,1,1,1,1,1,1,1,1,1,1,1,1,1,1,1,1,1,1,1,1,1,1,1,1,1,1,1,1,1,1,1,1,1,1,1,1,1,1,1,1,1,1,1,1,1,1,1,1,1,1,1,1,1,1,1,1,1,1,1,1,1,1,1,1,1,1,1,1,1,1,1,1,1,1,1,1,1,1,1,1,1,1,1,1],"fft_size":[50,50,50],"kwargs":"Base.Iterators.Pairs{Symbol, DFTK.AndersonAcceleration, Tuple{Symbol}, NamedTuple{(:acceleration,), Tuple{DFTK.AndersonAcceleration}}}(:acceleration => DFTK.AndersonAcceleration(10, Any[], Any[], 1.0e10))","n_kirred":168,"damping":"DFTK.FixedDamping(0.3)","type":"potmix"}