{"done":true,"kgrid":[13,13,13],"mixing":"KerkerMixing(0.8, 0.0)","temperature":0.01,"Ecut":45.0,"lattice":[[0.0,5.490599255100175,5.490599255100175],[5.490599255100175,0.0,5.490599255100175],[5.490599255100175,5.490599255100175,0.0]],"n_electr":51,"n_bands":62,"α":[0.8,0.8,0.8,0.8,0.29571857062493234,0.125,0.125,-0.125,0.125,0.5,0.5,-0.7714985365418511,0.7714985365418511,0.8042024910152111,1.0,1.0,1.0,1.0,1.0,1.0,1.0,1.0,1.0,1.0,1.0,1.0],"energies":[-326.79194191174986,-340.4553400459873,-367.1253970255391,-370.5603630062966,-371.00962399222874,-371.1300199049386,-371.5942514251918,-371.5848668735186,-371.63832726687,-371.6554853765048,-371.6688750181294,-371.67200241067275,-371.68952722403105,-371.693965337788,-371.6976838815876,-371.69888339738,-371.69910692787226,-371.69916606153276,-371.6991675185558,-371.6991699790164,-371.69917006659824,-371.6991700708912,-371.69917007171256,-371.699170071793,-371.6991700718175,-371.69917007181783],"residuals":[660.2738849827309,619.4756580675248,269.3850015589196,138.21053107524565,102.60232046350676,96.44915421085986,40.07086264653995,45.38363439040852,29.88132416499485,24.88978499012506,20.81651448175298,19.519585398647823,11.45439536159225,8.180310804852557,4.359037845296601,1.5452098220325934,0.9200658973758237,0.11123205339382211,0.17417856144682936,0.019067336870974946,0.005400908193988939,0.0028559232226603925,0.0007512247958665677,0.0004995366663490902,5.2559519013577195e-5,2.7483032783987362e-5],"smearing":"DFTK.Smearing.Gaussian()","ndiag":[1,1,1,1,2,2,2,2,2,1,1,2,1,1,1,1,1,1,1,1,1,1,1,1,1,1],"fft_size":[50,50,50],"kwargs":"Base.Iterators.Pairs{Union{}, Union{}, Tuple{}, NamedTuple{(), Tuple{}}}()","n_kirred":280,"damping":"DFTK.AdaptiveDamping(0.125, 1.0, 0.8, 0.5, 1.1, 0.1)","type":"potmix"}