{"done":true,"kgrid":[13,13,13],"mixing":"KerkerMixing(0.8, 0.0)","temperature":0.01,"Ecut":45.0,"lattice":[[0.0,5.490599255100175,5.490599255100175],[5.490599255100175,0.0,5.490599255100175],[5.490599255100175,5.490599255100175,0.0]],"n_electr":51,"n_bands":62,"α":[0.8,0.8,0.8,0.8,0.2957185920555051,0.07035620066077651,0.2,0.2,0.05,-0.1328335603089588,0.05,0.05,0.2,0.2362513683750278,0.35118108920048025,0.7860676378995093,0.7860676378995093,1.0,1.0,1.0,1.0,1.0,1.0,1.0,1.0,1.0],"energies":[-326.79194191174975,-340.45533997547136,-367.1253967741477,-370.5603630000948,-371.0096243774631,-371.1609408194986,-371.44563576323935,-371.6468676457375,-371.3220353190834,-371.6740663785319,-371.666827911732,-371.67002643919324,-371.6983972859121,-371.6986136905371,-371.69875690716,-371.69887913577116,-371.6989945139673,-371.6990951806075,-371.6991599696318,-371.6991696121807,-371.69917005582033,-371.69917006798556,-371.69917007163116,-371.6991700717266,-371.6991700718117,-371.69917007181743],"residuals":[660.2738849827305,619.4756590027746,269.38500668265345,138.21053622665912,102.60229601709996,94.40157075526959,59.71193659234515,30.11901662535275,77.46536652916544,25.886493513334003,25.971201051912338,23.467804261175186,1.5149328995788718,0.5962844771075886,0.9167593793651481,1.2291250475258906,1.3652449000864466,0.9072660549112488,0.34894412075065273,0.07471670103235319,0.013226760187329182,0.006375412559315083,0.0007106973214577566,0.0009423540086312809,0.00024536490010350397,3.8704825316869724e-5],"smearing":"DFTK.Smearing.Gaussian()","ndiag":[1,1,1,1,2,2,1,1,2,2,2,2,1,1,1,1,1,1,1,1,1,1,1,1,1,1],"fft_size":[50,50,50],"kwargs":"Base.Iterators.Pairs{Union{}, Union{}, Tuple{}, NamedTuple{(), Tuple{}}}()","n_kirred":280,"damping":"DFTK.AdaptiveDamping(0.05, 1.0, 0.8, 0.2, 1.1, 0.1)","type":"potmix"}