{"done":true,"kgrid":[13,13,13],"mixing":"KerkerMixing(0.8, 0.0)","temperature":0.01,"Ecut":45.0,"lattice":[[0.0,5.490599255100175,5.490599255100175],[5.490599255100175,0.0,5.490599255100175],[5.490599255100175,5.490599255100175,0.0]],"n_electr":51,"n_bands":62,"α":[0.9,0.9,0.9,0.9,0.9,0.9,0.9,0.9,0.9,0.9,0.9,0.9,0.9,0.9,0.9,0.9,0.9,0.9,0.9,0.9,0.9,0.9,0.9,0.9,0.9],"energies":[-326.79194191175,-329.6002077708252,-367.7294020810314,-371.29871446483185,-368.065170923281,-369.87761584492694,-362.32691240567135,-367.24950759084976,-371.65866616622606,-371.65724379893607,-371.6851534730026,-371.6942092714398,-371.69869549185154,-371.6977109570296,-371.6991288017288,-371.69914375766905,-371.69916720573906,-371.6991694715558,-371.6991700215025,-371.6991700692136,-371.69917007107665,-371.6991700717862,-371.6991700718009,-371.69917007181783,-371.6991700718181],"residuals":[660.2738849827315,726.472637649984,250.98822444040255,69.895939634284,237.80961093178104,167.3550239152877,369.57800870861234,252.59124077615996,24.219815636618865,24.927622983389664,14.253361613170883,8.347908495866482,2.095512093323778,4.552772798516471,0.3344880268243481,0.5433589440707083,0.19767005677190425,0.0906994775771743,0.026396416847237144,0.005134129884258048,0.0028145766049460182,0.00035942615769405767,0.00047698606236449805,4.798820177025509e-5,3.0788127546480395e-6],"smearing":"DFTK.Smearing.Gaussian()","ndiag":[1,1,1,1,1,1,1,1,1,1,1,1,1,1,1,1,1,1,1,1,1,1,1,1,1],"fft_size":[50,50,50],"kwargs":"Base.Iterators.Pairs{Union{}, Union{}, Tuple{}, NamedTuple{(), Tuple{}}}()","n_kirred":280,"damping":"DFTK.FixedDamping(0.9)","type":"potmix"}