{"done":true,"kgrid":[13,13,13],"use_diis":[false,false,false,false,false,false,false,false,false,false,false,false,false,false,false,false,false,false,false,false,false,false,false,false,false,false,false,false,false,false,false,false],"mixing":"KerkerMixing(0.8, 0.0)","temperature":0.01,"Ecut":45.0,"lattice":[[0.0,5.490599255100175,5.490599255100175],[5.490599255100175,0.0,5.490599255100175],[5.490599255100175,5.490599255100175,0.0]],"n_electr":51,"n_bands":62,"α":[0.8,0.8,0.8,0.8,0.8,0.8,0.8,0.8,0.8,0.8,0.8,0.8,0.8,0.8,0.8,0.8,0.8,0.8,0.8,0.8,0.8,0.8,0.8,0.8,0.8,0.8,0.8,0.8,0.8,0.8,0.8,0.8],"energies":[-326.7919419117498,-340.4553403347414,-367.12539683504554,-370.5603631772087,-368.64627850290424,-369.6916381754356,-362.80124397971196,-361.7583071534154,-367.2800317792498,-368.4282393433326,-371.48695615038764,-371.67181367693416,-371.617114037123,-371.5942737830797,-371.6411311388083,-371.6566492791476,-371.68493039949306,-371.6976703931432,-371.6987904045244,-371.69910178661235,-371.6991613830156,-371.69916778240264,-371.6991697172479,-371.69916993275774,-371.6991700486389,-371.699170069007,-371.699170070938,-371.69917007178617,-371.6991700718139,-371.6991700717661,-371.69917007181743,-371.6991700718177],"residuals":[660.2738849827308,619.4756565384176,269.3850046883306,138.21052595254565,208.88994001303143,174.1526724364903,364.3536777566126,385.3708317109771,256.9117273647159,221.48928191844954,54.85081722431689,18.425562761447157,34.003899588578435,39.10034813842489,29.199324452856047,24.996404910190705,14.244864240755312,4.391034010230137,2.1182575858857,0.8725924707938967,0.3235678536217105,0.09378707813072955,0.015922319524543278,0.02608133109870066,0.012078027243440299,0.0047224071175287355,0.0031733324835133796,0.0004335742531619527,0.00013597656443909976,0.0002985994796959758,3.283921481889687e-5,1.2970860324218793e-5],"smearing":"DFTK.Smearing.Gaussian()","ndiag":[1,1,1,1,1,1,1,1,1,1,1,1,1,1,1,1,1,1,1,1,1,1,1,1,1,1,1,1,1,1,1,1],"fft_size":[50,50,50],"kwargs":"Base.Iterators.Pairs{Union{}, Union{}, Tuple{}, NamedTuple{(), Tuple{}}}()","n_kirred":280,"damping":"DFTK.FixedDamping(0.8)","type":"potmix"}