{"done":true,"kgrid":[13,13,13],"mixing":"KerkerMixing(0.8, 0.0)","temperature":0.01,"Ecut":45.0,"lattice":[[0.0,5.490599255100175,5.490599255100175],[5.490599255100175,0.0,5.490599255100175],[5.490599255100175,5.490599255100175,0.0]],"n_electr":51,"n_bands":62,"α":[0.1,0.1,0.1,0.1,0.1,0.1,0.1,0.1,0.1,0.1,0.1,0.1,0.1,0.1,0.1,0.1,0.1,0.1,0.1,0.1,0.1,0.1,0.1,0.1,0.1,0.1,0.1,0.1,0.1,0.1,0.1,0.1,0.1,0.1,0.1,0.1,0.1,0.1,0.1,0.1,0.1,0.1,0.1,0.1,0.1,0.1,0.1,0.1,0.1,0.1,0.1,0.1,0.1,0.1,0.1,0.1,0.1,0.1,0.1,0.1,0.1,0.1,0.1,0.1,0.1,0.1,0.1,0.1,0.1,0.1,0.1,0.1,0.1,0.1,0.1,0.1,0.1,0.1,0.1,0.1,0.1,0.1,0.1,0.1,0.1,0.1,0.1,0.1,0.1,0.1,0.1,0.1,0.1,0.1,0.1,0.1,0.1,0.1,0.1],"energies":[-326.7919419117498,-335.58170484940746,-354.5814957429934,-363.5751889317447,-363.0574647110852,-369.42060676467514,-367.6526237187922,-352.9965605537558,-351.5459376423047,-352.4428876308697,-365.8190624582165,-371.07948078770244,-370.1875896402058,-369.71618680855005,-368.7372200548317,-364.48737876037177,-368.4344667644069,-369.8442460903702,-371.2729253713016,-371.4842625166194,-371.0981647819506,-371.6055580966968,-371.66187903142907,-371.68949982694795,-371.69297233402864,-371.69666566534215,-371.6973967597157,-371.6981258251466,-371.6986959065055,-371.69884447107216,-371.69901003003196,-371.69900896333496,-371.69908610350006,-371.69915239590193,-371.69916216885326,-371.6991604355369,-371.6991693988471,-371.69916946724226,-371.6991331469587,-371.69915395882595,-371.69915837088826,-371.69915805782676,-371.6991594825606,-371.69916013559623,-371.6991567112737,-371.6991624647014,-371.6991594272145,-371.69915600409627,-371.69915952453806,-371.69916311880945,-371.6991638066361,-371.69916497579567,-371.69916448138196,-371.69916405576214,-371.69916405935834,-371.69916449222023,-371.69916446461707,-371.69916525470006,-371.69916520229896,-371.69916527661263,-371.6991653530701,-371.6991656463076,-371.69916640115804,-371.69916570090277,-371.6991660203863,-371.69916645686396,-371.6991664712162,-371.6991668500698,-371.69916648867724,-371.699166551208,-371.69916631409063,-371.69916684724046,-371.69916736408516,-371.6991672827883,-371.69916721510003,-371.6991669901098,-371.699167244446,-371.6991679141689,-371.69916694214453,-371.699167748508,-371.69916791311795,-371.69916789935775,-371.69916799500595,-371.6991683737292,-371.69916845436006,-371.6991683529538,-371.69916859391003,-371.6991683691955,-371.6991685050029,-371.69916820642277,-371.6991685041251,-371.6991681684612,-371.6991684261779,-371.6991686018274,-371.69916887799167,-371.69916879163117,-371.6991686768416,-371.6991687544939,-371.69916892047223],"residuals":[660.2738849827307,576.0778835686708,451.40273739925635,359.43973055770226,370.9935142971961,190.109685204469,250.0124710852063,537.0927978065888,551.6003066320634,539.8957322233296,273.3247726415926,89.07661834180783,156.18280023870096,178.92985782489538,216.94877600076978,337.12646473232513,227.68408917002523,170.43479469500502,81.95431516134138,57.860030425061076,97.07734367502869,37.68505717879685,22.834354351619947,11.023656921208719,9.087581609686005,5.227096162473863,4.172085803979318,3.0572081254739105,1.4869494741087979,1.0318700306613298,0.6116083039672398,0.5822853540823709,0.6583170102694033,0.15536644851337508,0.22772037951762011,0.24344405066561736,0.04607527751856067,0.03185521474971669,0.1636569413060734,0.081485916038552,0.029000532854110077,0.02816773482241788,0.014691627441480351,0.013712007455118509,0.019378054235766155,0.04927080736505457,0.024786636209262143,0.017470688985714373,0.017587418475464644,0.0343999812958795,0.04076447916809459,0.04862213742176424,0.07462632642785302,0.07659293889892288,0.04415035264888868,0.04071040619036995,0.03975647435944885,0.036781516198372916,0.05156957971560617,0.05547145776953606,0.05394746679903209,0.03435145874291112,0.03405842906019907,0.06245881531193247,0.047307063637576134,0.05141478163153857,0.04866408574303903,0.044114740334012956,0.047986555419206274,0.051228920591892095,0.059650847286173564,0.023307445250411805,0.02669062915687871,0.020123007739997523,0.013360701710181605,0.011066345240260735,0.008508924996336337,0.004974178856891529,0.043232440177082436,0.012925251936742125,0.008713565376942942,0.016450629260777318,0.01313578400012052,0.01064196681035388,0.016079708327316936,0.020863695969357124,0.01911912038253028,0.010908325370682375,0.01998695198001476,0.01718878893986791,0.01309675395217422,0.028461376535272163,0.039281271043474376,0.02971697066264748,0.02527820385373832,0.006345995907043077,0.009253588375713561,0.008844314148144124,0.010015789335464032],"smearing":"DFTK.Smearing.Gaussian()","ndiag":[1,1,1,1,1,1,1,1,1,1,1,1,1,1,1,1,1,1,1,1,1,1,1,1,1,1,1,1,1,1,1,1,1,1,1,1,1,1,1,1,1,1,1,1,1,1,1,1,1,1,1,1,1,1,1,1,1,1,1,1,1,1,1,1,1,1,1,1,1,1,1,1,1,1,1,1,1,1,1,1,1,1,1,1,1,1,1,1,1,1,1,1,1,1,1,1,1,1,1],"fft_size":[50,50,50],"kwargs":"Base.Iterators.Pairs{Union{}, Union{}, Tuple{}, NamedTuple{(), Tuple{}}}()","n_kirred":280,"damping":"DFTK.FixedDamping(0.1)","type":"potmix"}