{"done":true,"kgrid":[13,13,13],"use_diis":[false,false,false,false,false,false,false,false,false,false,false,false,false,false,false,false,false,false,false,false,false,false,false,false,false,false,false,false,false,false],"mixing":"KerkerMixing(0.8, 0.0)","temperature":0.01,"Ecut":45.0,"lattice":[[0.0,5.490599255100175,5.490599255100175],[5.490599255100175,0.0,5.490599255100175],[5.490599255100175,5.490599255100175,0.0]],"n_electr":51,"n_bands":62,"α":[0.5,0.5,0.5,0.5,0.5,0.5,0.5,0.5,0.5,0.5,0.5,0.5,0.5,0.5,0.5,0.5,0.5,0.5,0.5,0.5,0.5,0.5,0.5,0.5,0.5,0.5,0.5,0.5,0.5,0.5],"energies":[-326.7919419117498,-363.10937589835186,-355.7349682930353,-366.9050785665914,-369.53424869043937,-370.7038104717753,-368.9229855283648,-370.5195338998593,-371.2456246949636,-371.69658962423057,-371.69455767482026,-371.6975326901093,-371.69607169057105,-371.6972581188721,-371.6990633543195,-371.69914486551795,-371.69916541653663,-371.69916964769726,-371.69916998746794,-371.699170050592,-371.69917006449106,-371.69917007069876,-371.69917007167174,-371.6991700710866,-371.69917006862164,-371.69917007150275,-371.69917007170596,-371.699170071722,-371.69917007176804,-371.69917007177304],"residuals":[660.2738849827308,372.261029498576,513.3551518796177,256.6765275963409,172.63784955971568,120.17189564613068,205.01398355985648,132.5964379831127,82.72292690539554,4.178296674725285,7.254305245421288,3.833798819258919,6.404734383871067,5.056075337281212,1.023185484611873,0.23036373366670518,0.20329115290535338,0.027682775408498353,0.01910719375997583,0.004409695700736432,0.0076625681906522716,0.0010843777433709372,0.0009803437749080445,0.0005438189942616976,0.0014918867753240261,0.00021209064558541183,0.00020454510724636225,0.00011271499699946006,0.0001281373919510762,3.354748533936426e-5],"smearing":"DFTK.Smearing.Gaussian()","ndiag":[1,1,1,1,1,1,1,1,1,1,1,1,1,1,1,1,1,1,1,1,1,1,1,1,1,1,1,1,1,1],"fft_size":[50,50,50],"kwargs":"Base.Iterators.Pairs{Union{}, Union{}, Tuple{}, NamedTuple{(), Tuple{}}}()","n_kirred":280,"damping":"DFTK.FixedDamping(0.5)","type":"potmix"}