{"done":true,"kgrid":[13,13,13],"mixing":"KerkerMixing(0.8, 0.0)","temperature":0.01,"Ecut":45.0,"lattice":[[0.0,5.490599255100175,5.490599255100175],[5.490599255100175,0.0,5.490599255100175],[5.490599255100175,5.490599255100175,0.0]],"n_electr":51,"n_bands":62,"α":[1.0,1.0,1.0,1.0,1.0,1.0,1.0,1.0,1.0,1.0,1.0,1.0,1.0,1.0,1.0,1.0,1.0,1.0,1.0,1.0,1.0,1.0,1.0,1.0,1.0],"energies":[-326.79194191174975,-314.8413610618751,-368.0970567096773,-369.41842554944316,-368.51757125811764,-369.3466211716195,-367.514135644824,-371.6213754939196,-371.62510803377944,-371.67513476629,-371.66799655841334,-371.6983724458862,-371.69888046326355,-371.6989343645632,-371.69907358482254,-371.69900761808964,-371.69916590007415,-371.69916990562007,-371.6991700491604,-371.69917007045177,-371.69917007104453,-371.69917007175724,-371.6991700717999,-371.6991700718126,-371.69917007181783],"residuals":[660.2738849827304,843.6518893323791,229.72594283313774,168.4486024790411,225.48500533301578,190.9969137692665,236.54675641701414,35.55623280530278,34.44485705646263,19.323469393858357,22.21887639740986,2.4263376973937145,1.15803642374107,1.159103845472085,0.8168793889891612,1.5351213688574257,0.18199569060086224,0.03521068637778377,0.014835655675455911,0.002401959741469923,0.002745923238489284,0.0006041959504029645,0.00042000054481212707,0.00027083789365583034,4.5633776066484996e-5],"smearing":"DFTK.Smearing.Gaussian()","ndiag":[1,1,1,1,1,1,1,1,1,1,1,1,1,1,1,1,1,1,1,1,1,1,1,1,1],"fft_size":[50,50,50],"kwargs":"Base.Iterators.Pairs{Union{}, Union{}, Tuple{}, NamedTuple{(), Tuple{}}}()","n_kirred":280,"damping":"DFTK.FixedDamping(1.0)","type":"potmix"}