{"done":true,"kgrid":[13,13,13],"use_diis":[false,false,false,false,false,false,false,false,false,false,false,false,false,false,false,false,false,false,false,false,false,false,false,false,false,false,false,false,false,false,false,false,false,false,false,false,false,false,false,false,false,false,false,false,false,false,false,false,false,false,false,false,false,false,false,false,false],"mixing":"KerkerMixing(0.8, 0.0)","temperature":0.01,"Ecut":45.0,"lattice":[[0.0,5.490599255100175,5.490599255100175],[5.490599255100175,0.0,5.490599255100175],[5.490599255100175,5.490599255100175,0.0]],"n_electr":51,"n_bands":62,"α":[0.3,0.3,0.3,0.3,0.3,0.3,0.3,0.3,0.3,0.3,0.3,0.3,0.3,0.3,0.3,0.3,0.3,0.3,0.3,0.3,0.3,0.3,0.3,0.3,0.3,0.3,0.3,0.3,0.3,0.3,0.3,0.3,0.3,0.3,0.3,0.3,0.3,0.3,0.3,0.3,0.3,0.3,0.3,0.3,0.3,0.3,0.3,0.3,0.3,0.3,0.3,0.3,0.3,0.3,0.3,0.3,0.3],"energies":[-326.7919419117498,-357.57133622609,-352.05171497906025,-366.8367610600382,-366.90755119685065,-370.7058961453809,-369.82164522272933,-369.94445219550164,-370.5564485963176,-371.6634762816388,-371.67408353945706,-371.69463975484757,-371.69604020597296,-371.6982350485524,-371.69649080158115,-371.6981339474491,-371.69875032113026,-371.6991324460018,-371.6991503020923,-371.69916566900974,-371.6991664594521,-371.6991694347475,-371.6991697545231,-371.6991698756659,-371.6991700601109,-371.69917006979836,-371.699170054468,-371.6991700366115,-371.6991700662781,-371.69917006375437,-371.6991700689081,-371.69917006912027,-371.6991700709208,-371.6991700688174,-371.69917006810846,-371.6991700686079,-371.69917006833197,-371.6991700668651,-371.69917006675956,-371.6991700680402,-371.69917006866547,-371.69917007007086,-371.6991700691382,-371.6991700705783,-371.69917007075856,-371.69917007069375,-371.699170070294,-371.69917007063805,-371.6991700698431,-371.69917006985787,-371.6991700699219,-371.6991700710231,-371.6991700710017,-371.69917007114617,-371.69917007118113,-371.6991700711454,-371.69917007114003],"residuals":[660.2738849827308,354.9305506006495,506.17179145924973,256.03104295833,254.07056436570497,108.9126424233882,155.931230640455,160.64552753900978,120.70859619938955,20.853799798449103,17.06320574012781,6.663873842827312,5.604194854759482,1.13834379822936,5.440559705489974,2.9498686922586623,1.573355591233778,0.5467529460665337,0.37432491276161917,0.08427141143458554,0.12527367143580342,0.0567679058390541,0.03314518215840449,0.04151219505523946,0.00847231642154849,0.0011220147931175345,0.0012412842579927938,0.008020569643179062,0.0009552846078016428,0.0012947026703449297,0.0026360402355884364,0.004176876701199091,0.0020191377265964456,0.0026260812647918726,0.0020087174630037145,0.0011477167620096414,0.0005853343471705685,0.0003751624986055775,0.0009500028857831996,0.0011710284987202545,0.0007316925460276471,0.0008487267466430096,0.0009099121588145989,0.0007101784152348283,0.001019779385594731,0.001061142402571419,0.0007269853823428663,0.0007214571300241788,0.0010090073535129426,0.0005151281024197908,0.0006134552224445871,0.000636628252282165,0.0008032553250855874,0.0007225655009746019,0.0009559725930191014,0.000896619173474341,0.0011040776745863388],"smearing":"DFTK.Smearing.Gaussian()","ndiag":[1,1,1,1,1,1,1,1,1,1,1,1,1,1,1,1,1,1,1,1,1,1,1,1,1,1,1,1,1,1,1,1,1,1,1,1,1,1,1,1,1,1,1,1,1,1,1,1,1,1,1,1,1,1,1,1,1],"fft_size":[50,50,50],"kwargs":"Base.Iterators.Pairs{Union{}, Union{}, Tuple{}, NamedTuple{(), Tuple{}}}()","n_kirred":280,"damping":"DFTK.FixedDamping(0.3)","type":"potmix"}