{"done":true,"kgrid":[13,13,13],"use_diis":[false,false,false,false,false,false,false,false,false,false,false,false,false,false,false,false,false,false,false,false,false,false,false,false,false,false,false,false,false,false,false,false,false,false,false,false,false,false,false,false,false,false,false,false,false,false,false,false],"mixing":"KerkerMixing(0.8, 0.0)","temperature":0.01,"Ecut":45.0,"lattice":[[0.0,5.490599255100175,5.490599255100175],[5.490599255100175,0.0,5.490599255100175],[5.490599255100175,5.490599255100175,0.0]],"n_electr":51,"n_bands":62,"α":[0.4,0.4,0.4,0.4,0.4,0.4,0.4,0.4,0.4,0.4,0.4,0.4,0.4,0.4,0.4,0.4,0.4,0.4,0.4,0.4,0.4,0.4,0.4,0.4,0.4,0.4,0.4,0.4,0.4,0.4,0.4,0.4,0.4,0.4,0.4,0.4,0.4,0.4,0.4,0.4,0.4,0.4,0.4,0.4,0.4,0.4,0.4,0.4],"energies":[-326.7919419117498,-363.6448457010826,-355.16433747904136,-367.723068392841,-370.3066169669759,-365.63341465326897,-371.2558247102606,-371.5840121389495,-371.6833064916885,-371.6490858545977,-371.6917754703345,-371.6947975439466,-371.69695527591483,-371.6973507749524,-371.69876820774215,-371.69907366499166,-371.699059006738,-371.69914680080166,-371.69915516295015,-371.6991692307751,-371.69916972718215,-371.69917004397746,-371.6991700649555,-371.69917003818887,-371.69916999684153,-371.69917005048455,-371.6991700461346,-371.69917005301204,-371.6991700608668,-371.69917006725984,-371.69917006505204,-371.6991700682752,-371.6991700691298,-371.6991700679017,-371.69917006854087,-371.6991700685601,-371.69917006888284,-371.69917006890097,-371.6991700692422,-371.6991700694227,-371.69917007034496,-371.6991700706546,-371.6991700707312,-371.6991700704538,-371.6991700700516,-371.6991700701982,-371.6991700707005,-371.69917007070825],"residuals":[660.2738849827308,338.4869199592709,516.1883614315391,240.96370894676926,146.38402189911855,296.82314755350296,81.69212067001618,37.931632382650484,13.237171104017309,26.784374691876604,8.576179982111997,5.977848003197846,3.7966266273165385,2.4660710700322714,2.0396059973431426,0.257013937284986,0.6337819772255898,0.3491482849513812,0.32338418115989936,0.03902509754015908,0.040877427833477836,0.008254733631252373,0.005929908683168876,0.0037232462034704748,0.00971118749818167,0.0023158874368281192,0.00588856657415763,0.0008758816632581302,0.0027946888178259333,0.001425047653764551,0.0006302260210686155,0.00032414051439216634,0.000440842719555946,0.00029216721758111515,0.00018497459020299487,0.00023624017313605904,0.000351167058856177,0.00039832592985360995,0.00041480924044037435,0.00037460358970157944,0.0005962199899826769,0.0006882265505641454,0.0007736518196616017,0.0012134240090416195,0.0016125041806535811,0.001426111106267556,0.0008351086473211372,0.0007467277585396763],"smearing":"DFTK.Smearing.Gaussian()","ndiag":[1,1,1,1,1,1,1,1,1,1,1,1,1,1,1,1,1,1,1,1,1,1,1,1,1,1,1,1,1,1,1,1,1,1,1,1,1,1,1,1,1,1,1,1,1,1,1,1],"fft_size":[50,50,50],"kwargs":"Base.Iterators.Pairs{Union{}, Union{}, Tuple{}, NamedTuple{(), Tuple{}}}()","n_kirred":280,"damping":"DFTK.FixedDamping(0.4)","type":"potmix"}