{"done":true,"kgrid":[13,13,13],"use_diis":[false,false,false,false,false,false,false,false,false,false,false,false,false,false,false,false,false,false,false,false,false,false,false,false,false,false,false],"mixing":"KerkerMixing(0.8, 0.0)","temperature":0.01,"Ecut":45.0,"lattice":[[0.0,5.490599255100175,5.490599255100175],[5.490599255100175,0.0,5.490599255100175],[5.490599255100175,5.490599255100175,0.0]],"n_electr":51,"n_bands":62,"α":[0.7,0.7,0.7,0.7,0.7,0.7,0.7,0.7,0.7,0.7,0.7,0.7,0.7,0.7,0.7,0.7,0.7,0.7,0.7,0.7,0.7,0.7,0.7,0.7,0.7,0.7,0.7],"energies":[-326.7919419117498,-349.5403077378228,-364.4289364007351,-369.4998218260743,-370.39406024557064,-370.1195249327714,-368.72229952540005,-366.06157765701806,-371.5122298773532,-371.64196883716625,-371.69636644845326,-371.6958903079365,-371.6981867990133,-371.69831478853195,-371.69908475936506,-371.6991598331943,-371.6991635750516,-371.6991633713568,-371.6991699259165,-371.6991700627246,-371.6991700687754,-371.69917007163406,-371.6991700714692,-371.69917007181147,-371.69917007175326,-371.6991700718124,-371.6991700718162],"residuals":[660.2738849827308,511.98175025367937,329.0456809038434,188.62680080732764,145.52015479760783,154.13007484087842,211.38553039837078,290.59006329214657,53.3848878109516,28.614367360576612,4.1539780235952115,5.6543095713570235,1.7066990544283194,2.7762086488512154,0.29184112657996797,0.19593941010962568,0.1876659694282292,0.27813661141854396,0.02402541915527737,0.010309776332284536,0.005950955786504343,0.0013556526382430892,0.0021468029523095075,0.00020236021568238236,0.0002675817140251281,0.00011002996196027036,4.85912853258368e-5],"smearing":"DFTK.Smearing.Gaussian()","ndiag":[1,1,1,1,1,1,1,1,1,1,1,1,1,1,1,1,1,1,1,1,1,1,1,1,1,1,1],"fft_size":[50,50,50],"kwargs":"Base.Iterators.Pairs{Union{}, Union{}, Tuple{}, NamedTuple{(), Tuple{}}}()","n_kirred":280,"damping":"DFTK.FixedDamping(0.7)","type":"potmix"}