{"done":true,"kgrid":[13,13,13],"use_diis":[false,false,false,false,false,false,false,false,false,false,false,false,false,false,false,false,false,false,false,false,false,false,false,false,false,false],"mixing":"KerkerMixing(0.8, 0.0)","temperature":0.01,"Ecut":45.0,"lattice":[[0.0,5.490599255100175,5.490599255100175],[5.490599255100175,0.0,5.490599255100175],[5.490599255100175,5.490599255100175,0.0]],"n_electr":51,"n_bands":62,"α":[0.6,0.6,0.6,0.6,0.6,0.6,0.6,0.6,0.6,0.6,0.6,0.6,0.6,0.6,0.6,0.6,0.6,0.6,0.6,0.6,0.6,0.6,0.6,0.6,0.6,0.6],"energies":[-326.7919419117498,-359.24820702393515,-361.5553638938822,-371.2707698501842,-371.3728514386781,-369.80118416691056,-371.1713930805744,-371.67026894352364,-371.6956693022546,-371.6972894477759,-371.69790288177103,-371.6988430917492,-371.6990541742418,-371.6991337826612,-371.69916630308063,-371.6991695937787,-371.69916962274175,-371.6991700572115,-371.69917007017295,-371.69917007154334,-371.69917007174274,-371.69917007179686,-371.699170071757,-371.69917007172603,-371.6991700718177,-371.6991700718173],"residuals":[660.2738849827308,388.94744421950764,381.5673114458203,79.64134871548212,70.60661151956765,169.0263096959142,84.39828192839775,20.065718509279346,5.894811352628343,4.170989930987222,3.461587400481899,0.5084640919186023,0.7492968379016246,0.5755309617846246,0.15456195612765666,0.056145369078124355,0.08087112620174647,0.013241100061094326,0.0038811904123595203,0.0012051409081107773,0.0005556563001705946,0.0004876990448701699,0.0002580434878027682,0.0003258044244424189,2.923294793331268e-5,2.2469434995470106e-5],"smearing":"DFTK.Smearing.Gaussian()","ndiag":[1,1,1,1,1,1,1,1,1,1,1,1,1,1,1,1,1,1,1,1,1,1,1,1,1,1],"fft_size":[50,50,50],"kwargs":"Base.Iterators.Pairs{Union{}, Union{}, Tuple{}, NamedTuple{(), Tuple{}}}()","n_kirred":280,"damping":"DFTK.FixedDamping(0.6)","type":"potmix"}