{"done":true,"kgrid":[13,13,13],"use_diis":[false,false,false,false,false,false,false,false,false,false,false,false,false,false,false,false,false,false,false,false,false,false,false,false,false,false,false,false,false,false,false,false,false,false,false,false,false,false,false,false,false,false,false,false,false,false,false,false,false,false,false,false,false,false,false,false,false,false,false,false,false,false,false,false,false,false,false,false,false,false,false,false,false,false,false,false,false,false,false,false,false,false,false,false,false,false,false,false,false,false,false,false,false,false,false,false,false,false,false],"mixing":"KerkerMixing(0.8, 0.0)","temperature":0.01,"Ecut":45.0,"lattice":[[0.0,5.490599255100175,5.490599255100175],[5.490599255100175,0.0,5.490599255100175],[5.490599255100175,5.490599255100175,0.0]],"n_electr":51,"n_bands":62,"α":[0.2,0.2,0.2,0.2,0.2,0.2,0.2,0.2,0.2,0.2,0.2,0.2,0.2,0.2,0.2,0.2,0.2,0.2,0.2,0.2,0.2,0.2,0.2,0.2,0.2,0.2,0.2,0.2,0.2,0.2,0.2,0.2,0.2,0.2,0.2,0.2,0.2,0.2,0.2,0.2,0.2,0.2,0.2,0.2,0.2,0.2,0.2,0.2,0.2,0.2,0.2,0.2,0.2,0.2,0.2,0.2,0.2,0.2,0.2,0.2,0.2,0.2,0.2,0.2,0.2,0.2,0.2,0.2,0.2,0.2,0.2,0.2,0.2,0.2,0.2,0.2,0.2,0.2,0.2,0.2,0.2,0.2,0.2,0.2,0.2,0.2,0.2,0.2,0.2,0.2,0.2,0.2,0.2,0.2,0.2,0.2,0.2,0.2,0.2],"energies":[-326.7919419117498,-344.9199626039753,-353.84882222724616,-364.86659146331,-364.65034623389636,-371.35773294752386,-370.78823691061535,-358.67469396449746,-359.6879602860695,-367.85979235652957,-371.6049561673914,-370.9535150945596,-370.9778797941643,-370.8546904895414,-371.68211484956186,-371.69083754802983,-371.69193191296256,-371.69400008131765,-371.69568536616526,-371.68219246957756,-371.6882818887273,-371.6943552197961,-371.6958049910094,-371.6948114636696,-371.6972790580733,-371.6970181683617,-371.69756275096995,-371.6980510419606,-371.69883548960746,-371.69893583319185,-371.6991273738218,-371.69909842992405,-371.69915785355965,-371.69916356601027,-371.6991377081773,-371.6991487367173,-371.69915392814266,-371.6991563677744,-371.6991594318955,-371.6991600086156,-371.69916030869996,-371.6991632650687,-371.6991642583708,-371.6991636703465,-371.6991642439268,-371.6991640178156,-371.69916340085956,-371.6991649780446,-371.6991645815155,-371.6991645822359,-371.69916513917366,-371.6991641672958,-371.69916499574026,-371.6991647630283,-371.6991651453635,-371.6991670460028,-371.6991665587178,-371.69916599536185,-371.69916556237354,-371.69916531037194,-371.6991648384355,-371.6991651553433,-371.69916479657024,-371.6991646446345,-371.6991651898187,-371.69916512373317,-371.69916665894755,-371.69916692102555,-371.69916583521547,-371.6991668871929,-371.69916767529475,-371.69916768259804,-371.6991673963447,-371.6991676506652,-371.699167590418,-371.69916742715355,-371.69916770704896,-371.6991679194711,-371.6991678144778,-371.69916804032135,-371.69916817188175,-371.69916821632717,-371.69916853602655,-371.69916855624103,-371.69916843510805,-371.6991684082341,-371.69916827523383,-371.69916830757256,-371.69916839125716,-371.6991683825608,-371.69916852977207,-371.69916849756,-371.6991686235729,-371.6991684324675,-371.69916834927125,-371.69916838394624,-371.69916859882414,-371.69916848518005,-371.6991686474504],"residuals":[660.2738849827302,482.93477466609306,465.6916089854915,332.3292290666723,337.7884829325722,83.90928466724478,120.52806607675271,447.3010544226357,434.08825468899164,239.8960944262712,36.097716845923934,105.95816275246885,104.34960573586797,112.82488354793458,13.535431128767778,6.501651895051937,6.970034296108948,5.853100487161562,4.573701280587316,15.711135967285829,12.384607535607424,7.838354734241266,5.533940364373159,7.315697530675009,2.509154793117098,3.033782645116282,3.070839810951379,2.908452916686525,0.804650544611457,0.40628016405985007,0.44476714019011554,0.4181924072989975,0.11972002753289675,0.08366353987494264,0.17126713797916357,0.07300522313519278,0.08828889863043861,0.03599621412894242,0.03153366082765049,0.026813152609311566,0.03908575348169792,0.030186099658234697,0.034654230677160135,0.043525292394428865,0.05538408543070371,0.04094202093373877,0.05143295952443812,0.041538503746523875,0.05411331394645154,0.05396742574931689,0.05691711746002949,0.06937465304740396,0.04772346535320965,0.054404203492775305,0.06085363628955276,0.05202792839352642,0.052252193151068084,0.06072863902565674,0.0648804886815204,0.0663800218184671,0.07637387556457298,0.10654587090751833,0.10635699800864297,0.08945136840371173,0.09351419251174593,0.09178495923480492,0.06021793652205763,0.04098060778969829,0.06483789477232528,0.024286594492690373,0.0340484970901212,0.017622937128333585,0.014898401723703056,0.0598538248896024,0.05936476685775985,0.02012882149425482,0.051038748362293156,0.08153458023270022,0.06091010885824938,0.07192766190361595,0.0694518629408249,0.07535478691697538,0.07457051479415808,0.05288518236899349,0.04339905396498863,0.03984729332884507,0.0424237377730742,0.04183155089128247,0.042027294716286176,0.05910775419713763,0.044903703840153825,0.04098415619659352,0.048470441491487236,0.054162622604024345,0.08739433170241162,0.06506120105265356,0.07635622692314635,0.07479613914562415,0.07124545953455949],"smearing":"DFTK.Smearing.Gaussian()","ndiag":[1,1,1,1,1,1,1,1,1,1,1,1,1,1,1,1,1,1,1,1,1,1,1,1,1,1,1,1,1,1,1,1,1,1,1,1,1,1,1,1,1,1,1,1,1,1,1,1,1,1,1,1,1,1,1,1,1,1,1,1,1,1,1,1,1,1,1,1,1,1,1,1,1,1,1,1,1,1,1,1,1,1,1,1,1,1,1,1,1,1,1,1,1,1,1,1,1,1,1],"fft_size":[50,50,50],"kwargs":"Base.Iterators.Pairs{Union{}, Union{}, Tuple{}, NamedTuple{(), Tuple{}}}()","n_kirred":280,"damping":"DFTK.FixedDamping(0.2)","type":"potmix"}