{"done":true,"kgrid":[13,13,13],"mixing":"KerkerMixing(0.8, 0.0)","temperature":0.01,"Ecut":45.0,"lattice":[[0.0,5.502882474910242,5.502882474910242],[5.502882474910242,0.0,5.502882474910242],[5.502882474910242,5.502882474910242,0.0]],"n_electr":49,"n_bands":59,"α":[0.3,0.3,0.3,0.3,0.3,0.3,0.3,0.3,0.3,0.3,0.3,0.3,0.3,0.3,0.3,0.3,0.3,0.3,0.3,0.3,0.3,0.3,0.3,0.3,0.3,0.3,0.3,0.3,0.3,0.3,0.3,0.3,0.3],"energies":[-292.8700496342861,-320.8477301619363,-309.53847059998577,-321.0835621950784,-320.27408126525205,-327.22191193327006,-326.5760810549628,-319.2854479623108,-333.23461601782674,-333.27020492588764,-332.90501862429875,-333.0872931114503,-333.2973777490072,-333.30118943266217,-333.3023552172066,-333.30374393123674,-333.3040932876939,-333.30289719991214,-333.30477103459674,-333.30497416510383,-333.30524597649634,-333.3052589870706,-333.30527076445765,-333.30527220671934,-333.3052727913548,-333.3052729613632,-333.30527299602215,-333.30527300767386,-333.3052730103115,-333.3052730111912,-333.30527301158304,-333.3052730117297,-333.3052730117321],"residuals":[626.3202166913103,331.5421219111495,579.4739216575834,397.23617488504937,410.01798638271725,290.38871009295536,305.79736680298464,452.27255661776627,35.43657932514519,24.73771917266707,74.56730722731862,54.49413604130019,7.023220880897772,2.0709593945085776,1.1879701758969763,1.4626771077494116,1.445515584700036,3.8030208430018515,0.6537502778846916,0.4728957234438724,0.2989399534508882,0.12258755670204553,0.13409840503198345,0.04177574839587444,0.03183707303047978,0.018917892519648708,0.00832323771578892,0.002556582602275569,0.001817107719964108,0.0008677619057217769,0.0006390608893393789,0.00029775032804727874,0.0002177795527176003],"smearing":"DFTK.Smearing.Gaussian()","ndiag":[1,1,1,1,1,1,1,1,1,1,1,1,1,1,1,1,1,1,1,1,1,1,1,1,1,1,1,1,1,1,1,1,1],"fft_size":[50,50,50],"kwargs":"Base.Iterators.Pairs{Symbol, DFTK.AndersonAcceleration, Tuple{Symbol}, NamedTuple{(:acceleration,), Tuple{DFTK.AndersonAcceleration}}}(:acceleration => DFTK.AndersonAcceleration(10, Any[], Any[], 100.0))","n_kirred":168,"damping":"DFTK.FixedDamping(0.3)","type":"potmix"}